[
    {
        "model": "timelyapp.business",
        "pk": "biz_4iCyEKhCFaNBGGahn3Rn4i",
        "fields": {
            "is_member": true,
            "is_individual": false,
            "business_name": "Acme Supplies",
            "billing_address": 1,
            "shipping_address": null,
            "date_joined": "2021-03-01",
            "business_email": "nick.fournier@berkeley.edu",
            "business_phone": "555-555-5555",
            "business_fax": null,
            "stripe_act_id": "acct_1JDpru2Ex7Z79PyO",
            "stripe_cus_id": "cus_JvPwFpPMrKdrNU"
        }
    },
    {
        "model": "timelyapp.business",
        "pk": "biz_XhLAvUW63VuD4vfuCtEZKw",
        "fields": {
            "is_member": true,
            "is_individual": false,
            "business_name": "Beehive Co.",
            "billing_address": 2,
            "shipping_address": null,
            "date_joined": "2021-03-01",
            "business_email": "omar.mohamed@berkeley.edu",
            "business_phone": "555-555-5555",
            "business_fax": null,
            "stripe_act_id": "acct_1JDcak2HzyuoAy7h",
            "stripe_cus_id": "cus_JvQ1UCAmTJt5nR"
        }
    },
    {
        "model": "timelyapp.business",
        "pk": "biz_Cz9xETFw7mt6edtQdUYKhJ",
        "fields": {
            "is_member": true,
            "is_individual": false,
            "business_name": "Third National Business",
            "billing_address": 3,
            "shipping_address": null,
            "date_joined": "2021-03-01",
            "business_email": "businessemail@three.com",
            "business_phone": "555-555-5555",
            "business_fax": null
        }
    },
    {
        "model": "timelyapp.business",
        "pk": "biz_D3FraiLKpJicT9CdJhwwYc",
        "fields": {
            "is_member": true,
            "is_individual": false,
            "business_name": "Fourth Street Store",
            "billing_address": 4,
            "shipping_address": null,
            "date_joined": "2021-03-01",
            "business_email": "businessemail@FOUR.com",
            "business_phone": "555-555-5555",
            "business_fax": null
        }
    },
    {
        "model": "timelyapp.address",
        "pk": 1,
        "fields": {
            "address_1": "1880 Page St",
            "address_2": null,
            "city": "San Francisco",
            "state": "CA",
            "zip_code": "94117",
            "country": "USA"
        }
    },
    {
        "model": "timelyapp.address",
        "pk": 2,
        "fields": {
            "address_1": "1 Somewhere Ave",
            "address_2": null,
            "city": "Northcote",
            "state": "VIC",
            "zip_code": "3070",
            "country": "AU"
        }
    },
    {
        "model": "timelyapp.address",
        "pk": 3,
        "fields": {
            "address_1": "1 Powlett S",
            "address_2": null,
            "city": "East Melbourne",
            "state": "VIC",
            "zip_code": "3002",
            "country": "AU"
        }
    },
    {
        "model": "timelyapp.address",
        "pk": 4,
        "fields": {
            "address_1": "1 Commonwealth Ave",
            "address_2": null,
            "city": "Boston",
            "state": "MA",
            "zip_code": "02116",
            "country": "USA"
        }
    },
    {
        "model": "timelyapp.discount",
        "pk": 1,
        "fields": {
            "discount_code": "NONE",
            "description": "No discount",
            "discount_ratio": 1.0
        }
    },
    {
        "model": "timelyapp.payments",
        "pk": 1,
        "fields": {
            "type": "ACH"
        }
    },
    {
        "model": "timelyapp.payments",
        "pk": 2,
        "fields": {
            "type": "CREDIT"
        }
    },
    {
        "model": "timelyapp.payments",
        "pk": 3,
        "fields": {
            "type": "CHECK"
        }
    },
    {
        "model": "timelyapp.inventory",
        "pk": "itm_SZFxbfXaTJBWwjWExtnVfu",
        "fields": {
            "business": "biz_4iCyEKhCFaNBGGahn3Rn4i",
            "last_updated": "2021-03-03",
            "item_name": "Some Widget",
            "description": "A business widget for vertical synergy jargon",
            "quantity_in_stock": 1000,
            "item_unit": "pc",
            "unit_price": 10,
            "currency": "USD"
        }
    },
    {
        "model": "timelyapp.inventory",
        "pk": "itm_VaDg3wAD9GaCWQQm3QyVNF",
        "fields": {
            "business": "biz_4iCyEKhCFaNBGGahn3Rn4i",
            "last_updated": "2021-03-03",
            "item_name": "A Different Widget",
            "description": "A widget for backward overflow jargon",
            "quantity_in_stock": 1000,
            "item_unit": "pc",
            "unit_price": 20,
            "currency": "USD"
        }
    },
    {
        "model": "timelyapp.inventory",
        "pk": "itm_apbLZLTJKfECq39JKDhNVz",
        "fields": {
            "business": "biz_XhLAvUW63VuD4vfuCtEZKw",
            "last_updated": "2021-03-13",
            "item_name": "Professional Services",
            "description": "Overpriced Legal/Technical/Medical services that you cannot afford to avoid.",
            "quantity_in_stock": 1000,
            "item_unit": "hrs",
            "unit_price": 10,
            "currency": "USD"
        }
    },
    {
        "model": "timelyapp.inventory",
        "pk": "itm_kiTehBv64Fay8LwZ7dHVHk",
        "fields": {
            "business": "biz_XhLAvUW63VuD4vfuCtEZKw",
            "last_updated": "2021-03-13",
            "item_name": "Infeasibility Consulting Study",
            "description": "A big useless report on what you want to hear",
            "quantity_in_stock": 1000,
            "item_unit": "hrs",
            "unit_price": 20,
            "currency": "USD"
        }
    },
    {
        "model": "timelyapp.taxes",
        "pk": "tax_4iCyEKhCFaNBGGahn3Rn4i",
        "fields": {
            "percentage": 7.25,
            "display_name": "CA Sales Tax",
            "abbreviation": "CA1",
            "description": "CA state sales tax rate",
            "zipcode": null,
            "city": null,
            "state": "CA",
            "country": "USA",
            "business_id": "biz_4iCyEKhCFaNBGGahn3Rn4i",
            "compound": true
        }
    },
    {
        "model": "timelyapp.taxes",
        "pk": "tax_XhLAvUW63VuD4vfuCtEZKw",
        "fields": {
            "percentage": 7.25,
            "display_name": "CA Sales Tax",
            "abbreviation": "CA1",
            "description": "CA state sales tax rate",
            "zipcode": null,
            "city": null,
            "state": "CA",
            "country": "USA",
            "business_id": "biz_XhLAvUW63VuD4vfuCtEZKw",
            "compound": true
        }
    },
    {
        "model": "timelyapp.taxes",
        "pk": "tax_TNpDwGRpCu2QbU5MDWexRa",
        "fields": {
            "percentage": 1.25,
            "display_name": "SF County Sales Tax",
            "abbreviation": "SF1",
            "description": "San Francisco County Sales Tax",
            "zipcode": null,
            "city": "San Francisco",
            "state": "CA",
            "country": "USA",
            "business_id": "biz_4iCyEKhCFaNBGGahn3Rn4i",
            "compound": true
        }
    },
    {
        "model": "timelyapp.customuser",
        "pk": "usr_ggAYZRZkbM2aqw4zR6k5wT",
        "fields": {
            "business": "biz_4iCyEKhCFaNBGGahn3Rn4i",
            "password": "pbkdf2_sha256$260000$IUq4JkpiyMAjtPI85AMuog$hr++YQCxhTKDW/LHfdSij1+qzgfyRexLouANDTa36VI=",
            "last_login": "2021-04-29T16:24:18.247Z",
            "is_superuser": false,
            "email": "nick@nick.com",
            "first_name": "Nick",
            "last_name": "Fournier",
            "role": "OWNER",
            "is_active": true,
            "date_joined": "2021-04-29T16:24:17.960Z",
            "groups": [],
            "user_permissions": []
        }
    },
    {
        "model": "account.emailaddress",
        "pk": 1,
        "fields": {
            "verified": true,
            "primary": true,
            "user_id": "usr_ggAYZRZkbM2aqw4zR6k5wT",
            "email": "nick@nick.com"
        }
    },
    {
        "model": "timelyapp.customuser",
        "pk": "usr_C82raN5JFCoWVQGAeDLRxa",
        "fields": {
            "business": "biz_XhLAvUW63VuD4vfuCtEZKw",
            "password": "pbkdf2_sha256$260000$vZXc8TF9Kx01u0lVbEhj63$5qvugVywe6WMc1jftHcOY/g1KIBkYARFpbq2ic0Mwas=",
            "last_login": "2021-04-29T16:24:51.077Z",
            "is_superuser": false,
            "email": "omar@omar.com",
            "first_name": "Omar",
            "last_name": "Mohamed",
            "role": "OWNER",
            "is_active": true,
            "date_joined": "2021-04-29T16:24:50.849Z",
            "groups": [],
            "user_permissions": []
        }
    },
    {
        "model": "account.emailaddress",
        "pk": 2,
        "fields": {
            "verified": true,
            "primary": true,
            "user_id": "usr_C82raN5JFCoWVQGAeDLRxa",
            "email": "omar@omar.com"
        }
    },
    {
        "model": "timelyapp.customuser",
        "pk": "usr_hsgrVXy6qPYKLeq9Y7GaK2",
        "fields": {
            "business": "biz_Cz9xETFw7mt6edtQdUYKhJ",
            "password": "pbkdf2_sha256$260000$vZXc8TF9Kx01u0lVbEhj63$5qvugVywe6WMc1jftHcOY/g1KIBkYARFpbq2ic0Mwas=",
            "last_login": "2021-04-29T16:24:51.077Z",
            "is_superuser": false,
            "email": "adel@adel.com",
            "first_name": "Adel",
            "last_name": "Kafouri",
            "role": "OWNER",
            "is_active": true,
            "date_joined": "2021-04-29T16:24:50.849Z",
            "groups": [],
            "user_permissions": []
        }
    },
    {
        "model": "account.emailaddress",
        "pk": 3,
        "fields": {
            "verified": true,
            "primary": true,
            "user_id": "usr_hsgrVXy6qPYKLeq9Y7GaK2",
            "email": "adel@adel.com"
        }
    },
    {
        "model": "timelyapp.customuser",
        "pk": "usr_BfTQQwPGfk9ubvskvx4uzB",
        "fields": {
            "business": "biz_D3FraiLKpJicT9CdJhwwYc",
            "password": "pbkdf2_sha256$260000$vZXc8TF9Kx01u0lVbEhj63$5qvugVywe6WMc1jftHcOY/g1KIBkYARFpbq2ic0Mwas=",
            "last_login": "2021-04-29T16:24:51.077Z",
            "is_superuser": false,
            "email": "test@test.com",
            "first_name": "Test",
            "last_name": "Test",
            "role": "OWNER",
            "is_active": true,
            "date_joined": "2021-04-29T16:24:50.849Z",
            "groups": [],
            "user_permissions": []
        }
    },
    {
        "model": "account.emailaddress",
        "pk": 4,
        "fields": {
            "verified": true,
            "primary": true,
            "user_id": "usr_BfTQQwPGfk9ubvskvx4uzB",
            "email": "test@test.com"
        }
    },
    {
        "model": "timelyapp.order",
        "pk": "ord_LhmF7HjTRGcp6v95qVeP2s",
        "fields": {
            "invoice": "inv_kBbt2kzgTbi8CuHRWRKxQ4",
            "discount_code": 1,
            "item_name": "A Different Widget",
            "item_description": "A widget for backward overflow jargon",
            "quantity_purchased": 7,
            "unit_price": 20,
            "item_price": 140,
            "item_total_price": 151.9,
            "item_tax_rates": [
                "tax_4iCyEKhCFaNBGGahn3Rn4i",
                "tax_TNpDwGRpCu2QbU5MDWexRa"
            ],
            "item_tax_amt": 11.9
        }
    },
    {
        "model": "timelyapp.order",
        "pk": "ord_itF5F5DJA7amyh9fSq8Hqx",
        "fields": {
            "invoice": "inv_kBbt2kzgTbi8CuHRWRKxQ4",
            "discount_code": 1,
            "item_name": "A Different Widget",
            "item_description": "A widget for backward overflow jargon",
            "quantity_purchased": 9,
            "unit_price": 20,
            "item_price": 180,
            "item_total_price": 195.3,
            "item_tax_rates": [
                "tax_4iCyEKhCFaNBGGahn3Rn4i",
                "tax_TNpDwGRpCu2QbU5MDWexRa"
            ],
            "item_tax_amt": 15.3
        }
    },
    {
        "model": "timelyapp.order",
        "pk": "ord_8cUAAmVhbWuf7QjAVQBuTf",
        "fields": {
            "invoice": "inv_kBbt2kzgTbi8CuHRWRKxQ4",
            "discount_code": 1,
            "item_name": "A Different Widget",
            "item_description": "A widget for backward overflow jargon",
            "quantity_purchased": 5,
            "unit_price": 20,
            "item_price": 100,
            "item_total_price": 108.5,
            "item_tax_rates": [
                "tax_4iCyEKhCFaNBGGahn3Rn4i",
                "tax_TNpDwGRpCu2QbU5MDWexRa"
            ],
            "item_tax_amt": 8.5
        }
    },
    {
        "model": "timelyapp.order",
        "pk": "ord_HRSFeRLTeJMQo4qyrdQd96",
        "fields": {
            "invoice": "inv_kBbt2kzgTbi8CuHRWRKxQ4",
            "discount_code": 1,
            "item_name": "Professional Services",
            "item_description": "Overpriced Legal/Technical/Medical services that you cannot afford to avoid.",
            "quantity_purchased": 10,
            "unit_price": 10,
            "item_price": 100,
            "item_total_price": 108.5,
            "item_tax_rates": [
                "tax_4iCyEKhCFaNBGGahn3Rn4i",
                "tax_TNpDwGRpCu2QbU5MDWexRa"
            ],
            "item_tax_amt": 8.5
        }
    },
    {
        "model": "timelyapp.order",
        "pk": "ord_nPERkKDuDTaQBTWdXsSsJL",
        "fields": {
            "invoice": "inv_kBbt2kzgTbi8CuHRWRKxQ4",
            "discount_code": 1,
            "item_name": "Infeasibility Consulting Study",
            "item_description": "A big useless report on what you want to hear",
            "quantity_purchased": 5,
            "unit_price": 20,
            "item_price": 100,
            "item_total_price": 108.5,
            "item_tax_rates": [
                "tax_4iCyEKhCFaNBGGahn3Rn4i",
                "tax_TNpDwGRpCu2QbU5MDWexRa"
            ],
            "item_tax_amt": 8.5
        }
    },
    {
        "model": "timelyapp.order",
        "pk": "ord_3QfmtuqhjKzh3GN88AmjuD",
        "fields": {
            "invoice": "inv_kBbt2kzgTbi8CuHRWRKxQ4",
            "discount_code": 1,
            "item_name": "Infeasibility Consulting Study",
            "item_description": "A big useless report on what you want to hear",
            "quantity_purchased": 10,
            "unit_price": 20,
            "item_price": 200,
            "item_total_price": 217.0,
            "item_tax_rates": [
                "tax_4iCyEKhCFaNBGGahn3Rn4i",
                "tax_TNpDwGRpCu2QbU5MDWexRa"
            ],
            "item_tax_amt": 17.0
        }
    },
    {
        "model": "timelyapp.invoice",
        "pk": "inv_kBbt2kzgTbi8CuHRWRKxQ4",
        "fields": {
            "invoice_name": "AS22000001",
            "date_sent": "2022-05-22",
            "date_due": "2022-08-20",
            "bill_from": "biz_4iCyEKhCFaNBGGahn3Rn4i",
            "bill_to": "biz_D3FraiLKpJicT9CdJhwwYc",
            "terms": "NET90",
            "invoice_price": 889.7,
            "invoice_tax_amt": 69.7,
            "invoice_total_price": 959.4000000000001,
            "currency": "USD",
            "is_flagged": false,
            "is_scheduled": true,
            "is_paid": false
        }
    },
    {
        "model": "timelyapp.order",
        "pk": "ord_ghkq7ZFLHBNEHWoYx7EjXp",
        "fields": {
            "invoice": "inv_9yW5d7GvUJfamYEuVS3XqE",
            "discount_code": 1,
            "item_name": "Professional Services",
            "item_description": "Overpriced Legal/Technical/Medical services that you cannot afford to avoid.",
            "quantity_purchased": 10,
            "unit_price": 10,
            "item_price": 100,
            "item_total_price": 108.5,
            "item_tax_rates": [
                "tax_4iCyEKhCFaNBGGahn3Rn4i",
                "tax_TNpDwGRpCu2QbU5MDWexRa"
            ],
            "item_tax_amt": 8.5
        }
    },
    {
        "model": "timelyapp.order",
        "pk": "ord_5XSBRFAt5uDPueWE9tszKx",
        "fields": {
            "invoice": "inv_9yW5d7GvUJfamYEuVS3XqE",
            "discount_code": 1,
            "item_name": "Professional Services",
            "item_description": "Overpriced Legal/Technical/Medical services that you cannot afford to avoid.",
            "quantity_purchased": 1,
            "unit_price": 10,
            "item_price": 10,
            "item_total_price": 10.85,
            "item_tax_rates": [
                "tax_4iCyEKhCFaNBGGahn3Rn4i",
                "tax_TNpDwGRpCu2QbU5MDWexRa"
            ],
            "item_tax_amt": 0.85
        }
    },
    {
        "model": "timelyapp.order",
        "pk": "ord_WzuHXxxpN44HR6mqpTfhDY",
        "fields": {
            "invoice": "inv_9yW5d7GvUJfamYEuVS3XqE",
            "discount_code": 1,
            "item_name": "Some Widget",
            "item_description": "A business widget for vertical synergy jargon",
            "quantity_purchased": 10,
            "unit_price": 10,
            "item_price": 100,
            "item_total_price": 108.5,
            "item_tax_rates": [
                "tax_4iCyEKhCFaNBGGahn3Rn4i",
                "tax_TNpDwGRpCu2QbU5MDWexRa"
            ],
            "item_tax_amt": 8.5
        }
    },
    {
        "model": "timelyapp.order",
        "pk": "ord_V9Pg3ch53sJRCvA2JtmxTv",
        "fields": {
            "invoice": "inv_9yW5d7GvUJfamYEuVS3XqE",
            "discount_code": 1,
            "item_name": "Infeasibility Consulting Study",
            "item_description": "A big useless report on what you want to hear",
            "quantity_purchased": 9,
            "unit_price": 20,
            "item_price": 180,
            "item_total_price": 195.3,
            "item_tax_rates": [
                "tax_4iCyEKhCFaNBGGahn3Rn4i",
                "tax_TNpDwGRpCu2QbU5MDWexRa"
            ],
            "item_tax_amt": 15.3
        }
    },
    {
        "model": "timelyapp.order",
        "pk": "ord_dqCGe35Pa8GNdv9d54R3FX",
        "fields": {
            "invoice": "inv_9yW5d7GvUJfamYEuVS3XqE",
            "discount_code": 1,
            "item_name": "Some Widget",
            "item_description": "A business widget for vertical synergy jargon",
            "quantity_purchased": 6,
            "unit_price": 10,
            "item_price": 60,
            "item_total_price": 65.1,
            "item_tax_rates": [
                "tax_4iCyEKhCFaNBGGahn3Rn4i",
                "tax_TNpDwGRpCu2QbU5MDWexRa"
            ],
            "item_tax_amt": 5.1
        }
    },
    {
        "model": "timelyapp.order",
        "pk": "ord_g5ac9F6drfbmMyYPgb2pi7",
        "fields": {
            "invoice": "inv_9yW5d7GvUJfamYEuVS3XqE",
            "discount_code": 1,
            "item_name": "Some Widget",
            "item_description": "A business widget for vertical synergy jargon",
            "quantity_purchased": 6,
            "unit_price": 10,
            "item_price": 60,
            "item_total_price": 65.1,
            "item_tax_rates": [
                "tax_4iCyEKhCFaNBGGahn3Rn4i",
                "tax_TNpDwGRpCu2QbU5MDWexRa"
            ],
            "item_tax_amt": 5.1
        }
    },
    {
        "model": "timelyapp.order",
        "pk": "ord_eJLStU4nfQM9vka8MPHnZN",
        "fields": {
            "invoice": "inv_9yW5d7GvUJfamYEuVS3XqE",
            "discount_code": 1,
            "item_name": "A Different Widget",
            "item_description": "A widget for backward overflow jargon",
            "quantity_purchased": 7,
            "unit_price": 20,
            "item_price": 140,
            "item_total_price": 151.9,
            "item_tax_rates": [
                "tax_4iCyEKhCFaNBGGahn3Rn4i",
                "tax_TNpDwGRpCu2QbU5MDWexRa"
            ],
            "item_tax_amt": 11.9
        }
    },
    {
        "model": "timelyapp.order",
        "pk": "ord_ajytrEztt9aPzJcJyhuJ6J",
        "fields": {
            "invoice": "inv_9yW5d7GvUJfamYEuVS3XqE",
            "discount_code": 1,
            "item_name": "Professional Services",
            "item_description": "Overpriced Legal/Technical/Medical services that you cannot afford to avoid.",
            "quantity_purchased": 7,
            "unit_price": 10,
            "item_price": 70,
            "item_total_price": 75.95,
            "item_tax_rates": [
                "tax_4iCyEKhCFaNBGGahn3Rn4i",
                "tax_TNpDwGRpCu2QbU5MDWexRa"
            ],
            "item_tax_amt": 5.95
        }
    },
    {
        "model": "timelyapp.order",
        "pk": "ord_gwoMHcAbM7PpmLH3woLTcY",
        "fields": {
            "invoice": "inv_9yW5d7GvUJfamYEuVS3XqE",
            "discount_code": 1,
            "item_name": "Professional Services",
            "item_description": "Overpriced Legal/Technical/Medical services that you cannot afford to avoid.",
            "quantity_purchased": 6,
            "unit_price": 10,
            "item_price": 60,
            "item_total_price": 65.1,
            "item_tax_rates": [
                "tax_4iCyEKhCFaNBGGahn3Rn4i",
                "tax_TNpDwGRpCu2QbU5MDWexRa"
            ],
            "item_tax_amt": 5.1
        }
    },
    {
        "model": "timelyapp.invoice",
        "pk": "inv_9yW5d7GvUJfamYEuVS3XqE",
        "fields": {
            "invoice_name": "AS22000002",
            "date_sent": "2022-06-25",
            "date_due": "2022-07-25",
            "bill_from": "biz_4iCyEKhCFaNBGGahn3Rn4i",
            "bill_to": "biz_XhLAvUW63VuD4vfuCtEZKw",
            "terms": "NET30",
            "invoice_price": 846.3000000000001,
            "invoice_tax_amt": 66.30000000000001,
            "invoice_total_price": 912.6000000000001,
            "currency": "USD",
            "is_flagged": true,
            "is_scheduled": true,
            "is_paid": false
        }
    },
    {
        "model": "timelyapp.order",
        "pk": "ord_7QucCReMEsUzr4kJLKkF8Q",
        "fields": {
            "invoice": "inv_mQaerauDFxVTt88vsQSsvZ",
            "discount_code": 1,
            "item_name": "Some Widget",
            "item_description": "A business widget for vertical synergy jargon",
            "quantity_purchased": 4,
            "unit_price": 10,
            "item_price": 40,
            "item_total_price": 43.4,
            "item_tax_rates": [
                "tax_4iCyEKhCFaNBGGahn3Rn4i",
                "tax_TNpDwGRpCu2QbU5MDWexRa"
            ],
            "item_tax_amt": 3.4
        }
    },
    {
        "model": "timelyapp.order",
        "pk": "ord_U4Zja4QFB3AXp58z5ZzzEH",
        "fields": {
            "invoice": "inv_mQaerauDFxVTt88vsQSsvZ",
            "discount_code": 1,
            "item_name": "Infeasibility Consulting Study",
            "item_description": "A big useless report on what you want to hear",
            "quantity_purchased": 6,
            "unit_price": 20,
            "item_price": 120,
            "item_total_price": 130.2,
            "item_tax_rates": [
                "tax_4iCyEKhCFaNBGGahn3Rn4i",
                "tax_TNpDwGRpCu2QbU5MDWexRa"
            ],
            "item_tax_amt": 10.2
        }
    },
    {
        "model": "timelyapp.order",
        "pk": "ord_mRfS3ZkFy9Rk8eJnARAXa9",
        "fields": {
            "invoice": "inv_mQaerauDFxVTt88vsQSsvZ",
            "discount_code": 1,
            "item_name": "A Different Widget",
            "item_description": "A widget for backward overflow jargon",
            "quantity_purchased": 10,
            "unit_price": 20,
            "item_price": 200,
            "item_total_price": 217.0,
            "item_tax_rates": [
                "tax_4iCyEKhCFaNBGGahn3Rn4i",
                "tax_TNpDwGRpCu2QbU5MDWexRa"
            ],
            "item_tax_amt": 17.0
        }
    },
    {
        "model": "timelyapp.invoice",
        "pk": "inv_mQaerauDFxVTt88vsQSsvZ",
        "fields": {
            "invoice_name": "FS22000003",
            "date_sent": "2022-03-11",
            "date_due": "2022-04-10",
            "bill_from": "biz_D3FraiLKpJicT9CdJhwwYc",
            "bill_to": "biz_XhLAvUW63VuD4vfuCtEZKw",
            "terms": "NET30",
            "invoice_price": 390.6,
            "invoice_tax_amt": 30.6,
            "invoice_total_price": 421.20000000000005,
            "currency": "USD",
            "is_flagged": false,
            "is_scheduled": true,
            "is_paid": false
        }
    },
    {
        "model": "timelyapp.order",
        "pk": "ord_jQv7WX8o5VLoSzM2vw2wFd",
        "fields": {
            "invoice": "inv_ec4RtUyMYPseLXJM4cvxdv",
            "discount_code": 1,
            "item_name": "A Different Widget",
            "item_description": "A widget for backward overflow jargon",
            "quantity_purchased": 1,
            "unit_price": 20,
            "item_price": 20,
            "item_total_price": 21.7,
            "item_tax_rates": [
                "tax_4iCyEKhCFaNBGGahn3Rn4i",
                "tax_TNpDwGRpCu2QbU5MDWexRa"
            ],
            "item_tax_amt": 1.7
        }
    },
    {
        "model": "timelyapp.invoice",
        "pk": "inv_ec4RtUyMYPseLXJM4cvxdv",
        "fields": {
            "invoice_name": "TN22000004",
            "date_sent": "2022-02-28",
            "date_due": "2022-03-10",
            "bill_from": "biz_Cz9xETFw7mt6edtQdUYKhJ",
            "bill_to": "biz_4iCyEKhCFaNBGGahn3Rn4i",
            "terms": "NET10",
            "invoice_price": 21.7,
            "invoice_tax_amt": 1.7,
            "invoice_total_price": 23.4,
            "currency": "USD",
            "is_flagged": true,
            "is_scheduled": false,
            "is_paid": false
        }
    },
    {
        "model": "timelyapp.order",
        "pk": "ord_PtcwhPirgYFGroprffihPD",
        "fields": {
            "invoice": "inv_ba3NZWLsThTDwdMMUjnbyF",
            "discount_code": 1,
            "item_name": "Infeasibility Consulting Study",
            "item_description": "A big useless report on what you want to hear",
            "quantity_purchased": 1,
            "unit_price": 20,
            "item_price": 20,
            "item_total_price": 21.7,
            "item_tax_rates": [
                "tax_4iCyEKhCFaNBGGahn3Rn4i",
                "tax_TNpDwGRpCu2QbU5MDWexRa"
            ],
            "item_tax_amt": 1.7
        }
    },
    {
        "model": "timelyapp.order",
        "pk": "ord_D2yFTEp5st7geyrRwgpJ69",
        "fields": {
            "invoice": "inv_ba3NZWLsThTDwdMMUjnbyF",
            "discount_code": 1,
            "item_name": "A Different Widget",
            "item_description": "A widget for backward overflow jargon",
            "quantity_purchased": 6,
            "unit_price": 20,
            "item_price": 120,
            "item_total_price": 130.2,
            "item_tax_rates": [
                "tax_4iCyEKhCFaNBGGahn3Rn4i",
                "tax_TNpDwGRpCu2QbU5MDWexRa"
            ],
            "item_tax_amt": 10.2
        }
    },
    {
        "model": "timelyapp.order",
        "pk": "ord_EJN9HqzGUsVWWqqQo7uHiB",
        "fields": {
            "invoice": "inv_ba3NZWLsThTDwdMMUjnbyF",
            "discount_code": 1,
            "item_name": "Professional Services",
            "item_description": "Overpriced Legal/Technical/Medical services that you cannot afford to avoid.",
            "quantity_purchased": 2,
            "unit_price": 10,
            "item_price": 20,
            "item_total_price": 21.7,
            "item_tax_rates": [
                "tax_4iCyEKhCFaNBGGahn3Rn4i",
                "tax_TNpDwGRpCu2QbU5MDWexRa"
            ],
            "item_tax_amt": 1.7
        }
    },
    {
        "model": "timelyapp.order",
        "pk": "ord_VdBrxYfbE9UsJN8RV9srpm",
        "fields": {
            "invoice": "inv_ba3NZWLsThTDwdMMUjnbyF",
            "discount_code": 1,
            "item_name": "Professional Services",
            "item_description": "Overpriced Legal/Technical/Medical services that you cannot afford to avoid.",
            "quantity_purchased": 10,
            "unit_price": 10,
            "item_price": 100,
            "item_total_price": 108.5,
            "item_tax_rates": [
                "tax_4iCyEKhCFaNBGGahn3Rn4i",
                "tax_TNpDwGRpCu2QbU5MDWexRa"
            ],
            "item_tax_amt": 8.5
        }
    },
    {
        "model": "timelyapp.invoice",
        "pk": "inv_ba3NZWLsThTDwdMMUjnbyF",
        "fields": {
            "invoice_name": "AS22000005",
            "date_sent": "2022-02-22",
            "date_due": "2022-02-22",
            "bill_from": "biz_4iCyEKhCFaNBGGahn3Rn4i",
            "bill_to": "biz_XhLAvUW63VuD4vfuCtEZKw",
            "terms": "CIA",
            "invoice_price": 282.09999999999997,
            "invoice_tax_amt": 22.099999999999998,
            "invoice_total_price": 304.2,
            "currency": "USD",
            "is_flagged": false,
            "is_scheduled": false,
            "is_paid": false
        }
    },
    {
        "model": "timelyapp.order",
        "pk": "ord_ftR3MAy3cvhUhjVs67y3Nw",
        "fields": {
            "invoice": "inv_HQ5YPV6jjMK9LcGeAJ6ESc",
            "discount_code": 1,
            "item_name": "Some Widget",
            "item_description": "A business widget for vertical synergy jargon",
            "quantity_purchased": 10,
            "unit_price": 10,
            "item_price": 100,
            "item_total_price": 108.5,
            "item_tax_rates": [
                "tax_4iCyEKhCFaNBGGahn3Rn4i",
                "tax_TNpDwGRpCu2QbU5MDWexRa"
            ],
            "item_tax_amt": 8.5
        }
    },
    {
        "model": "timelyapp.order",
        "pk": "ord_JuRqCn94i3gfvzhAA6egqy",
        "fields": {
            "invoice": "inv_HQ5YPV6jjMK9LcGeAJ6ESc",
            "discount_code": 1,
            "item_name": "Infeasibility Consulting Study",
            "item_description": "A big useless report on what you want to hear",
            "quantity_purchased": 2,
            "unit_price": 20,
            "item_price": 40,
            "item_total_price": 43.4,
            "item_tax_rates": [
                "tax_4iCyEKhCFaNBGGahn3Rn4i",
                "tax_TNpDwGRpCu2QbU5MDWexRa"
            ],
            "item_tax_amt": 3.4
        }
    },
    {
        "model": "timelyapp.order",
        "pk": "ord_RbG4Dq9CNvnwMFbEefVASr",
        "fields": {
            "invoice": "inv_HQ5YPV6jjMK9LcGeAJ6ESc",
            "discount_code": 1,
            "item_name": "Professional Services",
            "item_description": "Overpriced Legal/Technical/Medical services that you cannot afford to avoid.",
            "quantity_purchased": 6,
            "unit_price": 10,
            "item_price": 60,
            "item_total_price": 65.1,
            "item_tax_rates": [
                "tax_4iCyEKhCFaNBGGahn3Rn4i",
                "tax_TNpDwGRpCu2QbU5MDWexRa"
            ],
            "item_tax_amt": 5.1
        }
    },
    {
        "model": "timelyapp.invoice",
        "pk": "inv_HQ5YPV6jjMK9LcGeAJ6ESc",
        "fields": {
            "invoice_name": "BC22000006",
            "date_sent": "2022-06-24",
            "date_due": "2022-07-24",
            "bill_from": "biz_XhLAvUW63VuD4vfuCtEZKw",
            "bill_to": "biz_D3FraiLKpJicT9CdJhwwYc",
            "terms": "NET30",
            "invoice_price": 217.0,
            "invoice_tax_amt": 17.0,
            "invoice_total_price": 234.0,
            "currency": "USD",
            "is_flagged": true,
            "is_scheduled": true,
            "is_paid": false
        }
    },
    {
        "model": "timelyapp.order",
        "pk": "ord_9krKB4w8UwDf4YCrDoBXj6",
        "fields": {
            "invoice": "inv_SPUhakpwjVtXxwY8DfMsYC",
            "discount_code": 1,
            "item_name": "Professional Services",
            "item_description": "Overpriced Legal/Technical/Medical services that you cannot afford to avoid.",
            "quantity_purchased": 3,
            "unit_price": 10,
            "item_price": 30,
            "item_total_price": 32.55,
            "item_tax_rates": [
                "tax_4iCyEKhCFaNBGGahn3Rn4i",
                "tax_TNpDwGRpCu2QbU5MDWexRa"
            ],
            "item_tax_amt": 2.55
        }
    },
    {
        "model": "timelyapp.order",
        "pk": "ord_e282ZFHmH5zKq8nbV6oXam",
        "fields": {
            "invoice": "inv_SPUhakpwjVtXxwY8DfMsYC",
            "discount_code": 1,
            "item_name": "Some Widget",
            "item_description": "A business widget for vertical synergy jargon",
            "quantity_purchased": 6,
            "unit_price": 10,
            "item_price": 60,
            "item_total_price": 65.1,
            "item_tax_rates": [
                "tax_4iCyEKhCFaNBGGahn3Rn4i",
                "tax_TNpDwGRpCu2QbU5MDWexRa"
            ],
            "item_tax_amt": 5.1
        }
    },
    {
        "model": "timelyapp.invoice",
        "pk": "inv_SPUhakpwjVtXxwY8DfMsYC",
        "fields": {
            "invoice_name": "TN22000007",
            "date_sent": "2022-06-06",
            "date_due": null,
            "bill_from": "biz_Cz9xETFw7mt6edtQdUYKhJ",
            "bill_to": "biz_4iCyEKhCFaNBGGahn3Rn4i",
            "terms": "COD",
            "invoice_price": 97.64999999999999,
            "invoice_tax_amt": 7.6499999999999995,
            "invoice_total_price": 105.3,
            "currency": "USD",
            "is_flagged": true,
            "is_scheduled": true,
            "is_paid": false
        }
    },
    {
        "model": "timelyapp.order",
        "pk": "ord_ix4NPK3UmjCDMbGst43c3P",
        "fields": {
            "invoice": "inv_JbMhcWSosoNpepkc7ay5FD",
            "discount_code": 1,
            "item_name": "Infeasibility Consulting Study",
            "item_description": "A big useless report on what you want to hear",
            "quantity_purchased": 6,
            "unit_price": 20,
            "item_price": 120,
            "item_total_price": 130.2,
            "item_tax_rates": [
                "tax_4iCyEKhCFaNBGGahn3Rn4i",
                "tax_TNpDwGRpCu2QbU5MDWexRa"
            ],
            "item_tax_amt": 10.2
        }
    },
    {
        "model": "timelyapp.order",
        "pk": "ord_jEa6qiJEteKdaRtLb5VoFz",
        "fields": {
            "invoice": "inv_JbMhcWSosoNpepkc7ay5FD",
            "discount_code": 1,
            "item_name": "A Different Widget",
            "item_description": "A widget for backward overflow jargon",
            "quantity_purchased": 10,
            "unit_price": 20,
            "item_price": 200,
            "item_total_price": 217.0,
            "item_tax_rates": [
                "tax_4iCyEKhCFaNBGGahn3Rn4i",
                "tax_TNpDwGRpCu2QbU5MDWexRa"
            ],
            "item_tax_amt": 17.0
        }
    },
    {
        "model": "timelyapp.order",
        "pk": "ord_BXxgyUdDk4KcYUJ5McPgUi",
        "fields": {
            "invoice": "inv_JbMhcWSosoNpepkc7ay5FD",
            "discount_code": 1,
            "item_name": "Professional Services",
            "item_description": "Overpriced Legal/Technical/Medical services that you cannot afford to avoid.",
            "quantity_purchased": 9,
            "unit_price": 10,
            "item_price": 90,
            "item_total_price": 97.65,
            "item_tax_rates": [
                "tax_4iCyEKhCFaNBGGahn3Rn4i",
                "tax_TNpDwGRpCu2QbU5MDWexRa"
            ],
            "item_tax_amt": 7.65
        }
    },
    {
        "model": "timelyapp.order",
        "pk": "ord_iQST5hKnxenrSFGtAcWWWo",
        "fields": {
            "invoice": "inv_JbMhcWSosoNpepkc7ay5FD",
            "discount_code": 1,
            "item_name": "Some Widget",
            "item_description": "A business widget for vertical synergy jargon",
            "quantity_purchased": 1,
            "unit_price": 10,
            "item_price": 10,
            "item_total_price": 10.85,
            "item_tax_rates": [
                "tax_4iCyEKhCFaNBGGahn3Rn4i",
                "tax_TNpDwGRpCu2QbU5MDWexRa"
            ],
            "item_tax_amt": 0.85
        }
    },
    {
        "model": "timelyapp.order",
        "pk": "ord_KX2zrunMNyYHcn5kHHNyzU",
        "fields": {
            "invoice": "inv_JbMhcWSosoNpepkc7ay5FD",
            "discount_code": 1,
            "item_name": "Some Widget",
            "item_description": "A business widget for vertical synergy jargon",
            "quantity_purchased": 9,
            "unit_price": 10,
            "item_price": 90,
            "item_total_price": 97.65,
            "item_tax_rates": [
                "tax_4iCyEKhCFaNBGGahn3Rn4i",
                "tax_TNpDwGRpCu2QbU5MDWexRa"
            ],
            "item_tax_amt": 7.65
        }
    },
    {
        "model": "timelyapp.order",
        "pk": "ord_ZhNHXXYkpwYWJA5xDB2cDf",
        "fields": {
            "invoice": "inv_JbMhcWSosoNpepkc7ay5FD",
            "discount_code": 1,
            "item_name": "Professional Services",
            "item_description": "Overpriced Legal/Technical/Medical services that you cannot afford to avoid.",
            "quantity_purchased": 7,
            "unit_price": 10,
            "item_price": 70,
            "item_total_price": 75.95,
            "item_tax_rates": [
                "tax_4iCyEKhCFaNBGGahn3Rn4i",
                "tax_TNpDwGRpCu2QbU5MDWexRa"
            ],
            "item_tax_amt": 5.95
        }
    },
    {
        "model": "timelyapp.order",
        "pk": "ord_Pdh9Ne4VpwGmVzc9y37bmz",
        "fields": {
            "invoice": "inv_JbMhcWSosoNpepkc7ay5FD",
            "discount_code": 1,
            "item_name": "Infeasibility Consulting Study",
            "item_description": "A big useless report on what you want to hear",
            "quantity_purchased": 8,
            "unit_price": 20,
            "item_price": 160,
            "item_total_price": 173.6,
            "item_tax_rates": [
                "tax_4iCyEKhCFaNBGGahn3Rn4i",
                "tax_TNpDwGRpCu2QbU5MDWexRa"
            ],
            "item_tax_amt": 13.6
        }
    },
    {
        "model": "timelyapp.order",
        "pk": "ord_NE3ANJo2a9LKqw2AWXrGHi",
        "fields": {
            "invoice": "inv_JbMhcWSosoNpepkc7ay5FD",
            "discount_code": 1,
            "item_name": "Professional Services",
            "item_description": "Overpriced Legal/Technical/Medical services that you cannot afford to avoid.",
            "quantity_purchased": 9,
            "unit_price": 10,
            "item_price": 90,
            "item_total_price": 97.65,
            "item_tax_rates": [
                "tax_4iCyEKhCFaNBGGahn3Rn4i",
                "tax_TNpDwGRpCu2QbU5MDWexRa"
            ],
            "item_tax_amt": 7.65
        }
    },
    {
        "model": "timelyapp.order",
        "pk": "ord_LNdNcziZ7EpjYNFYkiJugJ",
        "fields": {
            "invoice": "inv_JbMhcWSosoNpepkc7ay5FD",
            "discount_code": 1,
            "item_name": "Some Widget",
            "item_description": "A business widget for vertical synergy jargon",
            "quantity_purchased": 4,
            "unit_price": 10,
            "item_price": 40,
            "item_total_price": 43.4,
            "item_tax_rates": [
                "tax_4iCyEKhCFaNBGGahn3Rn4i",
                "tax_TNpDwGRpCu2QbU5MDWexRa"
            ],
            "item_tax_amt": 3.4
        }
    },
    {
        "model": "timelyapp.invoice",
        "pk": "inv_JbMhcWSosoNpepkc7ay5FD",
        "fields": {
            "invoice_name": "BC22000008",
            "date_sent": "2022-01-27",
            "date_due": "2022-02-03",
            "bill_from": "biz_XhLAvUW63VuD4vfuCtEZKw",
            "bill_to": "biz_Cz9xETFw7mt6edtQdUYKhJ",
            "terms": "NET7",
            "invoice_price": 943.95,
            "invoice_tax_amt": 73.95000000000002,
            "invoice_total_price": 1017.9000000000001,
            "currency": "USD",
            "is_flagged": false,
            "is_scheduled": false,
            "is_paid": false
        }
    },
    {
        "model": "timelyapp.order",
        "pk": "ord_TTxWQ9Q4cGCaibDsnBi3vM",
        "fields": {
            "invoice": "inv_h8TK3zhwgjCPHinZabAFVG",
            "discount_code": 1,
            "item_name": "Some Widget",
            "item_description": "A business widget for vertical synergy jargon",
            "quantity_purchased": 5,
            "unit_price": 10,
            "item_price": 50,
            "item_total_price": 54.25,
            "item_tax_rates": [
                "tax_4iCyEKhCFaNBGGahn3Rn4i",
                "tax_TNpDwGRpCu2QbU5MDWexRa"
            ],
            "item_tax_amt": 4.25
        }
    },
    {
        "model": "timelyapp.order",
        "pk": "ord_FPovrac53R2z9HHTrXTCAd",
        "fields": {
            "invoice": "inv_h8TK3zhwgjCPHinZabAFVG",
            "discount_code": 1,
            "item_name": "Some Widget",
            "item_description": "A business widget for vertical synergy jargon",
            "quantity_purchased": 8,
            "unit_price": 10,
            "item_price": 80,
            "item_total_price": 86.8,
            "item_tax_rates": [
                "tax_4iCyEKhCFaNBGGahn3Rn4i",
                "tax_TNpDwGRpCu2QbU5MDWexRa"
            ],
            "item_tax_amt": 6.8
        }
    },
    {
        "model": "timelyapp.order",
        "pk": "ord_3kj5YJDDMostU34mcGyiL6",
        "fields": {
            "invoice": "inv_h8TK3zhwgjCPHinZabAFVG",
            "discount_code": 1,
            "item_name": "Infeasibility Consulting Study",
            "item_description": "A big useless report on what you want to hear",
            "quantity_purchased": 6,
            "unit_price": 20,
            "item_price": 120,
            "item_total_price": 130.2,
            "item_tax_rates": [
                "tax_4iCyEKhCFaNBGGahn3Rn4i",
                "tax_TNpDwGRpCu2QbU5MDWexRa"
            ],
            "item_tax_amt": 10.2
        }
    },
    {
        "model": "timelyapp.order",
        "pk": "ord_PsNF42tod6n7vE8hvp6ZRq",
        "fields": {
            "invoice": "inv_h8TK3zhwgjCPHinZabAFVG",
            "discount_code": 1,
            "item_name": "Professional Services",
            "item_description": "Overpriced Legal/Technical/Medical services that you cannot afford to avoid.",
            "quantity_purchased": 5,
            "unit_price": 10,
            "item_price": 50,
            "item_total_price": 54.25,
            "item_tax_rates": [
                "tax_4iCyEKhCFaNBGGahn3Rn4i",
                "tax_TNpDwGRpCu2QbU5MDWexRa"
            ],
            "item_tax_amt": 4.25
        }
    },
    {
        "model": "timelyapp.order",
        "pk": "ord_TLdw4TAQmoMa3BXN7XxGFE",
        "fields": {
            "invoice": "inv_h8TK3zhwgjCPHinZabAFVG",
            "discount_code": 1,
            "item_name": "Infeasibility Consulting Study",
            "item_description": "A big useless report on what you want to hear",
            "quantity_purchased": 7,
            "unit_price": 20,
            "item_price": 140,
            "item_total_price": 151.9,
            "item_tax_rates": [
                "tax_4iCyEKhCFaNBGGahn3Rn4i",
                "tax_TNpDwGRpCu2QbU5MDWexRa"
            ],
            "item_tax_amt": 11.9
        }
    },
    {
        "model": "timelyapp.order",
        "pk": "ord_ZDowLXQ6k97gdb6jmZbLpj",
        "fields": {
            "invoice": "inv_h8TK3zhwgjCPHinZabAFVG",
            "discount_code": 1,
            "item_name": "Professional Services",
            "item_description": "Overpriced Legal/Technical/Medical services that you cannot afford to avoid.",
            "quantity_purchased": 6,
            "unit_price": 10,
            "item_price": 60,
            "item_total_price": 65.1,
            "item_tax_rates": [
                "tax_4iCyEKhCFaNBGGahn3Rn4i",
                "tax_TNpDwGRpCu2QbU5MDWexRa"
            ],
            "item_tax_amt": 5.1
        }
    },
    {
        "model": "timelyapp.order",
        "pk": "ord_6D6yXbXoXPpJLcTFEceUSi",
        "fields": {
            "invoice": "inv_h8TK3zhwgjCPHinZabAFVG",
            "discount_code": 1,
            "item_name": "Some Widget",
            "item_description": "A business widget for vertical synergy jargon",
            "quantity_purchased": 5,
            "unit_price": 10,
            "item_price": 50,
            "item_total_price": 54.25,
            "item_tax_rates": [
                "tax_4iCyEKhCFaNBGGahn3Rn4i",
                "tax_TNpDwGRpCu2QbU5MDWexRa"
            ],
            "item_tax_amt": 4.25
        }
    },
    {
        "model": "timelyapp.order",
        "pk": "ord_RvWRhmbParkcm3H3sMbA9g",
        "fields": {
            "invoice": "inv_h8TK3zhwgjCPHinZabAFVG",
            "discount_code": 1,
            "item_name": "A Different Widget",
            "item_description": "A widget for backward overflow jargon",
            "quantity_purchased": 4,
            "unit_price": 20,
            "item_price": 80,
            "item_total_price": 86.8,
            "item_tax_rates": [
                "tax_4iCyEKhCFaNBGGahn3Rn4i",
                "tax_TNpDwGRpCu2QbU5MDWexRa"
            ],
            "item_tax_amt": 6.8
        }
    },
    {
        "model": "timelyapp.order",
        "pk": "ord_UmQiFJ7DEBzNwXMqZuhL8K",
        "fields": {
            "invoice": "inv_h8TK3zhwgjCPHinZabAFVG",
            "discount_code": 1,
            "item_name": "Infeasibility Consulting Study",
            "item_description": "A big useless report on what you want to hear",
            "quantity_purchased": 6,
            "unit_price": 20,
            "item_price": 120,
            "item_total_price": 130.2,
            "item_tax_rates": [
                "tax_4iCyEKhCFaNBGGahn3Rn4i",
                "tax_TNpDwGRpCu2QbU5MDWexRa"
            ],
            "item_tax_amt": 10.2
        }
    },
    {
        "model": "timelyapp.order",
        "pk": "ord_LAjRwG8dVDp4EHBFSCwMqe",
        "fields": {
            "invoice": "inv_h8TK3zhwgjCPHinZabAFVG",
            "discount_code": 1,
            "item_name": "A Different Widget",
            "item_description": "A widget for backward overflow jargon",
            "quantity_purchased": 4,
            "unit_price": 20,
            "item_price": 80,
            "item_total_price": 86.8,
            "item_tax_rates": [
                "tax_4iCyEKhCFaNBGGahn3Rn4i",
                "tax_TNpDwGRpCu2QbU5MDWexRa"
            ],
            "item_tax_amt": 6.8
        }
    },
    {
        "model": "timelyapp.invoice",
        "pk": "inv_h8TK3zhwgjCPHinZabAFVG",
        "fields": {
            "invoice_name": "BC22000009",
            "date_sent": "2022-05-19",
            "date_due": "2022-05-26",
            "bill_from": "biz_XhLAvUW63VuD4vfuCtEZKw",
            "bill_to": "biz_D3FraiLKpJicT9CdJhwwYc",
            "terms": "NET7",
            "invoice_price": 900.55,
            "invoice_tax_amt": 70.55,
            "invoice_total_price": 971.0999999999999,
            "currency": "USD",
            "is_flagged": true,
            "is_scheduled": true,
            "is_paid": false
        }
    },
    {
        "model": "timelyapp.order",
        "pk": "ord_FNShZxkNwVhSFXXa5UFq25",
        "fields": {
            "invoice": "inv_2ciZ3hyuw7o7wx5Na8qKFe",
            "discount_code": 1,
            "item_name": "Professional Services",
            "item_description": "Overpriced Legal/Technical/Medical services that you cannot afford to avoid.",
            "quantity_purchased": 2,
            "unit_price": 10,
            "item_price": 20,
            "item_total_price": 21.7,
            "item_tax_rates": [
                "tax_4iCyEKhCFaNBGGahn3Rn4i",
                "tax_TNpDwGRpCu2QbU5MDWexRa"
            ],
            "item_tax_amt": 1.7
        }
    },
    {
        "model": "timelyapp.order",
        "pk": "ord_9aqda8UG8vNxv7LD9SZ6cS",
        "fields": {
            "invoice": "inv_2ciZ3hyuw7o7wx5Na8qKFe",
            "discount_code": 1,
            "item_name": "A Different Widget",
            "item_description": "A widget for backward overflow jargon",
            "quantity_purchased": 7,
            "unit_price": 20,
            "item_price": 140,
            "item_total_price": 151.9,
            "item_tax_rates": [
                "tax_4iCyEKhCFaNBGGahn3Rn4i",
                "tax_TNpDwGRpCu2QbU5MDWexRa"
            ],
            "item_tax_amt": 11.9
        }
    },
    {
        "model": "timelyapp.order",
        "pk": "ord_hjFvq8cGYaDH3W5j6ZTpKY",
        "fields": {
            "invoice": "inv_2ciZ3hyuw7o7wx5Na8qKFe",
            "discount_code": 1,
            "item_name": "Professional Services",
            "item_description": "Overpriced Legal/Technical/Medical services that you cannot afford to avoid.",
            "quantity_purchased": 9,
            "unit_price": 10,
            "item_price": 90,
            "item_total_price": 97.65,
            "item_tax_rates": [
                "tax_4iCyEKhCFaNBGGahn3Rn4i",
                "tax_TNpDwGRpCu2QbU5MDWexRa"
            ],
            "item_tax_amt": 7.65
        }
    },
    {
        "model": "timelyapp.invoice",
        "pk": "inv_2ciZ3hyuw7o7wx5Na8qKFe",
        "fields": {
            "invoice_name": "TN22000010",
            "date_sent": "2022-06-12",
            "date_due": "2022-06-22",
            "bill_from": "biz_Cz9xETFw7mt6edtQdUYKhJ",
            "bill_to": "biz_4iCyEKhCFaNBGGahn3Rn4i",
            "terms": "NET10",
            "invoice_price": 271.25,
            "invoice_tax_amt": 21.25,
            "invoice_total_price": 292.5,
            "currency": "USD",
            "is_flagged": true,
            "is_scheduled": true,
            "is_paid": false
        }
    },
    {
        "model": "timelyapp.order",
        "pk": "ord_frxP8o6SP5SfGvAHTYTbhh",
        "fields": {
            "invoice": "inv_QV8gzFLvMHa6Sjm9cXxkoC",
            "discount_code": 1,
            "item_name": "Professional Services",
            "item_description": "Overpriced Legal/Technical/Medical services that you cannot afford to avoid.",
            "quantity_purchased": 7,
            "unit_price": 10,
            "item_price": 70,
            "item_total_price": 75.95,
            "item_tax_rates": [
                "tax_4iCyEKhCFaNBGGahn3Rn4i",
                "tax_TNpDwGRpCu2QbU5MDWexRa"
            ],
            "item_tax_amt": 5.95
        }
    },
    {
        "model": "timelyapp.order",
        "pk": "ord_RCGBw3evV2Jw3mWAbU7pmo",
        "fields": {
            "invoice": "inv_QV8gzFLvMHa6Sjm9cXxkoC",
            "discount_code": 1,
            "item_name": "Infeasibility Consulting Study",
            "item_description": "A big useless report on what you want to hear",
            "quantity_purchased": 6,
            "unit_price": 20,
            "item_price": 120,
            "item_total_price": 130.2,
            "item_tax_rates": [
                "tax_4iCyEKhCFaNBGGahn3Rn4i",
                "tax_TNpDwGRpCu2QbU5MDWexRa"
            ],
            "item_tax_amt": 10.2
        }
    },
    {
        "model": "timelyapp.invoice",
        "pk": "inv_QV8gzFLvMHa6Sjm9cXxkoC",
        "fields": {
            "invoice_name": "AS22000011",
            "date_sent": "2022-03-16",
            "date_due": "2022-04-15",
            "bill_from": "biz_4iCyEKhCFaNBGGahn3Rn4i",
            "bill_to": "biz_D3FraiLKpJicT9CdJhwwYc",
            "terms": "NET30",
            "invoice_price": 206.14999999999998,
            "invoice_tax_amt": 16.15,
            "invoice_total_price": 222.29999999999998,
            "currency": "USD",
            "is_flagged": true,
            "is_scheduled": true,
            "is_paid": false
        }
    },
    {
        "model": "timelyapp.order",
        "pk": "ord_NAxmMUr52qtEAAqhUWtWNe",
        "fields": {
            "invoice": "inv_3tJshWADCZqVEvrpkAx8Ec",
            "discount_code": 1,
            "item_name": "Professional Services",
            "item_description": "Overpriced Legal/Technical/Medical services that you cannot afford to avoid.",
            "quantity_purchased": 2,
            "unit_price": 10,
            "item_price": 20,
            "item_total_price": 21.7,
            "item_tax_rates": [
                "tax_4iCyEKhCFaNBGGahn3Rn4i",
                "tax_TNpDwGRpCu2QbU5MDWexRa"
            ],
            "item_tax_amt": 1.7
        }
    },
    {
        "model": "timelyapp.order",
        "pk": "ord_4FxkPFifPtstkigXySsEWU",
        "fields": {
            "invoice": "inv_3tJshWADCZqVEvrpkAx8Ec",
            "discount_code": 1,
            "item_name": "Some Widget",
            "item_description": "A business widget for vertical synergy jargon",
            "quantity_purchased": 7,
            "unit_price": 10,
            "item_price": 70,
            "item_total_price": 75.95,
            "item_tax_rates": [
                "tax_4iCyEKhCFaNBGGahn3Rn4i",
                "tax_TNpDwGRpCu2QbU5MDWexRa"
            ],
            "item_tax_amt": 5.95
        }
    },
    {
        "model": "timelyapp.order",
        "pk": "ord_cs3DK8vkgL7RKf9tTJfkj2",
        "fields": {
            "invoice": "inv_3tJshWADCZqVEvrpkAx8Ec",
            "discount_code": 1,
            "item_name": "Infeasibility Consulting Study",
            "item_description": "A big useless report on what you want to hear",
            "quantity_purchased": 4,
            "unit_price": 20,
            "item_price": 80,
            "item_total_price": 86.8,
            "item_tax_rates": [
                "tax_4iCyEKhCFaNBGGahn3Rn4i",
                "tax_TNpDwGRpCu2QbU5MDWexRa"
            ],
            "item_tax_amt": 6.8
        }
    },
    {
        "model": "timelyapp.order",
        "pk": "ord_j7V7Po3caFw2TuP2fk7Bjc",
        "fields": {
            "invoice": "inv_3tJshWADCZqVEvrpkAx8Ec",
            "discount_code": 1,
            "item_name": "Professional Services",
            "item_description": "Overpriced Legal/Technical/Medical services that you cannot afford to avoid.",
            "quantity_purchased": 2,
            "unit_price": 10,
            "item_price": 20,
            "item_total_price": 21.7,
            "item_tax_rates": [
                "tax_4iCyEKhCFaNBGGahn3Rn4i",
                "tax_TNpDwGRpCu2QbU5MDWexRa"
            ],
            "item_tax_amt": 1.7
        }
    },
    {
        "model": "timelyapp.order",
        "pk": "ord_LDmBYxGLFUuA3gU7oiGgAo",
        "fields": {
            "invoice": "inv_3tJshWADCZqVEvrpkAx8Ec",
            "discount_code": 1,
            "item_name": "Professional Services",
            "item_description": "Overpriced Legal/Technical/Medical services that you cannot afford to avoid.",
            "quantity_purchased": 6,
            "unit_price": 10,
            "item_price": 60,
            "item_total_price": 65.1,
            "item_tax_rates": [
                "tax_4iCyEKhCFaNBGGahn3Rn4i",
                "tax_TNpDwGRpCu2QbU5MDWexRa"
            ],
            "item_tax_amt": 5.1
        }
    },
    {
        "model": "timelyapp.order",
        "pk": "ord_Ub4Rwwu7kaWJ5Vq4EtKjt7",
        "fields": {
            "invoice": "inv_3tJshWADCZqVEvrpkAx8Ec",
            "discount_code": 1,
            "item_name": "A Different Widget",
            "item_description": "A widget for backward overflow jargon",
            "quantity_purchased": 10,
            "unit_price": 20,
            "item_price": 200,
            "item_total_price": 217.0,
            "item_tax_rates": [
                "tax_4iCyEKhCFaNBGGahn3Rn4i",
                "tax_TNpDwGRpCu2QbU5MDWexRa"
            ],
            "item_tax_amt": 17.0
        }
    },
    {
        "model": "timelyapp.order",
        "pk": "ord_D5yaqCnfsQQhNyt6AGKahB",
        "fields": {
            "invoice": "inv_3tJshWADCZqVEvrpkAx8Ec",
            "discount_code": 1,
            "item_name": "Professional Services",
            "item_description": "Overpriced Legal/Technical/Medical services that you cannot afford to avoid.",
            "quantity_purchased": 6,
            "unit_price": 10,
            "item_price": 60,
            "item_total_price": 65.1,
            "item_tax_rates": [
                "tax_4iCyEKhCFaNBGGahn3Rn4i",
                "tax_TNpDwGRpCu2QbU5MDWexRa"
            ],
            "item_tax_amt": 5.1
        }
    },
    {
        "model": "timelyapp.invoice",
        "pk": "inv_3tJshWADCZqVEvrpkAx8Ec",
        "fields": {
            "invoice_name": "TN22000012",
            "date_sent": "2022-01-12",
            "date_due": "2022-04-12",
            "bill_from": "biz_Cz9xETFw7mt6edtQdUYKhJ",
            "bill_to": "biz_XhLAvUW63VuD4vfuCtEZKw",
            "terms": "NET90",
            "invoice_price": 553.35,
            "invoice_tax_amt": 43.35,
            "invoice_total_price": 596.7,
            "currency": "USD",
            "is_flagged": true,
            "is_scheduled": true,
            "is_paid": true
        }
    },
    {
        "model": "timelyapp.order",
        "pk": "ord_SLo5QmwpEs2QTf2xJNpXqv",
        "fields": {
            "invoice": "inv_aeLaK7fRzdBHFp4kvpVfzu",
            "discount_code": 1,
            "item_name": "Infeasibility Consulting Study",
            "item_description": "A big useless report on what you want to hear",
            "quantity_purchased": 4,
            "unit_price": 20,
            "item_price": 80,
            "item_total_price": 86.8,
            "item_tax_rates": [
                "tax_4iCyEKhCFaNBGGahn3Rn4i",
                "tax_TNpDwGRpCu2QbU5MDWexRa"
            ],
            "item_tax_amt": 6.8
        }
    },
    {
        "model": "timelyapp.order",
        "pk": "ord_RZtpY8gnwh4MQEwcF8XgWy",
        "fields": {
            "invoice": "inv_aeLaK7fRzdBHFp4kvpVfzu",
            "discount_code": 1,
            "item_name": "Infeasibility Consulting Study",
            "item_description": "A big useless report on what you want to hear",
            "quantity_purchased": 3,
            "unit_price": 20,
            "item_price": 60,
            "item_total_price": 65.1,
            "item_tax_rates": [
                "tax_4iCyEKhCFaNBGGahn3Rn4i",
                "tax_TNpDwGRpCu2QbU5MDWexRa"
            ],
            "item_tax_amt": 5.1
        }
    },
    {
        "model": "timelyapp.order",
        "pk": "ord_PdfMyhord9gtas2HdAXM6d",
        "fields": {
            "invoice": "inv_aeLaK7fRzdBHFp4kvpVfzu",
            "discount_code": 1,
            "item_name": "Professional Services",
            "item_description": "Overpriced Legal/Technical/Medical services that you cannot afford to avoid.",
            "quantity_purchased": 10,
            "unit_price": 10,
            "item_price": 100,
            "item_total_price": 108.5,
            "item_tax_rates": [
                "tax_4iCyEKhCFaNBGGahn3Rn4i",
                "tax_TNpDwGRpCu2QbU5MDWexRa"
            ],
            "item_tax_amt": 8.5
        }
    },
    {
        "model": "timelyapp.order",
        "pk": "ord_RUdUt36ASANrXZVkKLxJkT",
        "fields": {
            "invoice": "inv_aeLaK7fRzdBHFp4kvpVfzu",
            "discount_code": 1,
            "item_name": "Infeasibility Consulting Study",
            "item_description": "A big useless report on what you want to hear",
            "quantity_purchased": 6,
            "unit_price": 20,
            "item_price": 120,
            "item_total_price": 130.2,
            "item_tax_rates": [
                "tax_4iCyEKhCFaNBGGahn3Rn4i",
                "tax_TNpDwGRpCu2QbU5MDWexRa"
            ],
            "item_tax_amt": 10.2
        }
    },
    {
        "model": "timelyapp.order",
        "pk": "ord_8hVSCVSXjFSU4MQ2cgVBCt",
        "fields": {
            "invoice": "inv_aeLaK7fRzdBHFp4kvpVfzu",
            "discount_code": 1,
            "item_name": "Infeasibility Consulting Study",
            "item_description": "A big useless report on what you want to hear",
            "quantity_purchased": 8,
            "unit_price": 20,
            "item_price": 160,
            "item_total_price": 173.6,
            "item_tax_rates": [
                "tax_4iCyEKhCFaNBGGahn3Rn4i",
                "tax_TNpDwGRpCu2QbU5MDWexRa"
            ],
            "item_tax_amt": 13.6
        }
    },
    {
        "model": "timelyapp.order",
        "pk": "ord_M9SSMiu2xaQ9ZQVTJU467n",
        "fields": {
            "invoice": "inv_aeLaK7fRzdBHFp4kvpVfzu",
            "discount_code": 1,
            "item_name": "Infeasibility Consulting Study",
            "item_description": "A big useless report on what you want to hear",
            "quantity_purchased": 2,
            "unit_price": 20,
            "item_price": 40,
            "item_total_price": 43.4,
            "item_tax_rates": [
                "tax_4iCyEKhCFaNBGGahn3Rn4i",
                "tax_TNpDwGRpCu2QbU5MDWexRa"
            ],
            "item_tax_amt": 3.4
        }
    },
    {
        "model": "timelyapp.order",
        "pk": "ord_b5NXhUqUR8zLVgSokgHKQQ",
        "fields": {
            "invoice": "inv_aeLaK7fRzdBHFp4kvpVfzu",
            "discount_code": 1,
            "item_name": "A Different Widget",
            "item_description": "A widget for backward overflow jargon",
            "quantity_purchased": 3,
            "unit_price": 20,
            "item_price": 60,
            "item_total_price": 65.1,
            "item_tax_rates": [
                "tax_4iCyEKhCFaNBGGahn3Rn4i",
                "tax_TNpDwGRpCu2QbU5MDWexRa"
            ],
            "item_tax_amt": 5.1
        }
    },
    {
        "model": "timelyapp.order",
        "pk": "ord_YDxTvEjmP7jqoCRShZJ4Mi",
        "fields": {
            "invoice": "inv_aeLaK7fRzdBHFp4kvpVfzu",
            "discount_code": 1,
            "item_name": "Infeasibility Consulting Study",
            "item_description": "A big useless report on what you want to hear",
            "quantity_purchased": 8,
            "unit_price": 20,
            "item_price": 160,
            "item_total_price": 173.6,
            "item_tax_rates": [
                "tax_4iCyEKhCFaNBGGahn3Rn4i",
                "tax_TNpDwGRpCu2QbU5MDWexRa"
            ],
            "item_tax_amt": 13.6
        }
    },
    {
        "model": "timelyapp.order",
        "pk": "ord_oQLuSqQmwLuXFAP4pGCaUn",
        "fields": {
            "invoice": "inv_aeLaK7fRzdBHFp4kvpVfzu",
            "discount_code": 1,
            "item_name": "Some Widget",
            "item_description": "A business widget for vertical synergy jargon",
            "quantity_purchased": 1,
            "unit_price": 10,
            "item_price": 10,
            "item_total_price": 10.85,
            "item_tax_rates": [
                "tax_4iCyEKhCFaNBGGahn3Rn4i",
                "tax_TNpDwGRpCu2QbU5MDWexRa"
            ],
            "item_tax_amt": 0.85
        }
    },
    {
        "model": "timelyapp.invoice",
        "pk": "inv_aeLaK7fRzdBHFp4kvpVfzu",
        "fields": {
            "invoice_name": "FS22000013",
            "date_sent": "2022-01-16",
            "date_due": "2022-01-16",
            "bill_from": "biz_D3FraiLKpJicT9CdJhwwYc",
            "bill_to": "biz_Cz9xETFw7mt6edtQdUYKhJ",
            "terms": "CIA",
            "invoice_price": 857.15,
            "invoice_tax_amt": 67.14999999999999,
            "invoice_total_price": 924.3,
            "currency": "USD",
            "is_flagged": true,
            "is_scheduled": true,
            "is_paid": false
        }
    },
    {
        "model": "timelyapp.order",
        "pk": "ord_BfVogTbQPKpikPfCkhwELP",
        "fields": {
            "invoice": "inv_kUVFPmKRL3EsV4WddEwbK7",
            "discount_code": 1,
            "item_name": "A Different Widget",
            "item_description": "A widget for backward overflow jargon",
            "quantity_purchased": 3,
            "unit_price": 20,
            "item_price": 60,
            "item_total_price": 65.1,
            "item_tax_rates": [
                "tax_4iCyEKhCFaNBGGahn3Rn4i",
                "tax_TNpDwGRpCu2QbU5MDWexRa"
            ],
            "item_tax_amt": 5.1
        }
    },
    {
        "model": "timelyapp.order",
        "pk": "ord_kd7qF2KGceULzqFhJfvm8M",
        "fields": {
            "invoice": "inv_kUVFPmKRL3EsV4WddEwbK7",
            "discount_code": 1,
            "item_name": "A Different Widget",
            "item_description": "A widget for backward overflow jargon",
            "quantity_purchased": 8,
            "unit_price": 20,
            "item_price": 160,
            "item_total_price": 173.6,
            "item_tax_rates": [
                "tax_4iCyEKhCFaNBGGahn3Rn4i",
                "tax_TNpDwGRpCu2QbU5MDWexRa"
            ],
            "item_tax_amt": 13.6
        }
    },
    {
        "model": "timelyapp.order",
        "pk": "ord_X7hmGBKQecZeTyUMevGxpW",
        "fields": {
            "invoice": "inv_kUVFPmKRL3EsV4WddEwbK7",
            "discount_code": 1,
            "item_name": "Some Widget",
            "item_description": "A business widget for vertical synergy jargon",
            "quantity_purchased": 6,
            "unit_price": 10,
            "item_price": 60,
            "item_total_price": 65.1,
            "item_tax_rates": [
                "tax_4iCyEKhCFaNBGGahn3Rn4i",
                "tax_TNpDwGRpCu2QbU5MDWexRa"
            ],
            "item_tax_amt": 5.1
        }
    },
    {
        "model": "timelyapp.invoice",
        "pk": "inv_kUVFPmKRL3EsV4WddEwbK7",
        "fields": {
            "invoice_name": "TN22000014",
            "date_sent": "2022-02-07",
            "date_due": "2022-03-09",
            "bill_from": "biz_Cz9xETFw7mt6edtQdUYKhJ",
            "bill_to": "biz_D3FraiLKpJicT9CdJhwwYc",
            "terms": "NET30",
            "invoice_price": 303.79999999999995,
            "invoice_tax_amt": 23.799999999999997,
            "invoice_total_price": 327.59999999999997,
            "currency": "USD",
            "is_flagged": true,
            "is_scheduled": false,
            "is_paid": false
        }
    },
    {
        "model": "timelyapp.order",
        "pk": "ord_VwpGXWyjGWi5CyF7PrXUD9",
        "fields": {
            "invoice": "inv_33ULKUjYcynSTHj7kbCy89",
            "discount_code": 1,
            "item_name": "Professional Services",
            "item_description": "Overpriced Legal/Technical/Medical services that you cannot afford to avoid.",
            "quantity_purchased": 7,
            "unit_price": 10,
            "item_price": 70,
            "item_total_price": 75.95,
            "item_tax_rates": [
                "tax_4iCyEKhCFaNBGGahn3Rn4i",
                "tax_TNpDwGRpCu2QbU5MDWexRa"
            ],
            "item_tax_amt": 5.95
        }
    },
    {
        "model": "timelyapp.order",
        "pk": "ord_VBuqywt4WZWtm5FNbesbUd",
        "fields": {
            "invoice": "inv_33ULKUjYcynSTHj7kbCy89",
            "discount_code": 1,
            "item_name": "Professional Services",
            "item_description": "Overpriced Legal/Technical/Medical services that you cannot afford to avoid.",
            "quantity_purchased": 9,
            "unit_price": 10,
            "item_price": 90,
            "item_total_price": 97.65,
            "item_tax_rates": [
                "tax_4iCyEKhCFaNBGGahn3Rn4i",
                "tax_TNpDwGRpCu2QbU5MDWexRa"
            ],
            "item_tax_amt": 7.65
        }
    },
    {
        "model": "timelyapp.order",
        "pk": "ord_kt9zjTYmTsuk7oeQkQZYFy",
        "fields": {
            "invoice": "inv_33ULKUjYcynSTHj7kbCy89",
            "discount_code": 1,
            "item_name": "Professional Services",
            "item_description": "Overpriced Legal/Technical/Medical services that you cannot afford to avoid.",
            "quantity_purchased": 5,
            "unit_price": 10,
            "item_price": 50,
            "item_total_price": 54.25,
            "item_tax_rates": [
                "tax_4iCyEKhCFaNBGGahn3Rn4i",
                "tax_TNpDwGRpCu2QbU5MDWexRa"
            ],
            "item_tax_amt": 4.25
        }
    },
    {
        "model": "timelyapp.invoice",
        "pk": "inv_33ULKUjYcynSTHj7kbCy89",
        "fields": {
            "invoice_name": "TN22000015",
            "date_sent": "2022-03-14",
            "date_due": "2022-04-13",
            "bill_from": "biz_Cz9xETFw7mt6edtQdUYKhJ",
            "bill_to": "biz_D3FraiLKpJicT9CdJhwwYc",
            "terms": "NET30",
            "invoice_price": 227.85000000000002,
            "invoice_tax_amt": 17.85,
            "invoice_total_price": 245.70000000000002,
            "currency": "USD",
            "is_flagged": true,
            "is_scheduled": false,
            "is_paid": false
        }
    },
    {
        "model": "timelyapp.order",
        "pk": "ord_ni9oTqZgsiogvLx8wpHnrW",
        "fields": {
            "invoice": "inv_DumkSKuDuqEMTgZpEFQGWT",
            "discount_code": 1,
            "item_name": "A Different Widget",
            "item_description": "A widget for backward overflow jargon",
            "quantity_purchased": 8,
            "unit_price": 20,
            "item_price": 160,
            "item_total_price": 173.6,
            "item_tax_rates": [
                "tax_4iCyEKhCFaNBGGahn3Rn4i",
                "tax_TNpDwGRpCu2QbU5MDWexRa"
            ],
            "item_tax_amt": 13.6
        }
    },
    {
        "model": "timelyapp.order",
        "pk": "ord_NhrHNdTRTqtHHLJZNt5uyT",
        "fields": {
            "invoice": "inv_DumkSKuDuqEMTgZpEFQGWT",
            "discount_code": 1,
            "item_name": "Professional Services",
            "item_description": "Overpriced Legal/Technical/Medical services that you cannot afford to avoid.",
            "quantity_purchased": 3,
            "unit_price": 10,
            "item_price": 30,
            "item_total_price": 32.55,
            "item_tax_rates": [
                "tax_4iCyEKhCFaNBGGahn3Rn4i",
                "tax_TNpDwGRpCu2QbU5MDWexRa"
            ],
            "item_tax_amt": 2.55
        }
    },
    {
        "model": "timelyapp.order",
        "pk": "ord_FmzGAkjF47LrUwDKgrsq86",
        "fields": {
            "invoice": "inv_DumkSKuDuqEMTgZpEFQGWT",
            "discount_code": 1,
            "item_name": "Some Widget",
            "item_description": "A business widget for vertical synergy jargon",
            "quantity_purchased": 2,
            "unit_price": 10,
            "item_price": 20,
            "item_total_price": 21.7,
            "item_tax_rates": [
                "tax_4iCyEKhCFaNBGGahn3Rn4i",
                "tax_TNpDwGRpCu2QbU5MDWexRa"
            ],
            "item_tax_amt": 1.7
        }
    },
    {
        "model": "timelyapp.order",
        "pk": "ord_WC74DYheu99pYLtGuLzLVw",
        "fields": {
            "invoice": "inv_DumkSKuDuqEMTgZpEFQGWT",
            "discount_code": 1,
            "item_name": "Professional Services",
            "item_description": "Overpriced Legal/Technical/Medical services that you cannot afford to avoid.",
            "quantity_purchased": 1,
            "unit_price": 10,
            "item_price": 10,
            "item_total_price": 10.85,
            "item_tax_rates": [
                "tax_4iCyEKhCFaNBGGahn3Rn4i",
                "tax_TNpDwGRpCu2QbU5MDWexRa"
            ],
            "item_tax_amt": 0.85
        }
    },
    {
        "model": "timelyapp.order",
        "pk": "ord_gDvFJagiYGNvQeBEXayfY2",
        "fields": {
            "invoice": "inv_DumkSKuDuqEMTgZpEFQGWT",
            "discount_code": 1,
            "item_name": "Professional Services",
            "item_description": "Overpriced Legal/Technical/Medical services that you cannot afford to avoid.",
            "quantity_purchased": 6,
            "unit_price": 10,
            "item_price": 60,
            "item_total_price": 65.1,
            "item_tax_rates": [
                "tax_4iCyEKhCFaNBGGahn3Rn4i",
                "tax_TNpDwGRpCu2QbU5MDWexRa"
            ],
            "item_tax_amt": 5.1
        }
    },
    {
        "model": "timelyapp.order",
        "pk": "ord_Y6ZcfbkvmQS9swjr6zGiYZ",
        "fields": {
            "invoice": "inv_DumkSKuDuqEMTgZpEFQGWT",
            "discount_code": 1,
            "item_name": "Some Widget",
            "item_description": "A business widget for vertical synergy jargon",
            "quantity_purchased": 4,
            "unit_price": 10,
            "item_price": 40,
            "item_total_price": 43.4,
            "item_tax_rates": [
                "tax_4iCyEKhCFaNBGGahn3Rn4i",
                "tax_TNpDwGRpCu2QbU5MDWexRa"
            ],
            "item_tax_amt": 3.4
        }
    },
    {
        "model": "timelyapp.invoice",
        "pk": "inv_DumkSKuDuqEMTgZpEFQGWT",
        "fields": {
            "invoice_name": "FS22000016",
            "date_sent": "2022-06-23",
            "date_due": "2022-07-03",
            "bill_from": "biz_D3FraiLKpJicT9CdJhwwYc",
            "bill_to": "biz_Cz9xETFw7mt6edtQdUYKhJ",
            "terms": "NET10",
            "invoice_price": 347.19999999999993,
            "invoice_tax_amt": 27.199999999999996,
            "invoice_total_price": 374.3999999999999,
            "currency": "USD",
            "is_flagged": false,
            "is_scheduled": false,
            "is_paid": false
        }
    },
    {
        "model": "timelyapp.order",
        "pk": "ord_XpEQEHtWiT4WihNJZfch8o",
        "fields": {
            "invoice": "inv_ebWGjALNW5gMwsQHy2GwFf",
            "discount_code": 1,
            "item_name": "Some Widget",
            "item_description": "A business widget for vertical synergy jargon",
            "quantity_purchased": 5,
            "unit_price": 10,
            "item_price": 50,
            "item_total_price": 54.25,
            "item_tax_rates": [
                "tax_4iCyEKhCFaNBGGahn3Rn4i",
                "tax_TNpDwGRpCu2QbU5MDWexRa"
            ],
            "item_tax_amt": 4.25
        }
    },
    {
        "model": "timelyapp.order",
        "pk": "ord_F3RVwy6KuTQMZmSus39y2F",
        "fields": {
            "invoice": "inv_ebWGjALNW5gMwsQHy2GwFf",
            "discount_code": 1,
            "item_name": "Some Widget",
            "item_description": "A business widget for vertical synergy jargon",
            "quantity_purchased": 1,
            "unit_price": 10,
            "item_price": 10,
            "item_total_price": 10.85,
            "item_tax_rates": [
                "tax_4iCyEKhCFaNBGGahn3Rn4i",
                "tax_TNpDwGRpCu2QbU5MDWexRa"
            ],
            "item_tax_amt": 0.85
        }
    },
    {
        "model": "timelyapp.order",
        "pk": "ord_m8LmwRMy5qzKKsRQKvUAm9",
        "fields": {
            "invoice": "inv_ebWGjALNW5gMwsQHy2GwFf",
            "discount_code": 1,
            "item_name": "Infeasibility Consulting Study",
            "item_description": "A big useless report on what you want to hear",
            "quantity_purchased": 2,
            "unit_price": 20,
            "item_price": 40,
            "item_total_price": 43.4,
            "item_tax_rates": [
                "tax_4iCyEKhCFaNBGGahn3Rn4i",
                "tax_TNpDwGRpCu2QbU5MDWexRa"
            ],
            "item_tax_amt": 3.4
        }
    },
    {
        "model": "timelyapp.order",
        "pk": "ord_WfcgL5e8792DSUAAPHE4eF",
        "fields": {
            "invoice": "inv_ebWGjALNW5gMwsQHy2GwFf",
            "discount_code": 1,
            "item_name": "Professional Services",
            "item_description": "Overpriced Legal/Technical/Medical services that you cannot afford to avoid.",
            "quantity_purchased": 7,
            "unit_price": 10,
            "item_price": 70,
            "item_total_price": 75.95,
            "item_tax_rates": [
                "tax_4iCyEKhCFaNBGGahn3Rn4i",
                "tax_TNpDwGRpCu2QbU5MDWexRa"
            ],
            "item_tax_amt": 5.95
        }
    },
    {
        "model": "timelyapp.order",
        "pk": "ord_aaVhT66VgfTqvMQdKJXf8u",
        "fields": {
            "invoice": "inv_ebWGjALNW5gMwsQHy2GwFf",
            "discount_code": 1,
            "item_name": "Some Widget",
            "item_description": "A business widget for vertical synergy jargon",
            "quantity_purchased": 1,
            "unit_price": 10,
            "item_price": 10,
            "item_total_price": 10.85,
            "item_tax_rates": [
                "tax_4iCyEKhCFaNBGGahn3Rn4i",
                "tax_TNpDwGRpCu2QbU5MDWexRa"
            ],
            "item_tax_amt": 0.85
        }
    },
    {
        "model": "timelyapp.order",
        "pk": "ord_7HAwQKDfUmDFTkLXcLfKJK",
        "fields": {
            "invoice": "inv_ebWGjALNW5gMwsQHy2GwFf",
            "discount_code": 1,
            "item_name": "Some Widget",
            "item_description": "A business widget for vertical synergy jargon",
            "quantity_purchased": 4,
            "unit_price": 10,
            "item_price": 40,
            "item_total_price": 43.4,
            "item_tax_rates": [
                "tax_4iCyEKhCFaNBGGahn3Rn4i",
                "tax_TNpDwGRpCu2QbU5MDWexRa"
            ],
            "item_tax_amt": 3.4
        }
    },
    {
        "model": "timelyapp.order",
        "pk": "ord_SKCPhSubUZdQF9JQG2cVho",
        "fields": {
            "invoice": "inv_ebWGjALNW5gMwsQHy2GwFf",
            "discount_code": 1,
            "item_name": "A Different Widget",
            "item_description": "A widget for backward overflow jargon",
            "quantity_purchased": 2,
            "unit_price": 20,
            "item_price": 40,
            "item_total_price": 43.4,
            "item_tax_rates": [
                "tax_4iCyEKhCFaNBGGahn3Rn4i",
                "tax_TNpDwGRpCu2QbU5MDWexRa"
            ],
            "item_tax_amt": 3.4
        }
    },
    {
        "model": "timelyapp.order",
        "pk": "ord_bN3c8RHd7Rwhbn7HYN8Fro",
        "fields": {
            "invoice": "inv_ebWGjALNW5gMwsQHy2GwFf",
            "discount_code": 1,
            "item_name": "A Different Widget",
            "item_description": "A widget for backward overflow jargon",
            "quantity_purchased": 2,
            "unit_price": 20,
            "item_price": 40,
            "item_total_price": 43.4,
            "item_tax_rates": [
                "tax_4iCyEKhCFaNBGGahn3Rn4i",
                "tax_TNpDwGRpCu2QbU5MDWexRa"
            ],
            "item_tax_amt": 3.4
        }
    },
    {
        "model": "timelyapp.order",
        "pk": "ord_DnuXuUKccVMd6p54BRhmKz",
        "fields": {
            "invoice": "inv_ebWGjALNW5gMwsQHy2GwFf",
            "discount_code": 1,
            "item_name": "A Different Widget",
            "item_description": "A widget for backward overflow jargon",
            "quantity_purchased": 5,
            "unit_price": 20,
            "item_price": 100,
            "item_total_price": 108.5,
            "item_tax_rates": [
                "tax_4iCyEKhCFaNBGGahn3Rn4i",
                "tax_TNpDwGRpCu2QbU5MDWexRa"
            ],
            "item_tax_amt": 8.5
        }
    },
    {
        "model": "timelyapp.order",
        "pk": "ord_Rs2DBwAZgPHr3Jnzzhj5sj",
        "fields": {
            "invoice": "inv_ebWGjALNW5gMwsQHy2GwFf",
            "discount_code": 1,
            "item_name": "Some Widget",
            "item_description": "A business widget for vertical synergy jargon",
            "quantity_purchased": 9,
            "unit_price": 10,
            "item_price": 90,
            "item_total_price": 97.65,
            "item_tax_rates": [
                "tax_4iCyEKhCFaNBGGahn3Rn4i",
                "tax_TNpDwGRpCu2QbU5MDWexRa"
            ],
            "item_tax_amt": 7.65
        }
    },
    {
        "model": "timelyapp.invoice",
        "pk": "inv_ebWGjALNW5gMwsQHy2GwFf",
        "fields": {
            "invoice_name": "BC22000017",
            "date_sent": "2022-04-12",
            "date_due": "2022-05-12",
            "bill_from": "biz_XhLAvUW63VuD4vfuCtEZKw",
            "bill_to": "biz_D3FraiLKpJicT9CdJhwwYc",
            "terms": "NET30",
            "invoice_price": 531.65,
            "invoice_tax_amt": 41.65,
            "invoice_total_price": 573.3,
            "currency": "USD",
            "is_flagged": false,
            "is_scheduled": false,
            "is_paid": false
        }
    },
    {
        "model": "timelyapp.order",
        "pk": "ord_ZyzwsmUWyt88Z3SFbCpY2m",
        "fields": {
            "invoice": "inv_Bq5c3FVG34TQqgC9eQBzzQ",
            "discount_code": 1,
            "item_name": "Some Widget",
            "item_description": "A business widget for vertical synergy jargon",
            "quantity_purchased": 2,
            "unit_price": 10,
            "item_price": 20,
            "item_total_price": 21.7,
            "item_tax_rates": [
                "tax_4iCyEKhCFaNBGGahn3Rn4i",
                "tax_TNpDwGRpCu2QbU5MDWexRa"
            ],
            "item_tax_amt": 1.7
        }
    },
    {
        "model": "timelyapp.order",
        "pk": "ord_Q3QYRhfkdLDJZwgss6ey2t",
        "fields": {
            "invoice": "inv_Bq5c3FVG34TQqgC9eQBzzQ",
            "discount_code": 1,
            "item_name": "Some Widget",
            "item_description": "A business widget for vertical synergy jargon",
            "quantity_purchased": 3,
            "unit_price": 10,
            "item_price": 30,
            "item_total_price": 32.55,
            "item_tax_rates": [
                "tax_4iCyEKhCFaNBGGahn3Rn4i",
                "tax_TNpDwGRpCu2QbU5MDWexRa"
            ],
            "item_tax_amt": 2.55
        }
    },
    {
        "model": "timelyapp.order",
        "pk": "ord_Az9ECtDZDjSwxj79Sj7Ud4",
        "fields": {
            "invoice": "inv_Bq5c3FVG34TQqgC9eQBzzQ",
            "discount_code": 1,
            "item_name": "Some Widget",
            "item_description": "A business widget for vertical synergy jargon",
            "quantity_purchased": 10,
            "unit_price": 10,
            "item_price": 100,
            "item_total_price": 108.5,
            "item_tax_rates": [
                "tax_4iCyEKhCFaNBGGahn3Rn4i",
                "tax_TNpDwGRpCu2QbU5MDWexRa"
            ],
            "item_tax_amt": 8.5
        }
    },
    {
        "model": "timelyapp.invoice",
        "pk": "inv_Bq5c3FVG34TQqgC9eQBzzQ",
        "fields": {
            "invoice_name": "TN22000018",
            "date_sent": "2022-02-11",
            "date_due": "2022-06-11",
            "bill_from": "biz_Cz9xETFw7mt6edtQdUYKhJ",
            "bill_to": "biz_XhLAvUW63VuD4vfuCtEZKw",
            "terms": "NET120",
            "invoice_price": 162.75,
            "invoice_tax_amt": 12.75,
            "invoice_total_price": 175.5,
            "currency": "USD",
            "is_flagged": false,
            "is_scheduled": false,
            "is_paid": false
        }
    },
    {
        "model": "timelyapp.order",
        "pk": "ord_LKBR7myzPShyJbcdaTZLUN",
        "fields": {
            "invoice": "inv_ZpiHt5miXyJdi4SEtqFPqo",
            "discount_code": 1,
            "item_name": "Some Widget",
            "item_description": "A business widget for vertical synergy jargon",
            "quantity_purchased": 9,
            "unit_price": 10,
            "item_price": 90,
            "item_total_price": 97.65,
            "item_tax_rates": [
                "tax_4iCyEKhCFaNBGGahn3Rn4i",
                "tax_TNpDwGRpCu2QbU5MDWexRa"
            ],
            "item_tax_amt": 7.65
        }
    },
    {
        "model": "timelyapp.order",
        "pk": "ord_dC3PN6BGDrhxwxVS5ejNQT",
        "fields": {
            "invoice": "inv_ZpiHt5miXyJdi4SEtqFPqo",
            "discount_code": 1,
            "item_name": "Professional Services",
            "item_description": "Overpriced Legal/Technical/Medical services that you cannot afford to avoid.",
            "quantity_purchased": 5,
            "unit_price": 10,
            "item_price": 50,
            "item_total_price": 54.25,
            "item_tax_rates": [
                "tax_4iCyEKhCFaNBGGahn3Rn4i",
                "tax_TNpDwGRpCu2QbU5MDWexRa"
            ],
            "item_tax_amt": 4.25
        }
    },
    {
        "model": "timelyapp.order",
        "pk": "ord_8Ga36GNfKc4zTphvMZMzjx",
        "fields": {
            "invoice": "inv_ZpiHt5miXyJdi4SEtqFPqo",
            "discount_code": 1,
            "item_name": "Some Widget",
            "item_description": "A business widget for vertical synergy jargon",
            "quantity_purchased": 3,
            "unit_price": 10,
            "item_price": 30,
            "item_total_price": 32.55,
            "item_tax_rates": [
                "tax_4iCyEKhCFaNBGGahn3Rn4i",
                "tax_TNpDwGRpCu2QbU5MDWexRa"
            ],
            "item_tax_amt": 2.55
        }
    },
    {
        "model": "timelyapp.order",
        "pk": "ord_FZ7E22rquKutfEfZR4qjBW",
        "fields": {
            "invoice": "inv_ZpiHt5miXyJdi4SEtqFPqo",
            "discount_code": 1,
            "item_name": "Infeasibility Consulting Study",
            "item_description": "A big useless report on what you want to hear",
            "quantity_purchased": 9,
            "unit_price": 20,
            "item_price": 180,
            "item_total_price": 195.3,
            "item_tax_rates": [
                "tax_4iCyEKhCFaNBGGahn3Rn4i",
                "tax_TNpDwGRpCu2QbU5MDWexRa"
            ],
            "item_tax_amt": 15.3
        }
    },
    {
        "model": "timelyapp.order",
        "pk": "ord_AxpKr9wonBASf2HrVkvZCe",
        "fields": {
            "invoice": "inv_ZpiHt5miXyJdi4SEtqFPqo",
            "discount_code": 1,
            "item_name": "Professional Services",
            "item_description": "Overpriced Legal/Technical/Medical services that you cannot afford to avoid.",
            "quantity_purchased": 1,
            "unit_price": 10,
            "item_price": 10,
            "item_total_price": 10.85,
            "item_tax_rates": [
                "tax_4iCyEKhCFaNBGGahn3Rn4i",
                "tax_TNpDwGRpCu2QbU5MDWexRa"
            ],
            "item_tax_amt": 0.85
        }
    },
    {
        "model": "timelyapp.order",
        "pk": "ord_K6bSqy7oZVSHnyzZDBxpUZ",
        "fields": {
            "invoice": "inv_ZpiHt5miXyJdi4SEtqFPqo",
            "discount_code": 1,
            "item_name": "Infeasibility Consulting Study",
            "item_description": "A big useless report on what you want to hear",
            "quantity_purchased": 1,
            "unit_price": 20,
            "item_price": 20,
            "item_total_price": 21.7,
            "item_tax_rates": [
                "tax_4iCyEKhCFaNBGGahn3Rn4i",
                "tax_TNpDwGRpCu2QbU5MDWexRa"
            ],
            "item_tax_amt": 1.7
        }
    },
    {
        "model": "timelyapp.order",
        "pk": "ord_63ue3zkHvSgQMCADjUQEmD",
        "fields": {
            "invoice": "inv_ZpiHt5miXyJdi4SEtqFPqo",
            "discount_code": 1,
            "item_name": "Some Widget",
            "item_description": "A business widget for vertical synergy jargon",
            "quantity_purchased": 4,
            "unit_price": 10,
            "item_price": 40,
            "item_total_price": 43.4,
            "item_tax_rates": [
                "tax_4iCyEKhCFaNBGGahn3Rn4i",
                "tax_TNpDwGRpCu2QbU5MDWexRa"
            ],
            "item_tax_amt": 3.4
        }
    },
    {
        "model": "timelyapp.order",
        "pk": "ord_LZ6K4jo9QMPxFwBWpLzwgj",
        "fields": {
            "invoice": "inv_ZpiHt5miXyJdi4SEtqFPqo",
            "discount_code": 1,
            "item_name": "Some Widget",
            "item_description": "A business widget for vertical synergy jargon",
            "quantity_purchased": 9,
            "unit_price": 10,
            "item_price": 90,
            "item_total_price": 97.65,
            "item_tax_rates": [
                "tax_4iCyEKhCFaNBGGahn3Rn4i",
                "tax_TNpDwGRpCu2QbU5MDWexRa"
            ],
            "item_tax_amt": 7.65
        }
    },
    {
        "model": "timelyapp.order",
        "pk": "ord_HHTdb7Gb4qCLNy4zAV9TYc",
        "fields": {
            "invoice": "inv_ZpiHt5miXyJdi4SEtqFPqo",
            "discount_code": 1,
            "item_name": "A Different Widget",
            "item_description": "A widget for backward overflow jargon",
            "quantity_purchased": 9,
            "unit_price": 20,
            "item_price": 180,
            "item_total_price": 195.3,
            "item_tax_rates": [
                "tax_4iCyEKhCFaNBGGahn3Rn4i",
                "tax_TNpDwGRpCu2QbU5MDWexRa"
            ],
            "item_tax_amt": 15.3
        }
    },
    {
        "model": "timelyapp.invoice",
        "pk": "inv_ZpiHt5miXyJdi4SEtqFPqo",
        "fields": {
            "invoice_name": "BC22000019",
            "date_sent": "2022-03-06",
            "date_due": "2022-04-05",
            "bill_from": "biz_XhLAvUW63VuD4vfuCtEZKw",
            "bill_to": "biz_Cz9xETFw7mt6edtQdUYKhJ",
            "terms": "NET30",
            "invoice_price": 748.6500000000001,
            "invoice_tax_amt": 58.650000000000006,
            "invoice_total_price": 807.3000000000001,
            "currency": "USD",
            "is_flagged": true,
            "is_scheduled": false,
            "is_paid": false
        }
    },
    {
        "model": "timelyapp.order",
        "pk": "ord_Uorwzgtu7TWVAwPdtcBqrR",
        "fields": {
            "invoice": "inv_7yE6GBc8VwpReu75oEekxE",
            "discount_code": 1,
            "item_name": "Professional Services",
            "item_description": "Overpriced Legal/Technical/Medical services that you cannot afford to avoid.",
            "quantity_purchased": 2,
            "unit_price": 10,
            "item_price": 20,
            "item_total_price": 21.7,
            "item_tax_rates": [
                "tax_4iCyEKhCFaNBGGahn3Rn4i",
                "tax_TNpDwGRpCu2QbU5MDWexRa"
            ],
            "item_tax_amt": 1.7
        }
    },
    {
        "model": "timelyapp.order",
        "pk": "ord_Zoyet9WbBE7ZL85KhgADYR",
        "fields": {
            "invoice": "inv_7yE6GBc8VwpReu75oEekxE",
            "discount_code": 1,
            "item_name": "Some Widget",
            "item_description": "A business widget for vertical synergy jargon",
            "quantity_purchased": 6,
            "unit_price": 10,
            "item_price": 60,
            "item_total_price": 65.1,
            "item_tax_rates": [
                "tax_4iCyEKhCFaNBGGahn3Rn4i",
                "tax_TNpDwGRpCu2QbU5MDWexRa"
            ],
            "item_tax_amt": 5.1
        }
    },
    {
        "model": "timelyapp.order",
        "pk": "ord_JkXVidt6Z8wYoNeSHNQGya",
        "fields": {
            "invoice": "inv_7yE6GBc8VwpReu75oEekxE",
            "discount_code": 1,
            "item_name": "A Different Widget",
            "item_description": "A widget for backward overflow jargon",
            "quantity_purchased": 8,
            "unit_price": 20,
            "item_price": 160,
            "item_total_price": 173.6,
            "item_tax_rates": [
                "tax_4iCyEKhCFaNBGGahn3Rn4i",
                "tax_TNpDwGRpCu2QbU5MDWexRa"
            ],
            "item_tax_amt": 13.6
        }
    },
    {
        "model": "timelyapp.order",
        "pk": "ord_39XjYZ3XEWiX2ArqFGQdEc",
        "fields": {
            "invoice": "inv_7yE6GBc8VwpReu75oEekxE",
            "discount_code": 1,
            "item_name": "Some Widget",
            "item_description": "A business widget for vertical synergy jargon",
            "quantity_purchased": 1,
            "unit_price": 10,
            "item_price": 10,
            "item_total_price": 10.85,
            "item_tax_rates": [
                "tax_4iCyEKhCFaNBGGahn3Rn4i",
                "tax_TNpDwGRpCu2QbU5MDWexRa"
            ],
            "item_tax_amt": 0.85
        }
    },
    {
        "model": "timelyapp.order",
        "pk": "ord_bdrgYjXyRwFadRprS4VkmP",
        "fields": {
            "invoice": "inv_7yE6GBc8VwpReu75oEekxE",
            "discount_code": 1,
            "item_name": "Infeasibility Consulting Study",
            "item_description": "A big useless report on what you want to hear",
            "quantity_purchased": 1,
            "unit_price": 20,
            "item_price": 20,
            "item_total_price": 21.7,
            "item_tax_rates": [
                "tax_4iCyEKhCFaNBGGahn3Rn4i",
                "tax_TNpDwGRpCu2QbU5MDWexRa"
            ],
            "item_tax_amt": 1.7
        }
    },
    {
        "model": "timelyapp.order",
        "pk": "ord_7ta32DT3gEGJSn5CjPzk62",
        "fields": {
            "invoice": "inv_7yE6GBc8VwpReu75oEekxE",
            "discount_code": 1,
            "item_name": "Some Widget",
            "item_description": "A business widget for vertical synergy jargon",
            "quantity_purchased": 8,
            "unit_price": 10,
            "item_price": 80,
            "item_total_price": 86.8,
            "item_tax_rates": [
                "tax_4iCyEKhCFaNBGGahn3Rn4i",
                "tax_TNpDwGRpCu2QbU5MDWexRa"
            ],
            "item_tax_amt": 6.8
        }
    },
    {
        "model": "timelyapp.order",
        "pk": "ord_ZpLr5RtruzBHvqQuXCUCQY",
        "fields": {
            "invoice": "inv_7yE6GBc8VwpReu75oEekxE",
            "discount_code": 1,
            "item_name": "A Different Widget",
            "item_description": "A widget for backward overflow jargon",
            "quantity_purchased": 4,
            "unit_price": 20,
            "item_price": 80,
            "item_total_price": 86.8,
            "item_tax_rates": [
                "tax_4iCyEKhCFaNBGGahn3Rn4i",
                "tax_TNpDwGRpCu2QbU5MDWexRa"
            ],
            "item_tax_amt": 6.8
        }
    },
    {
        "model": "timelyapp.invoice",
        "pk": "inv_7yE6GBc8VwpReu75oEekxE",
        "fields": {
            "invoice_name": "FS22000020",
            "date_sent": "2022-06-14",
            "date_due": "2022-09-12",
            "bill_from": "biz_D3FraiLKpJicT9CdJhwwYc",
            "bill_to": "biz_XhLAvUW63VuD4vfuCtEZKw",
            "terms": "NET90",
            "invoice_price": 466.55,
            "invoice_tax_amt": 36.55,
            "invoice_total_price": 503.1,
            "currency": "USD",
            "is_flagged": false,
            "is_scheduled": false,
            "is_paid": false
        }
    }
]