[
    {
        "model": "timelyapp.business",
        "pk": "biz_4iCyEKhCFaNBGGahn3Rn4i",
        "fields": {
            "is_member": true,
            "is_individual": false,
            "business_name": "Business A",
            "billing_address": 1,
            "shipping_address": null,
            "date_joined": "2021-03-01",
            "business_email": "nick.fournier@berkeley.edu",
            "business_phone": "555-555-5555",
            "business_fax": null,
            "stripe_act_id": "acct_1JDpru2Ex7Z79PyO",
            "stripe_cus_id": "cus_JvPwFpPMrKdrNU"
        }
    },
    {
        "model": "timelyapp.business",
        "pk": "biz_XhLAvUW63VuD4vfuCtEZKw",
        "fields": {
            "is_member": true,
            "is_individual": false,
            "business_name": "Business B",
            "billing_address": 2,
            "shipping_address": null,
            "date_joined": "2021-03-01",
            "business_email": "omar.mohamed@berkeley.edu",
            "business_phone": "555-555-5555",
            "business_fax": null,
            "stripe_act_id": "acct_1JDcak2HzyuoAy7h",
            "stripe_cus_id": "cus_JvQ1UCAmTJt5nR"
        }
    },
    {
        "model": "timelyapp.business",
        "pk": "biz_Cz9xETFw7mt6edtQdUYKhJ",
        "fields": {
            "is_member": true,
            "is_individual": false,
            "business_name": "Third Business",
            "billing_address": 3,
            "shipping_address": null,
            "date_joined": "2021-03-01",
            "business_email": "businessemail@three.com",
            "business_phone": "555-555-5555",
            "business_fax": null
        }
    },
    {
        "model": "timelyapp.business",
        "pk": "biz_D3FraiLKpJicT9CdJhwwYc",
        "fields": {
            "is_member": true,
            "is_individual": false,
            "business_name": "Fourth Store",
            "billing_address": 4,
            "shipping_address": null,
            "date_joined": "2021-03-01",
            "business_email": "businessemail@FOUR.com",
            "business_phone": "555-555-5555",
            "business_fax": null
        }
    },
    {
        "model": "timelyapp.address",
        "pk": 1,
        "fields": {
            "address_1": "1880 Page St",
            "address_2": null,
            "city": "San Francisco",
            "state": "CA",
            "zip_code": "94117",
            "country": "USA"
        }
    },
    {
        "model": "timelyapp.address",
        "pk": 2,
        "fields": {
            "address_1": "1 Somewhere Ave",
            "address_2": null,
            "city": "Northcote",
            "state": "VIC",
            "zip_code": "3070",
            "country": "AU"
        }
    },
    {
        "model": "timelyapp.address",
        "pk": 3,
        "fields": {
            "address_1": "1 Powlett S",
            "address_2": null,
            "city": "East Melbourne",
            "state": "VIC",
            "zip_code": "3002",
            "country": "AU"
        }
    },
    {
        "model": "timelyapp.address",
        "pk": 4,
        "fields": {
            "address_1": "1 Commonwealth Ave",
            "address_2": null,
            "city": "Boston",
            "state": "MA",
            "zip_code": "02116",
            "country": "USA"
        }
    },
    {
        "model": "timelyapp.discount",
        "pk": 1,
        "fields": {
            "discount_code": "NONE",
            "description": "No discount",
            "discount_ratio": 1.0
        }
    },
    {
        "model": "timelyapp.payments",
        "pk": 1,
        "fields": {
            "type": "ACH"
        }
    },
    {
        "model": "timelyapp.payments",
        "pk": 2,
        "fields": {
            "type": "CREDIT"
        }
    },
    {
        "model": "timelyapp.payments",
        "pk": 3,
        "fields": {
            "type": "CHECK"
        }
    },
    {
        "model": "timelyapp.inventory",
        "pk": "itm_SZFxbfXaTJBWwjWExtnVfu",
        "fields": {
            "business": "biz_4iCyEKhCFaNBGGahn3Rn4i",
            "last_updated": "2021-03-03",
            "item_name": "Some Widget",
            "description": "A business widget for vertical synergy jargon",
            "quantity_in_stock": 1000,
            "item_unit": "pc",
            "item_price": 10,
            "currency": "USD"
        }
    },
    {
        "model": "timelyapp.inventory",
        "pk": "itm_VaDg3wAD9GaCWQQm3QyVNF",
        "fields": {
            "business": "biz_4iCyEKhCFaNBGGahn3Rn4i",
            "last_updated": "2021-03-03",
            "item_name": "A Different Widget",
            "description": "A widget for backward overflow jargon",
            "quantity_in_stock": 1000,
            "item_unit": "pc",
            "item_price": 20,
            "currency": "USD"
        }
    },
    {
        "model": "timelyapp.inventory",
        "pk": "itm_apbLZLTJKfECq39JKDhNVz",
        "fields": {
            "business": "biz_XhLAvUW63VuD4vfuCtEZKw",
            "last_updated": "2021-03-13",
            "item_name": "Professional Services",
            "description": "Overpriced Legal/Technical/Medical services that you cannot afford to avoid.",
            "quantity_in_stock": 1000,
            "item_unit": "hrs",
            "item_price": 10,
            "currency": "USD"
        }
    },
    {
        "model": "timelyapp.inventory",
        "pk": "itm_kiTehBv64Fay8LwZ7dHVHk",
        "fields": {
            "business": "biz_XhLAvUW63VuD4vfuCtEZKw",
            "last_updated": "2021-03-13",
            "item_name": "Infeasibility Consulting Study",
            "description": "A big useless report on what you want to hear",
            "quantity_in_stock": 1000,
            "item_unit": "hrs",
            "item_price": 20,
            "currency": "USD"
        }
    },
    {
        "model": "timelyapp.order",
        "pk": "ord_2qHr6HMgNarXRzBqrgFWyW",
        "fields": {
            "invoice": "inv_HkeuxfmJfLQ2krrgA4me7u",
            "discount_code": 1,
            "item_name": "Some Widget",
            "item_description": null,
            "quantity_purchased": 4,
            "item_price": 10,
            "item_total_price": 40
        }
    },
    {
        "model": "timelyapp.invoice",
        "pk": "inv_HkeuxfmJfLQ2krrgA4me7u",
        "fields": {
            "invoice_name": "BA21000001",
            "date_sent": "2021-03-30",
            "date_due": "2021-04-30",
            "bill_from": "biz_4iCyEKhCFaNBGGahn3Rn4i",
            "bill_to": "biz_XhLAvUW63VuD4vfuCtEZKw",
            "terms": "NET30",
            "invoice_total_price": 100,
            "currency": "USD",
            "is_flagged": false,
            "is_scheduled": false,
            "is_paid": false
        }
    },
    {
        "model": "timelyapp.customuser",
        "pk": "usr_ggAYZRZkbM2aqw4zR6k5wT",
        "fields": {
            "business": "biz_4iCyEKhCFaNBGGahn3Rn4i",
            "password": "pbkdf2_sha256$260000$IUq4JkpiyMAjtPI85AMuog$hr++YQCxhTKDW/LHfdSij1+qzgfyRexLouANDTa36VI=",
            "last_login": "2021-04-29T16:24:18.247Z",
            "is_superuser": false,
            "email": "nick@nick.com",
            "first_name": "Nick",
            "last_name": "Fournier",
            "role": "OWNER",
            "is_active": true,
            "date_joined": "2021-04-29T16:24:17.960Z",
            "groups": [],
            "user_permissions": []
        }
    },
    {
        "model": "account.emailaddress",
        "pk": 1,
        "fields": {
            "verified": true,
            "primary": true,
            "user_id": "usr_ggAYZRZkbM2aqw4zR6k5wT",
            "email": "nick@nick.com"
        }
    },
    {
        "model": "timelyapp.customuser",
        "pk": "usr_C82raN5JFCoWVQGAeDLRxa",
        "fields": {
            "business": "biz_XhLAvUW63VuD4vfuCtEZKw",
            "password": "pbkdf2_sha256$260000$vZXc8TF9Kx01u0lVbEhj63$5qvugVywe6WMc1jftHcOY/g1KIBkYARFpbq2ic0Mwas=",
            "last_login": "2021-04-29T16:24:51.077Z",
            "is_superuser": false,
            "email": "omar@omar.com",
            "first_name": "Omar",
            "last_name": "Mohamed",
            "role": "OWNER",
            "is_active": true,
            "date_joined": "2021-04-29T16:24:50.849Z",
            "groups": [],
            "user_permissions": []
        }
    },
    {
        "model": "account.emailaddress",
        "pk": 2,
        "fields": {
            "verified": true,
            "primary": true,
            "user_id": "usr_C82raN5JFCoWVQGAeDLRxa",
            "email": "omar@omar.com"
        }
    },
    {
        "model": "timelyapp.customuser",
        "pk": "usr_hsgrVXy6qPYKLeq9Y7GaK2",
        "fields": {
            "business": "biz_Cz9xETFw7mt6edtQdUYKhJ",
            "password": "pbkdf2_sha256$260000$vZXc8TF9Kx01u0lVbEhj63$5qvugVywe6WMc1jftHcOY/g1KIBkYARFpbq2ic0Mwas=",
            "last_login": "2021-04-29T16:24:51.077Z",
            "is_superuser": false,
            "email": "adel@adel.com",
            "first_name": "Adel",
            "last_name": "Kafouri",
            "role": "OWNER",
            "is_active": true,
            "date_joined": "2021-04-29T16:24:50.849Z",
            "groups": [],
            "user_permissions": []
        }
    },
    {
        "model": "account.emailaddress",
        "pk": 3,
        "fields": {
            "verified": true,
            "primary": true,
            "user_id": "usr_hsgrVXy6qPYKLeq9Y7GaK2",
            "email": "adel@adel.com"
        }
    },
    {
        "model": "timelyapp.customuser",
        "pk": "usr_BfTQQwPGfk9ubvskvx4uzB",
        "fields": {
            "business": "biz_D3FraiLKpJicT9CdJhwwYc",
            "password": "pbkdf2_sha256$260000$vZXc8TF9Kx01u0lVbEhj63$5qvugVywe6WMc1jftHcOY/g1KIBkYARFpbq2ic0Mwas=",
            "last_login": "2021-04-29T16:24:51.077Z",
            "is_superuser": false,
            "email": "test@test.com",
            "first_name": "Test",
            "last_name": "Test",
            "role": "OWNER",
            "is_active": true,
            "date_joined": "2021-04-29T16:24:50.849Z",
            "groups": [],
            "user_permissions": []
        }
    },
    {
        "model": "account.emailaddress",
        "pk": 4,
        "fields": {
            "verified": true,
            "primary": true,
            "user_id": "usr_BfTQQwPGfk9ubvskvx4uzB",
            "email": "test@test.com"
        }
    },
    {
        "model": "timelyapp.order",
        "pk": "ord_2HuKa4qff289uT2mQKNpZr",
        "fields": {
            "invoice": "inv_7NAySdadg2iVN7YpttuR4j",
            "discount_code": 1,
            "item_name": "Professional Services",
            "item_description": "Overpriced Legal/Technical/Medical services that you cannot afford to avoid.",
            "quantity_purchased": 4,
            "item_price": 10,
            "item_total_price": 40
        }
    },
    {
        "model": "timelyapp.order",
        "pk": "ord_if6erjvjjqA72PUD2QDgcX",
        "fields": {
            "invoice": "inv_7NAySdadg2iVN7YpttuR4j",
            "discount_code": 1,
            "item_name": "Infeasibility Consulting Study",
            "item_description": "A big useless report on what you want to hear",
            "quantity_purchased": 6,
            "item_price": 20,
            "item_total_price": 120
        }
    },
    {
        "model": "timelyapp.order",
        "pk": "ord_NWRCccrX6snDXsFMP2vffW",
        "fields": {
            "invoice": "inv_7NAySdadg2iVN7YpttuR4j",
            "discount_code": 1,
            "item_name": "Infeasibility Consulting Study",
            "item_description": "A big useless report on what you want to hear",
            "quantity_purchased": 4,
            "item_price": 20,
            "item_total_price": 80
        }
    },
    {
        "model": "timelyapp.order",
        "pk": "ord_FHaqCZGVC4tJKSUzcabdN2",
        "fields": {
            "invoice": "inv_7NAySdadg2iVN7YpttuR4j",
            "discount_code": 1,
            "item_name": "Infeasibility Consulting Study",
            "item_description": "A big useless report on what you want to hear",
            "quantity_purchased": 6,
            "item_price": 20,
            "item_total_price": 120
        }
    },
    {
        "model": "timelyapp.order",
        "pk": "ord_Cb2tpvaxjyKfUMpwoXfUSg",
        "fields": {
            "invoice": "inv_7NAySdadg2iVN7YpttuR4j",
            "discount_code": 1,
            "item_name": "Infeasibility Consulting Study",
            "item_description": "A big useless report on what you want to hear",
            "quantity_purchased": 1,
            "item_price": 20,
            "item_total_price": 20
        }
    },
    {
        "model": "timelyapp.order",
        "pk": "ord_3eekqNDoz6Wo9MzkzWM9xs",
        "fields": {
            "invoice": "inv_7NAySdadg2iVN7YpttuR4j",
            "discount_code": 1,
            "item_name": "Infeasibility Consulting Study",
            "item_description": "A big useless report on what you want to hear",
            "quantity_purchased": 4,
            "item_price": 20,
            "item_total_price": 80
        }
    },
    {
        "model": "timelyapp.invoice",
        "pk": "inv_7NAySdadg2iVN7YpttuR4j",
        "fields": {
            "invoice_name": "BB21000001",
            "date_sent": "2021-09-23",
            "date_due": "2021-09-23",
            "bill_from": "biz_XhLAvUW63VuD4vfuCtEZKw",
            "bill_to": "biz_XhLAvUW63VuD4vfuCtEZKw",
            "terms": "CIA",
            "invoice_total_price": 460,
            "currency": "USD",
            "is_flagged": true,
            "is_scheduled": false,
            "is_paid": false
        }
    },
    {
        "model": "timelyapp.order",
        "pk": "ord_D9v5JrccBetJ7GiCe2bdtZ",
        "fields": {
            "invoice": "inv_5NpomuwfmnBLcZ5mRRGFi4",
            "discount_code": 1,
            "item_name": "A Different Widget",
            "item_description": "A widget for backward overflow jargon",
            "quantity_purchased": 10,
            "item_price": 20,
            "item_total_price": 200
        }
    },
    {
        "model": "timelyapp.order",
        "pk": "ord_o3mnQ4U7cjDsts79f5273J",
        "fields": {
            "invoice": "inv_5NpomuwfmnBLcZ5mRRGFi4",
            "discount_code": 1,
            "item_name": "A Different Widget",
            "item_description": "A widget for backward overflow jargon",
            "quantity_purchased": 3,
            "item_price": 20,
            "item_total_price": 60
        }
    },
    {
        "model": "timelyapp.order",
        "pk": "ord_YaunNHLVm7EiYrtjBAu7Sz",
        "fields": {
            "invoice": "inv_5NpomuwfmnBLcZ5mRRGFi4",
            "discount_code": 1,
            "item_name": "A Different Widget",
            "item_description": "A widget for backward overflow jargon",
            "quantity_purchased": 9,
            "item_price": 20,
            "item_total_price": 180
        }
    },
    {
        "model": "timelyapp.invoice",
        "pk": "inv_5NpomuwfmnBLcZ5mRRGFi4",
        "fields": {
            "invoice_name": "TB21000002",
            "date_sent": "2021-11-26",
            "date_due": null,
            "bill_from": "biz_Cz9xETFw7mt6edtQdUYKhJ",
            "bill_to": "biz_D3FraiLKpJicT9CdJhwwYc",
            "terms": "COD",
            "invoice_total_price": 440,
            "currency": "USD",
            "is_flagged": false,
            "is_scheduled": true,
            "is_paid": false
        }
    },
    {
        "model": "timelyapp.order",
        "pk": "ord_U2kL9S42zAqoTn2t7iF8VJ",
        "fields": {
            "invoice": "inv_3an38gLoSXsUk5eWziwqx8",
            "discount_code": 1,
            "item_name": "Professional Services",
            "item_description": "Overpriced Legal/Technical/Medical services that you cannot afford to avoid.",
            "quantity_purchased": 1,
            "item_price": 10,
            "item_total_price": 10
        }
    },
    {
        "model": "timelyapp.order",
        "pk": "ord_U9xg6y9YfMgoF6TngPP69y",
        "fields": {
            "invoice": "inv_3an38gLoSXsUk5eWziwqx8",
            "discount_code": 1,
            "item_name": "Infeasibility Consulting Study",
            "item_description": "A big useless report on what you want to hear",
            "quantity_purchased": 9,
            "item_price": 20,
            "item_total_price": 180
        }
    },
    {
        "model": "timelyapp.order",
        "pk": "ord_VZoZWMGmAY54i5E5NEca4h",
        "fields": {
            "invoice": "inv_3an38gLoSXsUk5eWziwqx8",
            "discount_code": 1,
            "item_name": "Professional Services",
            "item_description": "Overpriced Legal/Technical/Medical services that you cannot afford to avoid.",
            "quantity_purchased": 5,
            "item_price": 10,
            "item_total_price": 50
        }
    },
    {
        "model": "timelyapp.order",
        "pk": "ord_dypDsWxW28HoN7a6uF3x9L",
        "fields": {
            "invoice": "inv_3an38gLoSXsUk5eWziwqx8",
            "discount_code": 1,
            "item_name": "Some Widget",
            "item_description": "A business widget for vertical synergy jargon",
            "quantity_purchased": 8,
            "item_price": 10,
            "item_total_price": 80
        }
    },
    {
        "model": "timelyapp.order",
        "pk": "ord_ifYSkZNEX4yc5KHno6LPsL",
        "fields": {
            "invoice": "inv_3an38gLoSXsUk5eWziwqx8",
            "discount_code": 1,
            "item_name": "Professional Services",
            "item_description": "Overpriced Legal/Technical/Medical services that you cannot afford to avoid.",
            "quantity_purchased": 10,
            "item_price": 10,
            "item_total_price": 100
        }
    },
    {
        "model": "timelyapp.order",
        "pk": "ord_j59Hwa5e4ETrShPWnsY9YT",
        "fields": {
            "invoice": "inv_3an38gLoSXsUk5eWziwqx8",
            "discount_code": 1,
            "item_name": "Some Widget",
            "item_description": "A business widget for vertical synergy jargon",
            "quantity_purchased": 5,
            "item_price": 10,
            "item_total_price": 50
        }
    },
    {
        "model": "timelyapp.order",
        "pk": "ord_EJeYpWSHYVMbGvW6gKzgbK",
        "fields": {
            "invoice": "inv_3an38gLoSXsUk5eWziwqx8",
            "discount_code": 1,
            "item_name": "Some Widget",
            "item_description": "A business widget for vertical synergy jargon",
            "quantity_purchased": 1,
            "item_price": 10,
            "item_total_price": 10
        }
    },
    {
        "model": "timelyapp.invoice",
        "pk": "inv_3an38gLoSXsUk5eWziwqx8",
        "fields": {
            "invoice_name": "FS21000003",
            "date_sent": "2021-09-22",
            "date_due": "2021-09-22",
            "bill_from": "biz_D3FraiLKpJicT9CdJhwwYc",
            "bill_to": "biz_4iCyEKhCFaNBGGahn3Rn4i",
            "terms": "CIA",
            "invoice_total_price": 480,
            "currency": "USD",
            "is_flagged": true,
            "is_scheduled": false,
            "is_paid": false
        }
    },
    {
        "model": "timelyapp.order",
        "pk": "ord_WwMM7oniWpT7CRHCz7rZJZ",
        "fields": {
            "invoice": "inv_gF4Z35vTvaFLTiLAbrx3GM",
            "discount_code": 1,
            "item_name": "Some Widget",
            "item_description": "A business widget for vertical synergy jargon",
            "quantity_purchased": 4,
            "item_price": 10,
            "item_total_price": 40
        }
    },
    {
        "model": "timelyapp.order",
        "pk": "ord_B7GwV8hrM24JtzVz4wnvv6",
        "fields": {
            "invoice": "inv_gF4Z35vTvaFLTiLAbrx3GM",
            "discount_code": 1,
            "item_name": "A Different Widget",
            "item_description": "A widget for backward overflow jargon",
            "quantity_purchased": 5,
            "item_price": 20,
            "item_total_price": 100
        }
    },
    {
        "model": "timelyapp.order",
        "pk": "ord_n2smfAPTWaopEadZZFjXTW",
        "fields": {
            "invoice": "inv_gF4Z35vTvaFLTiLAbrx3GM",
            "discount_code": 1,
            "item_name": "Some Widget",
            "item_description": "A business widget for vertical synergy jargon",
            "quantity_purchased": 4,
            "item_price": 10,
            "item_total_price": 40
        }
    },
    {
        "model": "timelyapp.order",
        "pk": "ord_7mnNMTcZRuNm8ky8qMiVq9",
        "fields": {
            "invoice": "inv_gF4Z35vTvaFLTiLAbrx3GM",
            "discount_code": 1,
            "item_name": "Infeasibility Consulting Study",
            "item_description": "A big useless report on what you want to hear",
            "quantity_purchased": 6,
            "item_price": 20,
            "item_total_price": 120
        }
    },
    {
        "model": "timelyapp.invoice",
        "pk": "inv_gF4Z35vTvaFLTiLAbrx3GM",
        "fields": {
            "invoice_name": "TB21000004",
            "date_sent": "2021-10-07",
            "date_due": null,
            "bill_from": "biz_Cz9xETFw7mt6edtQdUYKhJ",
            "bill_to": "biz_D3FraiLKpJicT9CdJhwwYc",
            "terms": "COD",
            "invoice_total_price": 300,
            "currency": "USD",
            "is_flagged": true,
            "is_scheduled": true,
            "is_paid": false
        }
    },
    {
        "model": "timelyapp.order",
        "pk": "ord_eihExN3TNpDZsvE8Gh4VUv",
        "fields": {
            "invoice": "inv_Re6kNjTyHKPimDCFa3meaV",
            "discount_code": 1,
            "item_name": "Infeasibility Consulting Study",
            "item_description": "A big useless report on what you want to hear",
            "quantity_purchased": 7,
            "item_price": 20,
            "item_total_price": 140
        }
    },
    {
        "model": "timelyapp.order",
        "pk": "ord_KcA3VDc5TFbfrDT5qRfWEi",
        "fields": {
            "invoice": "inv_Re6kNjTyHKPimDCFa3meaV",
            "discount_code": 1,
            "item_name": "Professional Services",
            "item_description": "Overpriced Legal/Technical/Medical services that you cannot afford to avoid.",
            "quantity_purchased": 3,
            "item_price": 10,
            "item_total_price": 30
        }
    },
    {
        "model": "timelyapp.order",
        "pk": "ord_2woWbAUFwyNtoV358B8RRP",
        "fields": {
            "invoice": "inv_Re6kNjTyHKPimDCFa3meaV",
            "discount_code": 1,
            "item_name": "A Different Widget",
            "item_description": "A widget for backward overflow jargon",
            "quantity_purchased": 1,
            "item_price": 20,
            "item_total_price": 20
        }
    },
    {
        "model": "timelyapp.order",
        "pk": "ord_iQ7jaeqyY5SHbQCCovoJBX",
        "fields": {
            "invoice": "inv_Re6kNjTyHKPimDCFa3meaV",
            "discount_code": 1,
            "item_name": "Infeasibility Consulting Study",
            "item_description": "A big useless report on what you want to hear",
            "quantity_purchased": 3,
            "item_price": 20,
            "item_total_price": 60
        }
    },
    {
        "model": "timelyapp.order",
        "pk": "ord_E7NcF3rWz7jzNMy3EzjpUA",
        "fields": {
            "invoice": "inv_Re6kNjTyHKPimDCFa3meaV",
            "discount_code": 1,
            "item_name": "Professional Services",
            "item_description": "Overpriced Legal/Technical/Medical services that you cannot afford to avoid.",
            "quantity_purchased": 6,
            "item_price": 10,
            "item_total_price": 60
        }
    },
    {
        "model": "timelyapp.invoice",
        "pk": "inv_Re6kNjTyHKPimDCFa3meaV",
        "fields": {
            "invoice_name": "FS21000005",
            "date_sent": "2021-12-19",
            "date_due": "2022-02-17",
            "bill_from": "biz_D3FraiLKpJicT9CdJhwwYc",
            "bill_to": "biz_4iCyEKhCFaNBGGahn3Rn4i",
            "terms": "NET60",
            "invoice_total_price": 310,
            "currency": "USD",
            "is_flagged": true,
            "is_scheduled": true,
            "is_paid": false
        }
    },
    {
        "model": "timelyapp.order",
        "pk": "ord_mvnxeUSjQWaobsAdBs7JK5",
        "fields": {
            "invoice": "inv_483oujKiXqhvsEK9p9UQGx",
            "discount_code": 1,
            "item_name": "Some Widget",
            "item_description": "A business widget for vertical synergy jargon",
            "quantity_purchased": 7,
            "item_price": 10,
            "item_total_price": 70
        }
    },
    {
        "model": "timelyapp.order",
        "pk": "ord_NdyjLT8ZUgjekrnASGkJyJ",
        "fields": {
            "invoice": "inv_483oujKiXqhvsEK9p9UQGx",
            "discount_code": 1,
            "item_name": "Infeasibility Consulting Study",
            "item_description": "A big useless report on what you want to hear",
            "quantity_purchased": 1,
            "item_price": 20,
            "item_total_price": 20
        }
    },
    {
        "model": "timelyapp.invoice",
        "pk": "inv_483oujKiXqhvsEK9p9UQGx",
        "fields": {
            "invoice_name": "BB21000006",
            "date_sent": "2022-01-30",
            "date_due": null,
            "bill_from": "biz_XhLAvUW63VuD4vfuCtEZKw",
            "bill_to": "biz_XhLAvUW63VuD4vfuCtEZKw",
            "terms": "COD",
            "invoice_total_price": 90,
            "currency": "USD",
            "is_flagged": false,
            "is_scheduled": true,
            "is_paid": false
        }
    },
    {
        "model": "timelyapp.order",
        "pk": "ord_YiFRkipAMJUJR6wChcQ94y",
        "fields": {
            "invoice": "inv_VnQq85THJQJodyyPbGbJ8e",
            "discount_code": 1,
            "item_name": "Infeasibility Consulting Study",
            "item_description": "A big useless report on what you want to hear",
            "quantity_purchased": 8,
            "item_price": 20,
            "item_total_price": 160
        }
    },
    {
        "model": "timelyapp.order",
        "pk": "ord_AFWgMwv3jVgcEZX8rj73ac",
        "fields": {
            "invoice": "inv_VnQq85THJQJodyyPbGbJ8e",
            "discount_code": 1,
            "item_name": "A Different Widget",
            "item_description": "A widget for backward overflow jargon",
            "quantity_purchased": 4,
            "item_price": 20,
            "item_total_price": 80
        }
    },
    {
        "model": "timelyapp.order",
        "pk": "ord_4TLe3pqGG6PX7HDg3KSqUG",
        "fields": {
            "invoice": "inv_VnQq85THJQJodyyPbGbJ8e",
            "discount_code": 1,
            "item_name": "A Different Widget",
            "item_description": "A widget for backward overflow jargon",
            "quantity_purchased": 5,
            "item_price": 20,
            "item_total_price": 100
        }
    },
    {
        "model": "timelyapp.order",
        "pk": "ord_n2zqGcY4GzrMPHPKur6Lmo",
        "fields": {
            "invoice": "inv_VnQq85THJQJodyyPbGbJ8e",
            "discount_code": 1,
            "item_name": "Infeasibility Consulting Study",
            "item_description": "A big useless report on what you want to hear",
            "quantity_purchased": 3,
            "item_price": 20,
            "item_total_price": 60
        }
    },
    {
        "model": "timelyapp.order",
        "pk": "ord_jgBNaLFC5vHf9WxpTZydWL",
        "fields": {
            "invoice": "inv_VnQq85THJQJodyyPbGbJ8e",
            "discount_code": 1,
            "item_name": "A Different Widget",
            "item_description": "A widget for backward overflow jargon",
            "quantity_purchased": 10,
            "item_price": 20,
            "item_total_price": 200
        }
    },
    {
        "model": "timelyapp.order",
        "pk": "ord_VXzqUkBcvsRPhy7Maeqhxa",
        "fields": {
            "invoice": "inv_VnQq85THJQJodyyPbGbJ8e",
            "discount_code": 1,
            "item_name": "A Different Widget",
            "item_description": "A widget for backward overflow jargon",
            "quantity_purchased": 2,
            "item_price": 20,
            "item_total_price": 40
        }
    },
    {
        "model": "timelyapp.order",
        "pk": "ord_fozR7CHkwrGidqdMJKUX44",
        "fields": {
            "invoice": "inv_VnQq85THJQJodyyPbGbJ8e",
            "discount_code": 1,
            "item_name": "Professional Services",
            "item_description": "Overpriced Legal/Technical/Medical services that you cannot afford to avoid.",
            "quantity_purchased": 9,
            "item_price": 10,
            "item_total_price": 90
        }
    },
    {
        "model": "timelyapp.invoice",
        "pk": "inv_VnQq85THJQJodyyPbGbJ8e",
        "fields": {
            "invoice_name": "TB21000007",
            "date_sent": "2022-01-28",
            "date_due": "2022-02-07",
            "bill_from": "biz_Cz9xETFw7mt6edtQdUYKhJ",
            "bill_to": "biz_XhLAvUW63VuD4vfuCtEZKw",
            "terms": "NET10",
            "invoice_total_price": 730,
            "currency": "USD",
            "is_flagged": true,
            "is_scheduled": false,
            "is_paid": false
        }
    },
    {
        "model": "timelyapp.order",
        "pk": "ord_Z5C5uqu7KbkMut7RMJDUnu",
        "fields": {
            "invoice": "inv_XAgxupoA29yv5nJ7PccC4p",
            "discount_code": 1,
            "item_name": "Some Widget",
            "item_description": "A business widget for vertical synergy jargon",
            "quantity_purchased": 4,
            "item_price": 10,
            "item_total_price": 40
        }
    },
    {
        "model": "timelyapp.order",
        "pk": "ord_7pbyEPQ2B7B3KKJez8sgJ2",
        "fields": {
            "invoice": "inv_XAgxupoA29yv5nJ7PccC4p",
            "discount_code": 1,
            "item_name": "Some Widget",
            "item_description": "A business widget for vertical synergy jargon",
            "quantity_purchased": 7,
            "item_price": 10,
            "item_total_price": 70
        }
    },
    {
        "model": "timelyapp.order",
        "pk": "ord_987xUFzXXm8tetnBzoEXrh",
        "fields": {
            "invoice": "inv_XAgxupoA29yv5nJ7PccC4p",
            "discount_code": 1,
            "item_name": "A Different Widget",
            "item_description": "A widget for backward overflow jargon",
            "quantity_purchased": 8,
            "item_price": 20,
            "item_total_price": 160
        }
    },
    {
        "model": "timelyapp.order",
        "pk": "ord_2BGHySDHNFVHxQia6gMgVC",
        "fields": {
            "invoice": "inv_XAgxupoA29yv5nJ7PccC4p",
            "discount_code": 1,
            "item_name": "Infeasibility Consulting Study",
            "item_description": "A big useless report on what you want to hear",
            "quantity_purchased": 2,
            "item_price": 20,
            "item_total_price": 40
        }
    },
    {
        "model": "timelyapp.order",
        "pk": "ord_fzM9nypRDRXTTLGiBRnt6r",
        "fields": {
            "invoice": "inv_XAgxupoA29yv5nJ7PccC4p",
            "discount_code": 1,
            "item_name": "A Different Widget",
            "item_description": "A widget for backward overflow jargon",
            "quantity_purchased": 6,
            "item_price": 20,
            "item_total_price": 120
        }
    },
    {
        "model": "timelyapp.order",
        "pk": "ord_AzJqnnTXYG33axVVscdKAo",
        "fields": {
            "invoice": "inv_XAgxupoA29yv5nJ7PccC4p",
            "discount_code": 1,
            "item_name": "A Different Widget",
            "item_description": "A widget for backward overflow jargon",
            "quantity_purchased": 3,
            "item_price": 20,
            "item_total_price": 60
        }
    },
    {
        "model": "timelyapp.invoice",
        "pk": "inv_XAgxupoA29yv5nJ7PccC4p",
        "fields": {
            "invoice_name": "BB21000008",
            "date_sent": "2021-09-23",
            "date_due": "2021-10-23",
            "bill_from": "biz_XhLAvUW63VuD4vfuCtEZKw",
            "bill_to": "biz_Cz9xETFw7mt6edtQdUYKhJ",
            "terms": "NET30",
            "invoice_total_price": 490,
            "currency": "USD",
            "is_flagged": false,
            "is_scheduled": false,
            "is_paid": false
        }
    },
    {
        "model": "timelyapp.order",
        "pk": "ord_Dkha3npL4A3RoCfWqJfM4o",
        "fields": {
            "invoice": "inv_BURXyh6f6MfiN4ywTvq59E",
            "discount_code": 1,
            "item_name": "A Different Widget",
            "item_description": "A widget for backward overflow jargon",
            "quantity_purchased": 9,
            "item_price": 20,
            "item_total_price": 180
        }
    },
    {
        "model": "timelyapp.order",
        "pk": "ord_2suhvC2sNZzyMqUPZnnkNN",
        "fields": {
            "invoice": "inv_BURXyh6f6MfiN4ywTvq59E",
            "discount_code": 1,
            "item_name": "Professional Services",
            "item_description": "Overpriced Legal/Technical/Medical services that you cannot afford to avoid.",
            "quantity_purchased": 2,
            "item_price": 10,
            "item_total_price": 20
        }
    },
    {
        "model": "timelyapp.invoice",
        "pk": "inv_BURXyh6f6MfiN4ywTvq59E",
        "fields": {
            "invoice_name": "FS21000009",
            "date_sent": "2021-11-01",
            "date_due": "2021-11-11",
            "bill_from": "biz_D3FraiLKpJicT9CdJhwwYc",
            "bill_to": "biz_XhLAvUW63VuD4vfuCtEZKw",
            "terms": "NET10",
            "invoice_total_price": 200,
            "currency": "USD",
            "is_flagged": true,
            "is_scheduled": true,
            "is_paid": false
        }
    },
    {
        "model": "timelyapp.order",
        "pk": "ord_T2qFeAJeupeTkG4Z3zmiFE",
        "fields": {
            "invoice": "inv_VaMzDQQ6tUtL87Veg3tqqJ",
            "discount_code": 1,
            "item_name": "Professional Services",
            "item_description": "Overpriced Legal/Technical/Medical services that you cannot afford to avoid.",
            "quantity_purchased": 4,
            "item_price": 10,
            "item_total_price": 40
        }
    },
    {
        "model": "timelyapp.order",
        "pk": "ord_doG5TuLRUeAdg9oracBefM",
        "fields": {
            "invoice": "inv_VaMzDQQ6tUtL87Veg3tqqJ",
            "discount_code": 1,
            "item_name": "Professional Services",
            "item_description": "Overpriced Legal/Technical/Medical services that you cannot afford to avoid.",
            "quantity_purchased": 10,
            "item_price": 10,
            "item_total_price": 100
        }
    },
    {
        "model": "timelyapp.invoice",
        "pk": "inv_VaMzDQQ6tUtL87Veg3tqqJ",
        "fields": {
            "invoice_name": "FS21000010",
            "date_sent": "2022-01-30",
            "date_due": "2022-02-09",
            "bill_from": "biz_D3FraiLKpJicT9CdJhwwYc",
            "bill_to": "biz_4iCyEKhCFaNBGGahn3Rn4i",
            "terms": "NET10",
            "invoice_total_price": 140,
            "currency": "USD",
            "is_flagged": false,
            "is_scheduled": true,
            "is_paid": false
        }
    },
    {
        "model": "timelyapp.order",
        "pk": "ord_jkykVoeyEeFz3vdpwAKu3h",
        "fields": {
            "invoice": "inv_DudS47CSefzuAZSsfx86gX",
            "discount_code": 1,
            "item_name": "Professional Services",
            "item_description": "Overpriced Legal/Technical/Medical services that you cannot afford to avoid.",
            "quantity_purchased": 6,
            "item_price": 10,
            "item_total_price": 60
        }
    },
    {
        "model": "timelyapp.order",
        "pk": "ord_kYizPQD7wC7WN9M9ypzGiq",
        "fields": {
            "invoice": "inv_DudS47CSefzuAZSsfx86gX",
            "discount_code": 1,
            "item_name": "Infeasibility Consulting Study",
            "item_description": "A big useless report on what you want to hear",
            "quantity_purchased": 3,
            "item_price": 20,
            "item_total_price": 60
        }
    },
    {
        "model": "timelyapp.order",
        "pk": "ord_oGxPo5H6gfSz8cZUQAwykU",
        "fields": {
            "invoice": "inv_DudS47CSefzuAZSsfx86gX",
            "discount_code": 1,
            "item_name": "A Different Widget",
            "item_description": "A widget for backward overflow jargon",
            "quantity_purchased": 9,
            "item_price": 20,
            "item_total_price": 180
        }
    },
    {
        "model": "timelyapp.invoice",
        "pk": "inv_DudS47CSefzuAZSsfx86gX",
        "fields": {
            "invoice_name": "BA21000011",
            "date_sent": "2021-12-07",
            "date_due": "2021-12-17",
            "bill_from": "biz_4iCyEKhCFaNBGGahn3Rn4i",
            "bill_to": "biz_XhLAvUW63VuD4vfuCtEZKw",
            "terms": "NET10",
            "invoice_total_price": 300,
            "currency": "USD",
            "is_flagged": true,
            "is_scheduled": true,
            "is_paid": false
        }
    },
    {
        "model": "timelyapp.order",
        "pk": "ord_4hBLmLrEVFhndvK9Fwyugz",
        "fields": {
            "invoice": "inv_NZSasSNoexUW96Zg2bY66S",
            "discount_code": 1,
            "item_name": "Professional Services",
            "item_description": "Overpriced Legal/Technical/Medical services that you cannot afford to avoid.",
            "quantity_purchased": 9,
            "item_price": 10,
            "item_total_price": 90
        }
    },
    {
        "model": "timelyapp.order",
        "pk": "ord_2pGxNvy2DcivrJt3EAPhQd",
        "fields": {
            "invoice": "inv_NZSasSNoexUW96Zg2bY66S",
            "discount_code": 1,
            "item_name": "Infeasibility Consulting Study",
            "item_description": "A big useless report on what you want to hear",
            "quantity_purchased": 5,
            "item_price": 20,
            "item_total_price": 100
        }
    },
    {
        "model": "timelyapp.order",
        "pk": "ord_eLS2QWUHebwueJUTkGew6t",
        "fields": {
            "invoice": "inv_NZSasSNoexUW96Zg2bY66S",
            "discount_code": 1,
            "item_name": "Professional Services",
            "item_description": "Overpriced Legal/Technical/Medical services that you cannot afford to avoid.",
            "quantity_purchased": 5,
            "item_price": 10,
            "item_total_price": 50
        }
    },
    {
        "model": "timelyapp.order",
        "pk": "ord_EkK6q6ERHmy8rqyRzTBHyL",
        "fields": {
            "invoice": "inv_NZSasSNoexUW96Zg2bY66S",
            "discount_code": 1,
            "item_name": "A Different Widget",
            "item_description": "A widget for backward overflow jargon",
            "quantity_purchased": 6,
            "item_price": 20,
            "item_total_price": 120
        }
    },
    {
        "model": "timelyapp.order",
        "pk": "ord_Du8uifycckF6Bnw4CNUdTB",
        "fields": {
            "invoice": "inv_NZSasSNoexUW96Zg2bY66S",
            "discount_code": 1,
            "item_name": "Professional Services",
            "item_description": "Overpriced Legal/Technical/Medical services that you cannot afford to avoid.",
            "quantity_purchased": 10,
            "item_price": 10,
            "item_total_price": 100
        }
    },
    {
        "model": "timelyapp.order",
        "pk": "ord_5vb6G2r8PNraCHxo2Wk3GN",
        "fields": {
            "invoice": "inv_NZSasSNoexUW96Zg2bY66S",
            "discount_code": 1,
            "item_name": "Infeasibility Consulting Study",
            "item_description": "A big useless report on what you want to hear",
            "quantity_purchased": 4,
            "item_price": 20,
            "item_total_price": 80
        }
    },
    {
        "model": "timelyapp.order",
        "pk": "ord_RmnNXtEhWQNbfG9BAmPPVg",
        "fields": {
            "invoice": "inv_NZSasSNoexUW96Zg2bY66S",
            "discount_code": 1,
            "item_name": "Professional Services",
            "item_description": "Overpriced Legal/Technical/Medical services that you cannot afford to avoid.",
            "quantity_purchased": 10,
            "item_price": 10,
            "item_total_price": 100
        }
    },
    {
        "model": "timelyapp.invoice",
        "pk": "inv_NZSasSNoexUW96Zg2bY66S",
        "fields": {
            "invoice_name": "TB21000012",
            "date_sent": "2021-09-12",
            "date_due": "2021-09-12",
            "bill_from": "biz_Cz9xETFw7mt6edtQdUYKhJ",
            "bill_to": "biz_D3FraiLKpJicT9CdJhwwYc",
            "terms": "CIA",
            "invoice_total_price": 640,
            "currency": "USD",
            "is_flagged": false,
            "is_scheduled": false,
            "is_paid": false
        }
    },
    {
        "model": "timelyapp.order",
        "pk": "ord_V5B32yWUsmyZwEBqGoqtrD",
        "fields": {
            "invoice": "inv_jmvbapV78LpN8o8yyH9R8G",
            "discount_code": 1,
            "item_name": "Professional Services",
            "item_description": "Overpriced Legal/Technical/Medical services that you cannot afford to avoid.",
            "quantity_purchased": 6,
            "item_price": 10,
            "item_total_price": 60
        }
    },
    {
        "model": "timelyapp.order",
        "pk": "ord_bnE9t68eB6C94BjgvoeiGY",
        "fields": {
            "invoice": "inv_jmvbapV78LpN8o8yyH9R8G",
            "discount_code": 1,
            "item_name": "A Different Widget",
            "item_description": "A widget for backward overflow jargon",
            "quantity_purchased": 8,
            "item_price": 20,
            "item_total_price": 160
        }
    },
    {
        "model": "timelyapp.order",
        "pk": "ord_SJYk4fvaPKLyEAqEA77DWq",
        "fields": {
            "invoice": "inv_jmvbapV78LpN8o8yyH9R8G",
            "discount_code": 1,
            "item_name": "Infeasibility Consulting Study",
            "item_description": "A big useless report on what you want to hear",
            "quantity_purchased": 3,
            "item_price": 20,
            "item_total_price": 60
        }
    },
    {
        "model": "timelyapp.order",
        "pk": "ord_8AxJUNrspkeNgmWbEiiuZJ",
        "fields": {
            "invoice": "inv_jmvbapV78LpN8o8yyH9R8G",
            "discount_code": 1,
            "item_name": "Infeasibility Consulting Study",
            "item_description": "A big useless report on what you want to hear",
            "quantity_purchased": 2,
            "item_price": 20,
            "item_total_price": 40
        }
    },
    {
        "model": "timelyapp.invoice",
        "pk": "inv_jmvbapV78LpN8o8yyH9R8G",
        "fields": {
            "invoice_name": "BB21000013",
            "date_sent": "2021-12-20",
            "date_due": "2021-12-20",
            "bill_from": "biz_XhLAvUW63VuD4vfuCtEZKw",
            "bill_to": "biz_4iCyEKhCFaNBGGahn3Rn4i",
            "terms": "CIA",
            "invoice_total_price": 320,
            "currency": "USD",
            "is_flagged": true,
            "is_scheduled": false,
            "is_paid": false
        }
    },
    {
        "model": "timelyapp.order",
        "pk": "ord_d4TtC6NZrpR5saTXHB7sCM",
        "fields": {
            "invoice": "inv_2jsHSYEEnyJEqoc2Ewojwx",
            "discount_code": 1,
            "item_name": "Infeasibility Consulting Study",
            "item_description": "A big useless report on what you want to hear",
            "quantity_purchased": 7,
            "item_price": 20,
            "item_total_price": 140
        }
    },
    {
        "model": "timelyapp.order",
        "pk": "ord_hxDRm3gZYKrWZz6XjNhV5B",
        "fields": {
            "invoice": "inv_2jsHSYEEnyJEqoc2Ewojwx",
            "discount_code": 1,
            "item_name": "Some Widget",
            "item_description": "A business widget for vertical synergy jargon",
            "quantity_purchased": 9,
            "item_price": 10,
            "item_total_price": 90
        }
    },
    {
        "model": "timelyapp.order",
        "pk": "ord_jYXoa4si2Ft5Tt2wPhg9tp",
        "fields": {
            "invoice": "inv_2jsHSYEEnyJEqoc2Ewojwx",
            "discount_code": 1,
            "item_name": "A Different Widget",
            "item_description": "A widget for backward overflow jargon",
            "quantity_purchased": 7,
            "item_price": 20,
            "item_total_price": 140
        }
    },
    {
        "model": "timelyapp.order",
        "pk": "ord_L3TqK6tbwvJi9zJ8R7MQjh",
        "fields": {
            "invoice": "inv_2jsHSYEEnyJEqoc2Ewojwx",
            "discount_code": 1,
            "item_name": "Professional Services",
            "item_description": "Overpriced Legal/Technical/Medical services that you cannot afford to avoid.",
            "quantity_purchased": 1,
            "item_price": 10,
            "item_total_price": 10
        }
    },
    {
        "model": "timelyapp.order",
        "pk": "ord_QitNuwVYFywmY4HNrPzmEu",
        "fields": {
            "invoice": "inv_2jsHSYEEnyJEqoc2Ewojwx",
            "discount_code": 1,
            "item_name": "Infeasibility Consulting Study",
            "item_description": "A big useless report on what you want to hear",
            "quantity_purchased": 10,
            "item_price": 20,
            "item_total_price": 200
        }
    },
    {
        "model": "timelyapp.order",
        "pk": "ord_L8ED5bmUTCzTui9mhErnw9",
        "fields": {
            "invoice": "inv_2jsHSYEEnyJEqoc2Ewojwx",
            "discount_code": 1,
            "item_name": "A Different Widget",
            "item_description": "A widget for backward overflow jargon",
            "quantity_purchased": 2,
            "item_price": 20,
            "item_total_price": 40
        }
    },
    {
        "model": "timelyapp.invoice",
        "pk": "inv_2jsHSYEEnyJEqoc2Ewojwx",
        "fields": {
            "invoice_name": "TB21000014",
            "date_sent": "2022-01-25",
            "date_due": "2022-02-24",
            "bill_from": "biz_Cz9xETFw7mt6edtQdUYKhJ",
            "bill_to": "biz_D3FraiLKpJicT9CdJhwwYc",
            "terms": "NET30",
            "invoice_total_price": 620,
            "currency": "USD",
            "is_flagged": true,
            "is_scheduled": true,
            "is_paid": false
        }
    },
    {
        "model": "timelyapp.order",
        "pk": "ord_dvzcyCad9ciSBQ7nZtjfeg",
        "fields": {
            "invoice": "inv_S88KWMkybTKomewziF2QKQ",
            "discount_code": 1,
            "item_name": "Professional Services",
            "item_description": "Overpriced Legal/Technical/Medical services that you cannot afford to avoid.",
            "quantity_purchased": 3,
            "item_price": 10,
            "item_total_price": 30
        }
    },
    {
        "model": "timelyapp.invoice",
        "pk": "inv_S88KWMkybTKomewziF2QKQ",
        "fields": {
            "invoice_name": "BB21000015",
            "date_sent": "2021-12-12",
            "date_due": "2022-01-11",
            "bill_from": "biz_XhLAvUW63VuD4vfuCtEZKw",
            "bill_to": "biz_XhLAvUW63VuD4vfuCtEZKw",
            "terms": "NET30",
            "invoice_total_price": 30,
            "currency": "USD",
            "is_flagged": true,
            "is_scheduled": false,
            "is_paid": false
        }
    },
    {
        "model": "timelyapp.order",
        "pk": "ord_h4WjXsTsexEKqqnTfWk9VS",
        "fields": {
            "invoice": "inv_R5gQHbjXJPBfm67ov5tsP9",
            "discount_code": 1,
            "item_name": "Professional Services",
            "item_description": "Overpriced Legal/Technical/Medical services that you cannot afford to avoid.",
            "quantity_purchased": 10,
            "item_price": 10,
            "item_total_price": 100
        }
    },
    {
        "model": "timelyapp.order",
        "pk": "ord_PfAadKJ44AJaKceBv8q9x3",
        "fields": {
            "invoice": "inv_R5gQHbjXJPBfm67ov5tsP9",
            "discount_code": 1,
            "item_name": "Professional Services",
            "item_description": "Overpriced Legal/Technical/Medical services that you cannot afford to avoid.",
            "quantity_purchased": 6,
            "item_price": 10,
            "item_total_price": 60
        }
    },
    {
        "model": "timelyapp.order",
        "pk": "ord_6awKPzzTwzpkZuYGpVvUwP",
        "fields": {
            "invoice": "inv_R5gQHbjXJPBfm67ov5tsP9",
            "discount_code": 1,
            "item_name": "A Different Widget",
            "item_description": "A widget for backward overflow jargon",
            "quantity_purchased": 9,
            "item_price": 20,
            "item_total_price": 180
        }
    },
    {
        "model": "timelyapp.order",
        "pk": "ord_ks5KBg2AVCCW2YvMa7yVU6",
        "fields": {
            "invoice": "inv_R5gQHbjXJPBfm67ov5tsP9",
            "discount_code": 1,
            "item_name": "Professional Services",
            "item_description": "Overpriced Legal/Technical/Medical services that you cannot afford to avoid.",
            "quantity_purchased": 7,
            "item_price": 10,
            "item_total_price": 70
        }
    },
    {
        "model": "timelyapp.invoice",
        "pk": "inv_R5gQHbjXJPBfm67ov5tsP9",
        "fields": {
            "invoice_name": "BB21000016",
            "date_sent": "2021-10-11",
            "date_due": "2021-12-10",
            "bill_from": "biz_XhLAvUW63VuD4vfuCtEZKw",
            "bill_to": "biz_D3FraiLKpJicT9CdJhwwYc",
            "terms": "NET60",
            "invoice_total_price": 410,
            "currency": "USD",
            "is_flagged": false,
            "is_scheduled": true,
            "is_paid": false
        }
    },
    {
        "model": "timelyapp.order",
        "pk": "ord_MF9XtXiUELyZ77DZz8pMX6",
        "fields": {
            "invoice": "inv_mBRDTB9whZFboc8UgQrmqF",
            "discount_code": 1,
            "item_name": "Infeasibility Consulting Study",
            "item_description": "A big useless report on what you want to hear",
            "quantity_purchased": 9,
            "item_price": 20,
            "item_total_price": 180
        }
    },
    {
        "model": "timelyapp.invoice",
        "pk": "inv_mBRDTB9whZFboc8UgQrmqF",
        "fields": {
            "invoice_name": "FS21000017",
            "date_sent": "2022-01-20",
            "date_due": "2022-05-20",
            "bill_from": "biz_D3FraiLKpJicT9CdJhwwYc",
            "bill_to": "biz_XhLAvUW63VuD4vfuCtEZKw",
            "terms": "NET120",
            "invoice_total_price": 180,
            "currency": "USD",
            "is_flagged": false,
            "is_scheduled": true,
            "is_paid": false
        }
    },
    {
        "model": "timelyapp.order",
        "pk": "ord_dYaBmaftaZcVXWsiBtncsg",
        "fields": {
            "invoice": "inv_mNXKYYhHTKrp2ubHeY7pRj",
            "discount_code": 1,
            "item_name": "Professional Services",
            "item_description": "Overpriced Legal/Technical/Medical services that you cannot afford to avoid.",
            "quantity_purchased": 3,
            "item_price": 10,
            "item_total_price": 30
        }
    },
    {
        "model": "timelyapp.order",
        "pk": "ord_b4SD3wBHgaLMXajv9bBcHn",
        "fields": {
            "invoice": "inv_mNXKYYhHTKrp2ubHeY7pRj",
            "discount_code": 1,
            "item_name": "Professional Services",
            "item_description": "Overpriced Legal/Technical/Medical services that you cannot afford to avoid.",
            "quantity_purchased": 8,
            "item_price": 10,
            "item_total_price": 80
        }
    },
    {
        "model": "timelyapp.order",
        "pk": "ord_jzCZEpUNHB9wQ8Dd6ovz8c",
        "fields": {
            "invoice": "inv_mNXKYYhHTKrp2ubHeY7pRj",
            "discount_code": 1,
            "item_name": "Infeasibility Consulting Study",
            "item_description": "A big useless report on what you want to hear",
            "quantity_purchased": 2,
            "item_price": 20,
            "item_total_price": 40
        }
    },
    {
        "model": "timelyapp.order",
        "pk": "ord_LnRdYQdczSsiFhnyKnipij",
        "fields": {
            "invoice": "inv_mNXKYYhHTKrp2ubHeY7pRj",
            "discount_code": 1,
            "item_name": "Professional Services",
            "item_description": "Overpriced Legal/Technical/Medical services that you cannot afford to avoid.",
            "quantity_purchased": 7,
            "item_price": 10,
            "item_total_price": 70
        }
    },
    {
        "model": "timelyapp.order",
        "pk": "ord_5bRTiQ82etS4XYipy9Ryhi",
        "fields": {
            "invoice": "inv_mNXKYYhHTKrp2ubHeY7pRj",
            "discount_code": 1,
            "item_name": "Infeasibility Consulting Study",
            "item_description": "A big useless report on what you want to hear",
            "quantity_purchased": 3,
            "item_price": 20,
            "item_total_price": 60
        }
    },
    {
        "model": "timelyapp.order",
        "pk": "ord_29qx6gmmBAfWYkyHX8sshp",
        "fields": {
            "invoice": "inv_mNXKYYhHTKrp2ubHeY7pRj",
            "discount_code": 1,
            "item_name": "Infeasibility Consulting Study",
            "item_description": "A big useless report on what you want to hear",
            "quantity_purchased": 3,
            "item_price": 20,
            "item_total_price": 60
        }
    },
    {
        "model": "timelyapp.order",
        "pk": "ord_YYd4hGo2nExnwcMmPb6UT5",
        "fields": {
            "invoice": "inv_mNXKYYhHTKrp2ubHeY7pRj",
            "discount_code": 1,
            "item_name": "Professional Services",
            "item_description": "Overpriced Legal/Technical/Medical services that you cannot afford to avoid.",
            "quantity_purchased": 2,
            "item_price": 10,
            "item_total_price": 20
        }
    },
    {
        "model": "timelyapp.invoice",
        "pk": "inv_mNXKYYhHTKrp2ubHeY7pRj",
        "fields": {
            "invoice_name": "BA21000018",
            "date_sent": "2021-11-28",
            "date_due": "2022-03-28",
            "bill_from": "biz_4iCyEKhCFaNBGGahn3Rn4i",
            "bill_to": "biz_Cz9xETFw7mt6edtQdUYKhJ",
            "terms": "NET120",
            "invoice_total_price": 360,
            "currency": "USD",
            "is_flagged": false,
            "is_scheduled": false,
            "is_paid": false
        }
    },
    {
        "model": "timelyapp.order",
        "pk": "ord_Tg5g26Shb68UzhUcMoTwJN",
        "fields": {
            "invoice": "inv_nmeZqe4W8KbseuB6WbASV2",
            "discount_code": 1,
            "item_name": "A Different Widget",
            "item_description": "A widget for backward overflow jargon",
            "quantity_purchased": 7,
            "item_price": 20,
            "item_total_price": 140
        }
    },
    {
        "model": "timelyapp.order",
        "pk": "ord_8HUvZZ4iHHNEsb7gyHjfrY",
        "fields": {
            "invoice": "inv_nmeZqe4W8KbseuB6WbASV2",
            "discount_code": 1,
            "item_name": "A Different Widget",
            "item_description": "A widget for backward overflow jargon",
            "quantity_purchased": 5,
            "item_price": 20,
            "item_total_price": 100
        }
    },
    {
        "model": "timelyapp.order",
        "pk": "ord_BFyPJVH2jMsf9BL9LKGB4o",
        "fields": {
            "invoice": "inv_nmeZqe4W8KbseuB6WbASV2",
            "discount_code": 1,
            "item_name": "Some Widget",
            "item_description": "A business widget for vertical synergy jargon",
            "quantity_purchased": 4,
            "item_price": 10,
            "item_total_price": 40
        }
    },
    {
        "model": "timelyapp.order",
        "pk": "ord_5BRQp8dMxQMzoQ9Ui3gUDH",
        "fields": {
            "invoice": "inv_nmeZqe4W8KbseuB6WbASV2",
            "discount_code": 1,
            "item_name": "Professional Services",
            "item_description": "Overpriced Legal/Technical/Medical services that you cannot afford to avoid.",
            "quantity_purchased": 8,
            "item_price": 10,
            "item_total_price": 80
        }
    },
    {
        "model": "timelyapp.invoice",
        "pk": "inv_nmeZqe4W8KbseuB6WbASV2",
        "fields": {
            "invoice_name": "TB21000019",
            "date_sent": "2021-09-07",
            "date_due": "2021-09-07",
            "bill_from": "biz_Cz9xETFw7mt6edtQdUYKhJ",
            "bill_to": "biz_4iCyEKhCFaNBGGahn3Rn4i",
            "terms": "CIA",
            "invoice_total_price": 360,
            "currency": "USD",
            "is_flagged": false,
            "is_scheduled": true,
            "is_paid": false
        }
    },
    {
        "model": "timelyapp.order",
        "pk": "ord_TWbm6WkGc7UWN9MDFoKJw3",
        "fields": {
            "invoice": "inv_j5ZdQoTNGnGeveomXXw8Na",
            "discount_code": 1,
            "item_name": "Some Widget",
            "item_description": "A business widget for vertical synergy jargon",
            "quantity_purchased": 3,
            "item_price": 10,
            "item_total_price": 30
        }
    },
    {
        "model": "timelyapp.order",
        "pk": "ord_EXjDwT9t2cFejW9paK9pfP",
        "fields": {
            "invoice": "inv_j5ZdQoTNGnGeveomXXw8Na",
            "discount_code": 1,
            "item_name": "A Different Widget",
            "item_description": "A widget for backward overflow jargon",
            "quantity_purchased": 9,
            "item_price": 20,
            "item_total_price": 180
        }
    },
    {
        "model": "timelyapp.order",
        "pk": "ord_aSZnUziVYPZUt3wXuTAJKG",
        "fields": {
            "invoice": "inv_j5ZdQoTNGnGeveomXXw8Na",
            "discount_code": 1,
            "item_name": "Some Widget",
            "item_description": "A business widget for vertical synergy jargon",
            "quantity_purchased": 5,
            "item_price": 10,
            "item_total_price": 50
        }
    },
    {
        "model": "timelyapp.order",
        "pk": "ord_iY9hGmZvpaPU2UybvSWmk6",
        "fields": {
            "invoice": "inv_j5ZdQoTNGnGeveomXXw8Na",
            "discount_code": 1,
            "item_name": "A Different Widget",
            "item_description": "A widget for backward overflow jargon",
            "quantity_purchased": 5,
            "item_price": 20,
            "item_total_price": 100
        }
    },
    {
        "model": "timelyapp.order",
        "pk": "ord_KmiPwyNgYMxUvr5QWSfU3M",
        "fields": {
            "invoice": "inv_j5ZdQoTNGnGeveomXXw8Na",
            "discount_code": 1,
            "item_name": "Infeasibility Consulting Study",
            "item_description": "A big useless report on what you want to hear",
            "quantity_purchased": 10,
            "item_price": 20,
            "item_total_price": 200
        }
    },
    {
        "model": "timelyapp.invoice",
        "pk": "inv_j5ZdQoTNGnGeveomXXw8Na",
        "fields": {
            "invoice_name": "TB21000020",
            "date_sent": "2021-12-23",
            "date_due": null,
            "bill_from": "biz_Cz9xETFw7mt6edtQdUYKhJ",
            "bill_to": "biz_Cz9xETFw7mt6edtQdUYKhJ",
            "terms": "COD",
            "invoice_total_price": 560,
            "currency": "USD",
            "is_flagged": false,
            "is_scheduled": true,
            "is_paid": false
        }
    }
]