[
    {
        "model": "timelyapp.business",
        "pk": "biz_4iCyEKhCFaNBGGahn3Rn4i",
        "fields": {
            "is_member": true,
            "is_individual": false,
            "business_name": "Business A",
            "billing_address": 1,
            "shipping_address": null,
            "date_joined": "2021-03-01",
            "business_email": "nick.fournier@berkeley.edu",
            "business_phone": "555-555-5555",
            "business_fax": null,
            "stripe_act_id": "acct_1JDpru2Ex7Z79PyO",
            "stripe_cus_id": "cus_JvPwFpPMrKdrNU"
        }
    },
    {
        "model": "timelyapp.business",
        "pk": "biz_XhLAvUW63VuD4vfuCtEZKw",
        "fields": {
            "is_member": true,
            "is_individual": false,
            "business_name": "Business B",
            "billing_address": 2,
            "shipping_address": null,
            "date_joined": "2021-03-01",
            "business_email": "omar.mohamed@berkeley.edu",
            "business_phone": "555-555-5555",
            "business_fax": null,
            "stripe_act_id": "acct_1JDcak2HzyuoAy7h",
            "stripe_cus_id": "cus_JvQ1UCAmTJt5nR"
        }
    },
    {
        "model": "timelyapp.business",
        "pk": "biz_Cz9xETFw7mt6edtQdUYKhJ",
        "fields": {
            "is_member": true,
            "is_individual": false,
            "business_name": "Third Business",
            "billing_address": 3,
            "shipping_address": null,
            "date_joined": "2021-03-01",
            "business_email": "businessemail@three.com",
            "business_phone": "555-555-5555",
            "business_fax": null
        }
    },
    {
        "model": "timelyapp.business",
        "pk": "biz_D3FraiLKpJicT9CdJhwwYc",
        "fields": {
            "is_member": true,
            "is_individual": false,
            "business_name": "Fourth Store",
            "billing_address": 4,
            "shipping_address": null,
            "date_joined": "2021-03-01",
            "business_email": "businessemail@FOUR.com",
            "business_phone": "555-555-5555",
            "business_fax": null
        }
    },
    {
        "model": "timelyapp.address",
        "pk": 1,
        "fields": {
            "address_1": "1880 Page St",
            "address_2": null,
            "city": "San Francisco",
            "state": "CA",
            "zip_code": "94117",
            "country": "USA"
        }
    },
    {
        "model": "timelyapp.address",
        "pk": 2,
        "fields": {
            "address_1": "1 Somewhere Ave",
            "address_2": null,
            "city": "Northcote",
            "state": "VIC",
            "zip_code": "3070",
            "country": "AU"
        }
    },
    {
        "model": "timelyapp.address",
        "pk": 3,
        "fields": {
            "address_1": "1 Powlett S",
            "address_2": null,
            "city": "East Melbourne",
            "state": "VIC",
            "zip_code": "3002",
            "country": "AU"
        }
    },
    {
        "model": "timelyapp.address",
        "pk": 4,
        "fields": {
            "address_1": "1 Commonwealth Ave",
            "address_2": null,
            "city": "Boston",
            "state": "MA",
            "zip_code": "02116",
            "country": "USA"
        }
    },
    {
        "model": "timelyapp.discount",
        "pk": 1,
        "fields": {
            "discount_code": "NONE",
            "description": "No discount",
            "discount_ratio": 1.0
        }
    },
    {
        "model": "timelyapp.payments",
        "pk": 1,
        "fields": {
            "type": "ACH"
        }
    },
    {
        "model": "timelyapp.payments",
        "pk": 2,
        "fields": {
            "type": "CREDIT"
        }
    },
    {
        "model": "timelyapp.payments",
        "pk": 3,
        "fields": {
            "type": "CHECK"
        }
    },
    {
        "model": "timelyapp.inventory",
        "pk": "itm_SZFxbfXaTJBWwjWExtnVfu",
        "fields": {
            "business": "biz_4iCyEKhCFaNBGGahn3Rn4i",
            "last_updated": "2021-03-03",
            "item_name": "Some Widget",
            "description": "A business widget for vertical synergy jargon",
            "quantity_in_stock": 1000,
            "item_unit": "pc",
            "item_price": 10,
            "currency": "USD"
        }
    },
    {
        "model": "timelyapp.inventory",
        "pk": "itm_VaDg3wAD9GaCWQQm3QyVNF",
        "fields": {
            "business": "biz_4iCyEKhCFaNBGGahn3Rn4i",
            "last_updated": "2021-03-03",
            "item_name": "A Different Widget",
            "description": "A widget for backward overflow jargon",
            "quantity_in_stock": 1000,
            "item_unit": "pc",
            "item_price": 20,
            "currency": "USD"
        }
    },
    {
        "model": "timelyapp.inventory",
        "pk": "itm_apbLZLTJKfECq39JKDhNVz",
        "fields": {
            "business": "biz_XhLAvUW63VuD4vfuCtEZKw",
            "last_updated": "2021-03-13",
            "item_name": "Professional Services",
            "description": "Overpriced Legal/Technical/Medical services that you cannot afford to avoid.",
            "quantity_in_stock": 1000,
            "item_unit": "hrs",
            "item_price": 10,
            "currency": "USD"
        }
    },
    {
        "model": "timelyapp.inventory",
        "pk": "itm_kiTehBv64Fay8LwZ7dHVHk",
        "fields": {
            "business": "biz_XhLAvUW63VuD4vfuCtEZKw",
            "last_updated": "2021-03-13",
            "item_name": "Infeasibility Consulting Study",
            "description": "A big useless report on what you want to hear",
            "quantity_in_stock": 1000,
            "item_unit": "hrs",
            "item_price": 20,
            "currency": "USD"
        }
    },
    {
        "model": "timelyapp.customuser",
        "pk": "usr_ggAYZRZkbM2aqw4zR6k5wT",
        "fields": {
            "business": "biz_4iCyEKhCFaNBGGahn3Rn4i",
            "password": "pbkdf2_sha256$260000$IUq4JkpiyMAjtPI85AMuog$hr++YQCxhTKDW/LHfdSij1+qzgfyRexLouANDTa36VI=",
            "last_login": "2021-04-29T16:24:18.247Z",
            "is_superuser": false,
            "email": "nick@nick.com",
            "first_name": "Nick",
            "last_name": "Fournier",
            "role": "OWNER",
            "is_active": true,
            "date_joined": "2021-04-29T16:24:17.960Z",
            "groups": [],
            "user_permissions": []
        }
    },
    {
        "model": "account.emailaddress",
        "pk": 1,
        "fields": {
            "verified": true,
            "primary": true,
            "user_id": "usr_ggAYZRZkbM2aqw4zR6k5wT",
            "email": "nick@nick.com"
        }
    },
    {
        "model": "timelyapp.customuser",
        "pk": "usr_C82raN5JFCoWVQGAeDLRxa",
        "fields": {
            "business": "biz_XhLAvUW63VuD4vfuCtEZKw",
            "password": "pbkdf2_sha256$260000$vZXc8TF9Kx01u0lVbEhj63$5qvugVywe6WMc1jftHcOY/g1KIBkYARFpbq2ic0Mwas=",
            "last_login": "2021-04-29T16:24:51.077Z",
            "is_superuser": false,
            "email": "omar@omar.com",
            "first_name": "Omar",
            "last_name": "Mohamed",
            "role": "OWNER",
            "is_active": true,
            "date_joined": "2021-04-29T16:24:50.849Z",
            "groups": [],
            "user_permissions": []
        }
    },
    {
        "model": "account.emailaddress",
        "pk": 2,
        "fields": {
            "verified": true,
            "primary": true,
            "user_id": "usr_C82raN5JFCoWVQGAeDLRxa",
            "email": "omar@omar.com"
        }
    },
    {
        "model": "timelyapp.customuser",
        "pk": "usr_hsgrVXy6qPYKLeq9Y7GaK2",
        "fields": {
            "business": "biz_Cz9xETFw7mt6edtQdUYKhJ",
            "password": "pbkdf2_sha256$260000$vZXc8TF9Kx01u0lVbEhj63$5qvugVywe6WMc1jftHcOY/g1KIBkYARFpbq2ic0Mwas=",
            "last_login": "2021-04-29T16:24:51.077Z",
            "is_superuser": false,
            "email": "adel@adel.com",
            "first_name": "Adel",
            "last_name": "Kafouri",
            "role": "OWNER",
            "is_active": true,
            "date_joined": "2021-04-29T16:24:50.849Z",
            "groups": [],
            "user_permissions": []
        }
    },
    {
        "model": "account.emailaddress",
        "pk": 3,
        "fields": {
            "verified": true,
            "primary": true,
            "user_id": "usr_hsgrVXy6qPYKLeq9Y7GaK2",
            "email": "adel@adel.com"
        }
    },
    {
        "model": "timelyapp.customuser",
        "pk": "usr_BfTQQwPGfk9ubvskvx4uzB",
        "fields": {
            "business": "biz_D3FraiLKpJicT9CdJhwwYc",
            "password": "pbkdf2_sha256$260000$vZXc8TF9Kx01u0lVbEhj63$5qvugVywe6WMc1jftHcOY/g1KIBkYARFpbq2ic0Mwas=",
            "last_login": "2021-04-29T16:24:51.077Z",
            "is_superuser": false,
            "email": "test@test.com",
            "first_name": "Test",
            "last_name": "Test",
            "role": "OWNER",
            "is_active": true,
            "date_joined": "2021-04-29T16:24:50.849Z",
            "groups": [],
            "user_permissions": []
        }
    },
    {
        "model": "account.emailaddress",
        "pk": 4,
        "fields": {
            "verified": true,
            "primary": true,
            "user_id": "usr_BfTQQwPGfk9ubvskvx4uzB",
            "email": "test@test.com"
        }
    },
    {
        "model": "timelyapp.order",
        "pk": "ord_FrsjjyQeVDgpgZvv6ew3vr",
        "fields": {
            "invoice": "inv_F8hpukv3VHjyyyCedFLyeC",
            "discount_code": 1,
            "item_name": "Some Widget",
            "item_description": "A business widget for vertical synergy jargon",
            "quantity_purchased": 2,
            "item_price": 10,
            "item_total_price": 20,
            "item_tax_rate": 5,
            "item_total_tax": 1.0
        }
    },
    {
        "model": "timelyapp.order",
        "pk": "ord_8rctWzHM2XjyQi35sHFZJU",
        "fields": {
            "invoice": "inv_F8hpukv3VHjyyyCedFLyeC",
            "discount_code": 1,
            "item_name": "Some Widget",
            "item_description": "A business widget for vertical synergy jargon",
            "quantity_purchased": 6,
            "item_price": 10,
            "item_total_price": 60,
            "item_tax_rate": 5,
            "item_total_tax": 3.0
        }
    },
    {
        "model": "timelyapp.order",
        "pk": "ord_RfK5ZMJ9pzD8YECEroXLTf",
        "fields": {
            "invoice": "inv_F8hpukv3VHjyyyCedFLyeC",
            "discount_code": 1,
            "item_name": "Some Widget",
            "item_description": "A business widget for vertical synergy jargon",
            "quantity_purchased": 4,
            "item_price": 10,
            "item_total_price": 40,
            "item_tax_rate": 5,
            "item_total_tax": 2.0
        }
    },
    {
        "model": "timelyapp.order",
        "pk": "ord_Y6VAqDBF9NMbEK4waYTZvT",
        "fields": {
            "invoice": "inv_F8hpukv3VHjyyyCedFLyeC",
            "discount_code": 1,
            "item_name": "Infeasibility Consulting Study",
            "item_description": "A big useless report on what you want to hear",
            "quantity_purchased": 5,
            "item_price": 20,
            "item_total_price": 100,
            "item_tax_rate": 5,
            "item_total_tax": 5.0
        }
    },
    {
        "model": "timelyapp.order",
        "pk": "ord_QvzgpaA9qWhHTSWfHu2ZTt",
        "fields": {
            "invoice": "inv_F8hpukv3VHjyyyCedFLyeC",
            "discount_code": 1,
            "item_name": "Professional Services",
            "item_description": "Overpriced Legal/Technical/Medical services that you cannot afford to avoid.",
            "quantity_purchased": 5,
            "item_price": 10,
            "item_total_price": 50,
            "item_tax_rate": 5,
            "item_total_tax": 2.5
        }
    },
    {
        "model": "timelyapp.order",
        "pk": "ord_MMgVW99eTuWCRhW3mv2vKb",
        "fields": {
            "invoice": "inv_F8hpukv3VHjyyyCedFLyeC",
            "discount_code": 1,
            "item_name": "Infeasibility Consulting Study",
            "item_description": "A big useless report on what you want to hear",
            "quantity_purchased": 6,
            "item_price": 20,
            "item_total_price": 120,
            "item_tax_rate": 5,
            "item_total_tax": 6.0
        }
    },
    {
        "model": "timelyapp.order",
        "pk": "ord_7r9t5aV8BmDdmwMWPmAyVH",
        "fields": {
            "invoice": "inv_F8hpukv3VHjyyyCedFLyeC",
            "discount_code": 1,
            "item_name": "Infeasibility Consulting Study",
            "item_description": "A big useless report on what you want to hear",
            "quantity_purchased": 9,
            "item_price": 20,
            "item_total_price": 180,
            "item_tax_rate": 5,
            "item_total_tax": 9.0
        }
    },
    {
        "model": "timelyapp.order",
        "pk": "ord_YVCHw5kbhqMZV2kLDFfkES",
        "fields": {
            "invoice": "inv_F8hpukv3VHjyyyCedFLyeC",
            "discount_code": 1,
            "item_name": "Infeasibility Consulting Study",
            "item_description": "A big useless report on what you want to hear",
            "quantity_purchased": 6,
            "item_price": 20,
            "item_total_price": 120,
            "item_tax_rate": 5,
            "item_total_tax": 6.0
        }
    },
    {
        "model": "timelyapp.order",
        "pk": "ord_j9jnD7uzF6XAzYofTrSJRb",
        "fields": {
            "invoice": "inv_F8hpukv3VHjyyyCedFLyeC",
            "discount_code": 1,
            "item_name": "A Different Widget",
            "item_description": "A widget for backward overflow jargon",
            "quantity_purchased": 4,
            "item_price": 20,
            "item_total_price": 80,
            "item_tax_rate": 5,
            "item_total_tax": 4.0
        }
    },
    {
        "model": "timelyapp.order",
        "pk": "ord_LG29FUKmTJAwVC2uYyfDZ3",
        "fields": {
            "invoice": "inv_F8hpukv3VHjyyyCedFLyeC",
            "discount_code": 1,
            "item_name": "Infeasibility Consulting Study",
            "item_description": "A big useless report on what you want to hear",
            "quantity_purchased": 4,
            "item_price": 20,
            "item_total_price": 80,
            "item_tax_rate": 5,
            "item_total_tax": 4.0
        }
    },
    {
        "model": "timelyapp.invoice",
        "pk": "inv_F8hpukv3VHjyyyCedFLyeC",
        "fields": {
            "invoice_name": "BA21000001",
            "date_sent": "2022-05-01",
            "date_due": "2022-05-11",
            "bill_from": "biz_4iCyEKhCFaNBGGahn3Rn4i",
            "bill_to": "biz_D3FraiLKpJicT9CdJhwwYc",
            "terms": "NET10",
            "invoice_total_price": 892.5,
            "invoice_total_tax": 42.5,
            "currency": "USD",
            "is_flagged": false,
            "is_scheduled": false,
            "is_paid": false
        }
    },
    {
        "model": "timelyapp.order",
        "pk": "ord_oRfZSK4hXRhAw2aTwyPrYF",
        "fields": {
            "invoice": "inv_EuvGmHfzZDdwa9HF3yfW2U",
            "discount_code": 1,
            "item_name": "Some Widget",
            "item_description": "A business widget for vertical synergy jargon",
            "quantity_purchased": 1,
            "item_price": 10,
            "item_total_price": 10,
            "item_tax_rate": 5,
            "item_total_tax": 0.5
        }
    },
    {
        "model": "timelyapp.order",
        "pk": "ord_fYqm8p89GVX7kutBK3BLZ2",
        "fields": {
            "invoice": "inv_EuvGmHfzZDdwa9HF3yfW2U",
            "discount_code": 1,
            "item_name": "A Different Widget",
            "item_description": "A widget for backward overflow jargon",
            "quantity_purchased": 5,
            "item_price": 20,
            "item_total_price": 100,
            "item_tax_rate": 5,
            "item_total_tax": 5.0
        }
    },
    {
        "model": "timelyapp.order",
        "pk": "ord_YRBEoT7wvVkhKhQDDqHtVE",
        "fields": {
            "invoice": "inv_EuvGmHfzZDdwa9HF3yfW2U",
            "discount_code": 1,
            "item_name": "Professional Services",
            "item_description": "Overpriced Legal/Technical/Medical services that you cannot afford to avoid.",
            "quantity_purchased": 9,
            "item_price": 10,
            "item_total_price": 90,
            "item_tax_rate": 5,
            "item_total_tax": 4.5
        }
    },
    {
        "model": "timelyapp.order",
        "pk": "ord_6kiDWspczP7NYpPticzvrk",
        "fields": {
            "invoice": "inv_EuvGmHfzZDdwa9HF3yfW2U",
            "discount_code": 1,
            "item_name": "A Different Widget",
            "item_description": "A widget for backward overflow jargon",
            "quantity_purchased": 9,
            "item_price": 20,
            "item_total_price": 180,
            "item_tax_rate": 5,
            "item_total_tax": 9.0
        }
    },
    {
        "model": "timelyapp.order",
        "pk": "ord_RHYwn9yhBecfVRPoGeLn5F",
        "fields": {
            "invoice": "inv_EuvGmHfzZDdwa9HF3yfW2U",
            "discount_code": 1,
            "item_name": "Some Widget",
            "item_description": "A business widget for vertical synergy jargon",
            "quantity_purchased": 6,
            "item_price": 10,
            "item_total_price": 60,
            "item_tax_rate": 5,
            "item_total_tax": 3.0
        }
    },
    {
        "model": "timelyapp.invoice",
        "pk": "inv_EuvGmHfzZDdwa9HF3yfW2U",
        "fields": {
            "invoice_name": "BA21000002",
            "date_sent": "2022-01-11",
            "date_due": null,
            "bill_from": "biz_4iCyEKhCFaNBGGahn3Rn4i",
            "bill_to": "biz_D3FraiLKpJicT9CdJhwwYc",
            "terms": "COD",
            "invoice_total_price": 462.0,
            "invoice_total_tax": 22.0,
            "currency": "USD",
            "is_flagged": true,
            "is_scheduled": false,
            "is_paid": false
        }
    },
    {
        "model": "timelyapp.order",
        "pk": "ord_dSrnE6B9M5oXzsDBhoo5S8",
        "fields": {
            "invoice": "inv_YigQvkqQGhv4bGGNzg6FKU",
            "discount_code": 1,
            "item_name": "A Different Widget",
            "item_description": "A widget for backward overflow jargon",
            "quantity_purchased": 3,
            "item_price": 20,
            "item_total_price": 60,
            "item_tax_rate": 5,
            "item_total_tax": 3.0
        }
    },
    {
        "model": "timelyapp.order",
        "pk": "ord_RC6C8Ew3UD4yva9U2CJo3t",
        "fields": {
            "invoice": "inv_YigQvkqQGhv4bGGNzg6FKU",
            "discount_code": 1,
            "item_name": "Infeasibility Consulting Study",
            "item_description": "A big useless report on what you want to hear",
            "quantity_purchased": 9,
            "item_price": 20,
            "item_total_price": 180,
            "item_tax_rate": 5,
            "item_total_tax": 9.0
        }
    },
    {
        "model": "timelyapp.invoice",
        "pk": "inv_YigQvkqQGhv4bGGNzg6FKU",
        "fields": {
            "invoice_name": "TB21000003",
            "date_sent": "2022-03-16",
            "date_due": "2022-03-16",
            "bill_from": "biz_Cz9xETFw7mt6edtQdUYKhJ",
            "bill_to": "biz_XhLAvUW63VuD4vfuCtEZKw",
            "terms": "CIA",
            "invoice_total_price": 252.0,
            "invoice_total_tax": 12.0,
            "currency": "USD",
            "is_flagged": false,
            "is_scheduled": false,
            "is_paid": false
        }
    },
    {
        "model": "timelyapp.order",
        "pk": "ord_STDLsgg6inSepSCoHzdSYT",
        "fields": {
            "invoice": "inv_n8wzub8mFAoRjLa3DiJFfD",
            "discount_code": 1,
            "item_name": "A Different Widget",
            "item_description": "A widget for backward overflow jargon",
            "quantity_purchased": 10,
            "item_price": 20,
            "item_total_price": 200,
            "item_tax_rate": 5,
            "item_total_tax": 10.0
        }
    },
    {
        "model": "timelyapp.order",
        "pk": "ord_9HPFAofbrTAe7ckcqAr6gL",
        "fields": {
            "invoice": "inv_n8wzub8mFAoRjLa3DiJFfD",
            "discount_code": 1,
            "item_name": "Some Widget",
            "item_description": "A business widget for vertical synergy jargon",
            "quantity_purchased": 1,
            "item_price": 10,
            "item_total_price": 10,
            "item_tax_rate": 5,
            "item_total_tax": 0.5
        }
    },
    {
        "model": "timelyapp.order",
        "pk": "ord_D5uMSqFRTqgePC4cXMGkDL",
        "fields": {
            "invoice": "inv_n8wzub8mFAoRjLa3DiJFfD",
            "discount_code": 1,
            "item_name": "Some Widget",
            "item_description": "A business widget for vertical synergy jargon",
            "quantity_purchased": 10,
            "item_price": 10,
            "item_total_price": 100,
            "item_tax_rate": 5,
            "item_total_tax": 5.0
        }
    },
    {
        "model": "timelyapp.order",
        "pk": "ord_GcVwJSRC4sXy4tYBpjMza4",
        "fields": {
            "invoice": "inv_n8wzub8mFAoRjLa3DiJFfD",
            "discount_code": 1,
            "item_name": "Professional Services",
            "item_description": "Overpriced Legal/Technical/Medical services that you cannot afford to avoid.",
            "quantity_purchased": 8,
            "item_price": 10,
            "item_total_price": 80,
            "item_tax_rate": 5,
            "item_total_tax": 4.0
        }
    },
    {
        "model": "timelyapp.order",
        "pk": "ord_UrFNmqLmnkoqKajSBxWGmR",
        "fields": {
            "invoice": "inv_n8wzub8mFAoRjLa3DiJFfD",
            "discount_code": 1,
            "item_name": "Infeasibility Consulting Study",
            "item_description": "A big useless report on what you want to hear",
            "quantity_purchased": 4,
            "item_price": 20,
            "item_total_price": 80,
            "item_tax_rate": 5,
            "item_total_tax": 4.0
        }
    },
    {
        "model": "timelyapp.invoice",
        "pk": "inv_n8wzub8mFAoRjLa3DiJFfD",
        "fields": {
            "invoice_name": "BB21000004",
            "date_sent": "2022-03-24",
            "date_due": "2022-07-22",
            "bill_from": "biz_XhLAvUW63VuD4vfuCtEZKw",
            "bill_to": "biz_4iCyEKhCFaNBGGahn3Rn4i",
            "terms": "NET120",
            "invoice_total_price": 493.5,
            "invoice_total_tax": 23.5,
            "currency": "USD",
            "is_flagged": false,
            "is_scheduled": true,
            "is_paid": false
        }
    },
    {
        "model": "timelyapp.order",
        "pk": "ord_4K6Np4KrPPtbb95R3EwsLp",
        "fields": {
            "invoice": "inv_mdVDmbxv3tZ7rsxA6NMNrQ",
            "discount_code": 1,
            "item_name": "A Different Widget",
            "item_description": "A widget for backward overflow jargon",
            "quantity_purchased": 10,
            "item_price": 20,
            "item_total_price": 200,
            "item_tax_rate": 5,
            "item_total_tax": 10.0
        }
    },
    {
        "model": "timelyapp.order",
        "pk": "ord_eYTqpHNxwTnrtkYem383z3",
        "fields": {
            "invoice": "inv_mdVDmbxv3tZ7rsxA6NMNrQ",
            "discount_code": 1,
            "item_name": "A Different Widget",
            "item_description": "A widget for backward overflow jargon",
            "quantity_purchased": 6,
            "item_price": 20,
            "item_total_price": 120,
            "item_tax_rate": 5,
            "item_total_tax": 6.0
        }
    },
    {
        "model": "timelyapp.order",
        "pk": "ord_K96povDBnTMJRVhh2MGKRo",
        "fields": {
            "invoice": "inv_mdVDmbxv3tZ7rsxA6NMNrQ",
            "discount_code": 1,
            "item_name": "Professional Services",
            "item_description": "Overpriced Legal/Technical/Medical services that you cannot afford to avoid.",
            "quantity_purchased": 10,
            "item_price": 10,
            "item_total_price": 100,
            "item_tax_rate": 5,
            "item_total_tax": 5.0
        }
    },
    {
        "model": "timelyapp.order",
        "pk": "ord_F7ESSvyaagrVsYwD2nVTXe",
        "fields": {
            "invoice": "inv_mdVDmbxv3tZ7rsxA6NMNrQ",
            "discount_code": 1,
            "item_name": "Professional Services",
            "item_description": "Overpriced Legal/Technical/Medical services that you cannot afford to avoid.",
            "quantity_purchased": 1,
            "item_price": 10,
            "item_total_price": 10,
            "item_tax_rate": 5,
            "item_total_tax": 0.5
        }
    },
    {
        "model": "timelyapp.order",
        "pk": "ord_27Z2nyAchEa2VNeLU4r2a7",
        "fields": {
            "invoice": "inv_mdVDmbxv3tZ7rsxA6NMNrQ",
            "discount_code": 1,
            "item_name": "A Different Widget",
            "item_description": "A widget for backward overflow jargon",
            "quantity_purchased": 5,
            "item_price": 20,
            "item_total_price": 100,
            "item_tax_rate": 5,
            "item_total_tax": 5.0
        }
    },
    {
        "model": "timelyapp.order",
        "pk": "ord_9t9XQpaYSg8njVXabrqWHi",
        "fields": {
            "invoice": "inv_mdVDmbxv3tZ7rsxA6NMNrQ",
            "discount_code": 1,
            "item_name": "Infeasibility Consulting Study",
            "item_description": "A big useless report on what you want to hear",
            "quantity_purchased": 9,
            "item_price": 20,
            "item_total_price": 180,
            "item_tax_rate": 5,
            "item_total_tax": 9.0
        }
    },
    {
        "model": "timelyapp.invoice",
        "pk": "inv_mdVDmbxv3tZ7rsxA6NMNrQ",
        "fields": {
            "invoice_name": "BA21000005",
            "date_sent": "2022-06-04",
            "date_due": "2022-06-11",
            "bill_from": "biz_4iCyEKhCFaNBGGahn3Rn4i",
            "bill_to": "biz_D3FraiLKpJicT9CdJhwwYc",
            "terms": "NET7",
            "invoice_total_price": 745.5,
            "invoice_total_tax": 35.5,
            "currency": "USD",
            "is_flagged": true,
            "is_scheduled": false,
            "is_paid": false
        }
    },
    {
        "model": "timelyapp.order",
        "pk": "ord_kTq2cnfLqVqmhZxr7BBYdx",
        "fields": {
            "invoice": "inv_BHCDGEx2jE2DnHskGzKwnz",
            "discount_code": 1,
            "item_name": "A Different Widget",
            "item_description": "A widget for backward overflow jargon",
            "quantity_purchased": 3,
            "item_price": 20,
            "item_total_price": 60,
            "item_tax_rate": 5,
            "item_total_tax": 3.0
        }
    },
    {
        "model": "timelyapp.invoice",
        "pk": "inv_BHCDGEx2jE2DnHskGzKwnz",
        "fields": {
            "invoice_name": "FS21000006",
            "date_sent": "2022-04-12",
            "date_due": "2022-04-12",
            "bill_from": "biz_D3FraiLKpJicT9CdJhwwYc",
            "bill_to": "biz_D3FraiLKpJicT9CdJhwwYc",
            "terms": "CIA",
            "invoice_total_price": 63.0,
            "invoice_total_tax": 3.0,
            "currency": "USD",
            "is_flagged": false,
            "is_scheduled": true,
            "is_paid": false
        }
    },
    {
        "model": "timelyapp.order",
        "pk": "ord_eCtTiMNpGEdn47QJBnVBFr",
        "fields": {
            "invoice": "inv_nFrmxUfA9KVPafEak8uAJH",
            "discount_code": 1,
            "item_name": "Professional Services",
            "item_description": "Overpriced Legal/Technical/Medical services that you cannot afford to avoid.",
            "quantity_purchased": 4,
            "item_price": 10,
            "item_total_price": 40,
            "item_tax_rate": 5,
            "item_total_tax": 2.0
        }
    },
    {
        "model": "timelyapp.order",
        "pk": "ord_4zUdPJJU7mjRRnkU8XjZW2",
        "fields": {
            "invoice": "inv_nFrmxUfA9KVPafEak8uAJH",
            "discount_code": 1,
            "item_name": "Infeasibility Consulting Study",
            "item_description": "A big useless report on what you want to hear",
            "quantity_purchased": 7,
            "item_price": 20,
            "item_total_price": 140,
            "item_tax_rate": 5,
            "item_total_tax": 7.0
        }
    },
    {
        "model": "timelyapp.order",
        "pk": "ord_hAvNYmzqjCFgZXKaJtLv3d",
        "fields": {
            "invoice": "inv_nFrmxUfA9KVPafEak8uAJH",
            "discount_code": 1,
            "item_name": "Professional Services",
            "item_description": "Overpriced Legal/Technical/Medical services that you cannot afford to avoid.",
            "quantity_purchased": 9,
            "item_price": 10,
            "item_total_price": 90,
            "item_tax_rate": 5,
            "item_total_tax": 4.5
        }
    },
    {
        "model": "timelyapp.order",
        "pk": "ord_FSiqnMgqCLYy6SKJipML8x",
        "fields": {
            "invoice": "inv_nFrmxUfA9KVPafEak8uAJH",
            "discount_code": 1,
            "item_name": "Some Widget",
            "item_description": "A business widget for vertical synergy jargon",
            "quantity_purchased": 6,
            "item_price": 10,
            "item_total_price": 60,
            "item_tax_rate": 5,
            "item_total_tax": 3.0
        }
    },
    {
        "model": "timelyapp.order",
        "pk": "ord_3sbFS24KkQVyDw5mxFEjiv",
        "fields": {
            "invoice": "inv_nFrmxUfA9KVPafEak8uAJH",
            "discount_code": 1,
            "item_name": "A Different Widget",
            "item_description": "A widget for backward overflow jargon",
            "quantity_purchased": 10,
            "item_price": 20,
            "item_total_price": 200,
            "item_tax_rate": 5,
            "item_total_tax": 10.0
        }
    },
    {
        "model": "timelyapp.order",
        "pk": "ord_G9rYvFETK7qLXk98FrzGpd",
        "fields": {
            "invoice": "inv_nFrmxUfA9KVPafEak8uAJH",
            "discount_code": 1,
            "item_name": "Professional Services",
            "item_description": "Overpriced Legal/Technical/Medical services that you cannot afford to avoid.",
            "quantity_purchased": 7,
            "item_price": 10,
            "item_total_price": 70,
            "item_tax_rate": 5,
            "item_total_tax": 3.5
        }
    },
    {
        "model": "timelyapp.order",
        "pk": "ord_igSfu4pmqjsPwWSEubikdU",
        "fields": {
            "invoice": "inv_nFrmxUfA9KVPafEak8uAJH",
            "discount_code": 1,
            "item_name": "Some Widget",
            "item_description": "A business widget for vertical synergy jargon",
            "quantity_purchased": 3,
            "item_price": 10,
            "item_total_price": 30,
            "item_tax_rate": 5,
            "item_total_tax": 1.5
        }
    },
    {
        "model": "timelyapp.invoice",
        "pk": "inv_nFrmxUfA9KVPafEak8uAJH",
        "fields": {
            "invoice_name": "BA21000007",
            "date_sent": "2022-02-19",
            "date_due": "2022-03-01",
            "bill_from": "biz_4iCyEKhCFaNBGGahn3Rn4i",
            "bill_to": "biz_D3FraiLKpJicT9CdJhwwYc",
            "terms": "NET10",
            "invoice_total_price": 661.5,
            "invoice_total_tax": 31.5,
            "currency": "USD",
            "is_flagged": false,
            "is_scheduled": true,
            "is_paid": false
        }
    },
    {
        "model": "timelyapp.order",
        "pk": "ord_cPn5zRTbVs8FWWiWn25baE",
        "fields": {
            "invoice": "inv_Z98dqZ6nRHQhU8WKgvRnC5",
            "discount_code": 1,
            "item_name": "Some Widget",
            "item_description": "A business widget for vertical synergy jargon",
            "quantity_purchased": 8,
            "item_price": 10,
            "item_total_price": 80,
            "item_tax_rate": 5,
            "item_total_tax": 4.0
        }
    },
    {
        "model": "timelyapp.invoice",
        "pk": "inv_Z98dqZ6nRHQhU8WKgvRnC5",
        "fields": {
            "invoice_name": "BB21000008",
            "date_sent": "2022-05-05",
            "date_due": "2022-05-15",
            "bill_from": "biz_XhLAvUW63VuD4vfuCtEZKw",
            "bill_to": "biz_4iCyEKhCFaNBGGahn3Rn4i",
            "terms": "NET10",
            "invoice_total_price": 84.0,
            "invoice_total_tax": 4.0,
            "currency": "USD",
            "is_flagged": true,
            "is_scheduled": true,
            "is_paid": false
        }
    },
    {
        "model": "timelyapp.order",
        "pk": "ord_NKTmdb9os7XsuivmXsUteT",
        "fields": {
            "invoice": "inv_oYRtiEXkoFzCHAmK4UyW72",
            "discount_code": 1,
            "item_name": "A Different Widget",
            "item_description": "A widget for backward overflow jargon",
            "quantity_purchased": 7,
            "item_price": 20,
            "item_total_price": 140,
            "item_tax_rate": 5,
            "item_total_tax": 7.0
        }
    },
    {
        "model": "timelyapp.order",
        "pk": "ord_X9twAbEa59WmS2hJdeUNHu",
        "fields": {
            "invoice": "inv_oYRtiEXkoFzCHAmK4UyW72",
            "discount_code": 1,
            "item_name": "Some Widget",
            "item_description": "A business widget for vertical synergy jargon",
            "quantity_purchased": 4,
            "item_price": 10,
            "item_total_price": 40,
            "item_tax_rate": 5,
            "item_total_tax": 2.0
        }
    },
    {
        "model": "timelyapp.order",
        "pk": "ord_gGXt3am9JuN43VeoTcdif9",
        "fields": {
            "invoice": "inv_oYRtiEXkoFzCHAmK4UyW72",
            "discount_code": 1,
            "item_name": "A Different Widget",
            "item_description": "A widget for backward overflow jargon",
            "quantity_purchased": 10,
            "item_price": 20,
            "item_total_price": 200,
            "item_tax_rate": 5,
            "item_total_tax": 10.0
        }
    },
    {
        "model": "timelyapp.order",
        "pk": "ord_hZ79J9kmdaSoVqf8LwgjcV",
        "fields": {
            "invoice": "inv_oYRtiEXkoFzCHAmK4UyW72",
            "discount_code": 1,
            "item_name": "Some Widget",
            "item_description": "A business widget for vertical synergy jargon",
            "quantity_purchased": 8,
            "item_price": 10,
            "item_total_price": 80,
            "item_tax_rate": 5,
            "item_total_tax": 4.0
        }
    },
    {
        "model": "timelyapp.order",
        "pk": "ord_KPWHazsjwG3e3wjhrVKL99",
        "fields": {
            "invoice": "inv_oYRtiEXkoFzCHAmK4UyW72",
            "discount_code": 1,
            "item_name": "Professional Services",
            "item_description": "Overpriced Legal/Technical/Medical services that you cannot afford to avoid.",
            "quantity_purchased": 7,
            "item_price": 10,
            "item_total_price": 70,
            "item_tax_rate": 5,
            "item_total_tax": 3.5
        }
    },
    {
        "model": "timelyapp.order",
        "pk": "ord_BwsYNW89bbbFQaTZYeG5Re",
        "fields": {
            "invoice": "inv_oYRtiEXkoFzCHAmK4UyW72",
            "discount_code": 1,
            "item_name": "Professional Services",
            "item_description": "Overpriced Legal/Technical/Medical services that you cannot afford to avoid.",
            "quantity_purchased": 10,
            "item_price": 10,
            "item_total_price": 100,
            "item_tax_rate": 5,
            "item_total_tax": 5.0
        }
    },
    {
        "model": "timelyapp.order",
        "pk": "ord_djVZxrwbBz73P3vmvJmayM",
        "fields": {
            "invoice": "inv_oYRtiEXkoFzCHAmK4UyW72",
            "discount_code": 1,
            "item_name": "Some Widget",
            "item_description": "A business widget for vertical synergy jargon",
            "quantity_purchased": 6,
            "item_price": 10,
            "item_total_price": 60,
            "item_tax_rate": 5,
            "item_total_tax": 3.0
        }
    },
    {
        "model": "timelyapp.order",
        "pk": "ord_GpCgLtd79pQcTXwW5FB7o8",
        "fields": {
            "invoice": "inv_oYRtiEXkoFzCHAmK4UyW72",
            "discount_code": 1,
            "item_name": "Some Widget",
            "item_description": "A business widget for vertical synergy jargon",
            "quantity_purchased": 8,
            "item_price": 10,
            "item_total_price": 80,
            "item_tax_rate": 5,
            "item_total_tax": 4.0
        }
    },
    {
        "model": "timelyapp.order",
        "pk": "ord_aaSqoFaLYwaUH8dRgYcKL6",
        "fields": {
            "invoice": "inv_oYRtiEXkoFzCHAmK4UyW72",
            "discount_code": 1,
            "item_name": "Infeasibility Consulting Study",
            "item_description": "A big useless report on what you want to hear",
            "quantity_purchased": 2,
            "item_price": 20,
            "item_total_price": 40,
            "item_tax_rate": 5,
            "item_total_tax": 2.0
        }
    },
    {
        "model": "timelyapp.order",
        "pk": "ord_L4afxtf6mxVmc7b7kNYhki",
        "fields": {
            "invoice": "inv_oYRtiEXkoFzCHAmK4UyW72",
            "discount_code": 1,
            "item_name": "Some Widget",
            "item_description": "A business widget for vertical synergy jargon",
            "quantity_purchased": 2,
            "item_price": 10,
            "item_total_price": 20,
            "item_tax_rate": 5,
            "item_total_tax": 1.0
        }
    },
    {
        "model": "timelyapp.invoice",
        "pk": "inv_oYRtiEXkoFzCHAmK4UyW72",
        "fields": {
            "invoice_name": "FS21000009",
            "date_sent": "2022-05-29",
            "date_due": "2022-06-08",
            "bill_from": "biz_D3FraiLKpJicT9CdJhwwYc",
            "bill_to": "biz_D3FraiLKpJicT9CdJhwwYc",
            "terms": "NET10",
            "invoice_total_price": 871.5,
            "invoice_total_tax": 41.5,
            "currency": "USD",
            "is_flagged": false,
            "is_scheduled": true,
            "is_paid": false
        }
    },
    {
        "model": "timelyapp.order",
        "pk": "ord_6hzjPiReCZ4DRZYF6guuW2",
        "fields": {
            "invoice": "inv_AsU4n5eaZCttvgGoJNzqvf",
            "discount_code": 1,
            "item_name": "Professional Services",
            "item_description": "Overpriced Legal/Technical/Medical services that you cannot afford to avoid.",
            "quantity_purchased": 4,
            "item_price": 10,
            "item_total_price": 40,
            "item_tax_rate": 5,
            "item_total_tax": 2.0
        }
    },
    {
        "model": "timelyapp.order",
        "pk": "ord_kBNoixfUS6EtS3B924Zp6X",
        "fields": {
            "invoice": "inv_AsU4n5eaZCttvgGoJNzqvf",
            "discount_code": 1,
            "item_name": "A Different Widget",
            "item_description": "A widget for backward overflow jargon",
            "quantity_purchased": 7,
            "item_price": 20,
            "item_total_price": 140,
            "item_tax_rate": 5,
            "item_total_tax": 7.0
        }
    },
    {
        "model": "timelyapp.order",
        "pk": "ord_PVoFQamsEwUm65PtP7WzzE",
        "fields": {
            "invoice": "inv_AsU4n5eaZCttvgGoJNzqvf",
            "discount_code": 1,
            "item_name": "Infeasibility Consulting Study",
            "item_description": "A big useless report on what you want to hear",
            "quantity_purchased": 10,
            "item_price": 20,
            "item_total_price": 200,
            "item_tax_rate": 5,
            "item_total_tax": 10.0
        }
    },
    {
        "model": "timelyapp.order",
        "pk": "ord_drNqchC8qjAjbXcaQumtZ8",
        "fields": {
            "invoice": "inv_AsU4n5eaZCttvgGoJNzqvf",
            "discount_code": 1,
            "item_name": "A Different Widget",
            "item_description": "A widget for backward overflow jargon",
            "quantity_purchased": 3,
            "item_price": 20,
            "item_total_price": 60,
            "item_tax_rate": 5,
            "item_total_tax": 3.0
        }
    },
    {
        "model": "timelyapp.order",
        "pk": "ord_Sh6P4sWob37d77GptVzX5J",
        "fields": {
            "invoice": "inv_AsU4n5eaZCttvgGoJNzqvf",
            "discount_code": 1,
            "item_name": "A Different Widget",
            "item_description": "A widget for backward overflow jargon",
            "quantity_purchased": 8,
            "item_price": 20,
            "item_total_price": 160,
            "item_tax_rate": 5,
            "item_total_tax": 8.0
        }
    },
    {
        "model": "timelyapp.order",
        "pk": "ord_6yeVgwhNk4B7pqgxdNGF4y",
        "fields": {
            "invoice": "inv_AsU4n5eaZCttvgGoJNzqvf",
            "discount_code": 1,
            "item_name": "Infeasibility Consulting Study",
            "item_description": "A big useless report on what you want to hear",
            "quantity_purchased": 4,
            "item_price": 20,
            "item_total_price": 80,
            "item_tax_rate": 5,
            "item_total_tax": 4.0
        }
    },
    {
        "model": "timelyapp.order",
        "pk": "ord_dHt3gm73tRpkx8RJjWspyi",
        "fields": {
            "invoice": "inv_AsU4n5eaZCttvgGoJNzqvf",
            "discount_code": 1,
            "item_name": "A Different Widget",
            "item_description": "A widget for backward overflow jargon",
            "quantity_purchased": 2,
            "item_price": 20,
            "item_total_price": 40,
            "item_tax_rate": 5,
            "item_total_tax": 2.0
        }
    },
    {
        "model": "timelyapp.order",
        "pk": "ord_kake43FL859T352rfW387T",
        "fields": {
            "invoice": "inv_AsU4n5eaZCttvgGoJNzqvf",
            "discount_code": 1,
            "item_name": "Infeasibility Consulting Study",
            "item_description": "A big useless report on what you want to hear",
            "quantity_purchased": 6,
            "item_price": 20,
            "item_total_price": 120,
            "item_tax_rate": 5,
            "item_total_tax": 6.0
        }
    },
    {
        "model": "timelyapp.order",
        "pk": "ord_EC4Kprrb4ZcSaUik9tF9HR",
        "fields": {
            "invoice": "inv_AsU4n5eaZCttvgGoJNzqvf",
            "discount_code": 1,
            "item_name": "Some Widget",
            "item_description": "A business widget for vertical synergy jargon",
            "quantity_purchased": 1,
            "item_price": 10,
            "item_total_price": 10,
            "item_tax_rate": 5,
            "item_total_tax": 0.5
        }
    },
    {
        "model": "timelyapp.order",
        "pk": "ord_nzV3325bgNiWgWBtuuTjoL",
        "fields": {
            "invoice": "inv_AsU4n5eaZCttvgGoJNzqvf",
            "discount_code": 1,
            "item_name": "Professional Services",
            "item_description": "Overpriced Legal/Technical/Medical services that you cannot afford to avoid.",
            "quantity_purchased": 8,
            "item_price": 10,
            "item_total_price": 80,
            "item_tax_rate": 5,
            "item_total_tax": 4.0
        }
    },
    {
        "model": "timelyapp.invoice",
        "pk": "inv_AsU4n5eaZCttvgGoJNzqvf",
        "fields": {
            "invoice_name": "FS21000010",
            "date_sent": "2022-01-05",
            "date_due": "2022-05-05",
            "bill_from": "biz_D3FraiLKpJicT9CdJhwwYc",
            "bill_to": "biz_D3FraiLKpJicT9CdJhwwYc",
            "terms": "NET120",
            "invoice_total_price": 976.5,
            "invoice_total_tax": 46.5,
            "currency": "USD",
            "is_flagged": false,
            "is_scheduled": true,
            "is_paid": false
        }
    },
    {
        "model": "timelyapp.order",
        "pk": "ord_TyzySWpDDEsei5kSULxxFM",
        "fields": {
            "invoice": "inv_dXvMRxLN6zQMtF9ntQMWYx",
            "discount_code": 1,
            "item_name": "Infeasibility Consulting Study",
            "item_description": "A big useless report on what you want to hear",
            "quantity_purchased": 2,
            "item_price": 20,
            "item_total_price": 40,
            "item_tax_rate": 5,
            "item_total_tax": 2.0
        }
    },
    {
        "model": "timelyapp.order",
        "pk": "ord_dpMHXfRJFVadgnHSVvvmcC",
        "fields": {
            "invoice": "inv_dXvMRxLN6zQMtF9ntQMWYx",
            "discount_code": 1,
            "item_name": "Infeasibility Consulting Study",
            "item_description": "A big useless report on what you want to hear",
            "quantity_purchased": 7,
            "item_price": 20,
            "item_total_price": 140,
            "item_tax_rate": 5,
            "item_total_tax": 7.0
        }
    },
    {
        "model": "timelyapp.order",
        "pk": "ord_XYLvvfeoPj3jmU7UsYU63p",
        "fields": {
            "invoice": "inv_dXvMRxLN6zQMtF9ntQMWYx",
            "discount_code": 1,
            "item_name": "A Different Widget",
            "item_description": "A widget for backward overflow jargon",
            "quantity_purchased": 4,
            "item_price": 20,
            "item_total_price": 80,
            "item_tax_rate": 5,
            "item_total_tax": 4.0
        }
    },
    {
        "model": "timelyapp.order",
        "pk": "ord_e2EJPDxGCDdVKLLacvhLD7",
        "fields": {
            "invoice": "inv_dXvMRxLN6zQMtF9ntQMWYx",
            "discount_code": 1,
            "item_name": "A Different Widget",
            "item_description": "A widget for backward overflow jargon",
            "quantity_purchased": 3,
            "item_price": 20,
            "item_total_price": 60,
            "item_tax_rate": 5,
            "item_total_tax": 3.0
        }
    },
    {
        "model": "timelyapp.order",
        "pk": "ord_c2Hvu5DFxzLVZo9JEwwEnR",
        "fields": {
            "invoice": "inv_dXvMRxLN6zQMtF9ntQMWYx",
            "discount_code": 1,
            "item_name": "A Different Widget",
            "item_description": "A widget for backward overflow jargon",
            "quantity_purchased": 8,
            "item_price": 20,
            "item_total_price": 160,
            "item_tax_rate": 5,
            "item_total_tax": 8.0
        }
    },
    {
        "model": "timelyapp.invoice",
        "pk": "inv_dXvMRxLN6zQMtF9ntQMWYx",
        "fields": {
            "invoice_name": "FS21000011",
            "date_sent": "2022-06-08",
            "date_due": "2022-06-15",
            "bill_from": "biz_D3FraiLKpJicT9CdJhwwYc",
            "bill_to": "biz_XhLAvUW63VuD4vfuCtEZKw",
            "terms": "NET7",
            "invoice_total_price": 504.0,
            "invoice_total_tax": 24.0,
            "currency": "USD",
            "is_flagged": true,
            "is_scheduled": true,
            "is_paid": false
        }
    },
    {
        "model": "timelyapp.order",
        "pk": "ord_Zp8BijYMgbvKSr48qDWVcP",
        "fields": {
            "invoice": "inv_Qj8sXNjpbjA9pMLox6RZmw",
            "discount_code": 1,
            "item_name": "Some Widget",
            "item_description": "A business widget for vertical synergy jargon",
            "quantity_purchased": 1,
            "item_price": 10,
            "item_total_price": 10,
            "item_tax_rate": 5,
            "item_total_tax": 0.5
        }
    },
    {
        "model": "timelyapp.order",
        "pk": "ord_UHTYYkw3hRZPcWuXujbVUj",
        "fields": {
            "invoice": "inv_Qj8sXNjpbjA9pMLox6RZmw",
            "discount_code": 1,
            "item_name": "Professional Services",
            "item_description": "Overpriced Legal/Technical/Medical services that you cannot afford to avoid.",
            "quantity_purchased": 3,
            "item_price": 10,
            "item_total_price": 30,
            "item_tax_rate": 5,
            "item_total_tax": 1.5
        }
    },
    {
        "model": "timelyapp.order",
        "pk": "ord_PbsHBBCRVADtbBayLviZar",
        "fields": {
            "invoice": "inv_Qj8sXNjpbjA9pMLox6RZmw",
            "discount_code": 1,
            "item_name": "Professional Services",
            "item_description": "Overpriced Legal/Technical/Medical services that you cannot afford to avoid.",
            "quantity_purchased": 7,
            "item_price": 10,
            "item_total_price": 70,
            "item_tax_rate": 5,
            "item_total_tax": 3.5
        }
    },
    {
        "model": "timelyapp.order",
        "pk": "ord_2pmoNqGxLu5LGJMvAtpYXf",
        "fields": {
            "invoice": "inv_Qj8sXNjpbjA9pMLox6RZmw",
            "discount_code": 1,
            "item_name": "Infeasibility Consulting Study",
            "item_description": "A big useless report on what you want to hear",
            "quantity_purchased": 4,
            "item_price": 20,
            "item_total_price": 80,
            "item_tax_rate": 5,
            "item_total_tax": 4.0
        }
    },
    {
        "model": "timelyapp.order",
        "pk": "ord_Cgf2EBCEZK4fqLNmmFjwyV",
        "fields": {
            "invoice": "inv_Qj8sXNjpbjA9pMLox6RZmw",
            "discount_code": 1,
            "item_name": "Some Widget",
            "item_description": "A business widget for vertical synergy jargon",
            "quantity_purchased": 10,
            "item_price": 10,
            "item_total_price": 100,
            "item_tax_rate": 5,
            "item_total_tax": 5.0
        }
    },
    {
        "model": "timelyapp.order",
        "pk": "ord_9UEi98HUHMirRgWvwwGRub",
        "fields": {
            "invoice": "inv_Qj8sXNjpbjA9pMLox6RZmw",
            "discount_code": 1,
            "item_name": "Infeasibility Consulting Study",
            "item_description": "A big useless report on what you want to hear",
            "quantity_purchased": 7,
            "item_price": 20,
            "item_total_price": 140,
            "item_tax_rate": 5,
            "item_total_tax": 7.0
        }
    },
    {
        "model": "timelyapp.order",
        "pk": "ord_3Yr88T7uQsUQFeMvLyG5w2",
        "fields": {
            "invoice": "inv_Qj8sXNjpbjA9pMLox6RZmw",
            "discount_code": 1,
            "item_name": "Infeasibility Consulting Study",
            "item_description": "A big useless report on what you want to hear",
            "quantity_purchased": 9,
            "item_price": 20,
            "item_total_price": 180,
            "item_tax_rate": 5,
            "item_total_tax": 9.0
        }
    },
    {
        "model": "timelyapp.order",
        "pk": "ord_GqnWf8Y2bhNNpXRrcGu8cT",
        "fields": {
            "invoice": "inv_Qj8sXNjpbjA9pMLox6RZmw",
            "discount_code": 1,
            "item_name": "Professional Services",
            "item_description": "Overpriced Legal/Technical/Medical services that you cannot afford to avoid.",
            "quantity_purchased": 2,
            "item_price": 10,
            "item_total_price": 20,
            "item_tax_rate": 5,
            "item_total_tax": 1.0
        }
    },
    {
        "model": "timelyapp.order",
        "pk": "ord_PbJMGZACpNTy7J6BjSi2of",
        "fields": {
            "invoice": "inv_Qj8sXNjpbjA9pMLox6RZmw",
            "discount_code": 1,
            "item_name": "A Different Widget",
            "item_description": "A widget for backward overflow jargon",
            "quantity_purchased": 8,
            "item_price": 20,
            "item_total_price": 160,
            "item_tax_rate": 5,
            "item_total_tax": 8.0
        }
    },
    {
        "model": "timelyapp.order",
        "pk": "ord_H7ReevmbjYsnqcchVghwAD",
        "fields": {
            "invoice": "inv_Qj8sXNjpbjA9pMLox6RZmw",
            "discount_code": 1,
            "item_name": "Professional Services",
            "item_description": "Overpriced Legal/Technical/Medical services that you cannot afford to avoid.",
            "quantity_purchased": 7,
            "item_price": 10,
            "item_total_price": 70,
            "item_tax_rate": 5,
            "item_total_tax": 3.5
        }
    },
    {
        "model": "timelyapp.invoice",
        "pk": "inv_Qj8sXNjpbjA9pMLox6RZmw",
        "fields": {
            "invoice_name": "BA21000012",
            "date_sent": "2022-03-17",
            "date_due": "2022-03-27",
            "bill_from": "biz_4iCyEKhCFaNBGGahn3Rn4i",
            "bill_to": "biz_XhLAvUW63VuD4vfuCtEZKw",
            "terms": "NET10",
            "invoice_total_price": 903.0,
            "invoice_total_tax": 43.0,
            "currency": "USD",
            "is_flagged": true,
            "is_scheduled": false,
            "is_paid": false
        }
    },
    {
        "model": "timelyapp.order",
        "pk": "ord_YqaHaXSPaebFUSq8heA3LM",
        "fields": {
            "invoice": "inv_5x9uC5XM8Y26neKkoa4gp5",
            "discount_code": 1,
            "item_name": "A Different Widget",
            "item_description": "A widget for backward overflow jargon",
            "quantity_purchased": 8,
            "item_price": 20,
            "item_total_price": 160,
            "item_tax_rate": 5,
            "item_total_tax": 8.0
        }
    },
    {
        "model": "timelyapp.order",
        "pk": "ord_99FHcTePbu9doATYvwxvWf",
        "fields": {
            "invoice": "inv_5x9uC5XM8Y26neKkoa4gp5",
            "discount_code": 1,
            "item_name": "A Different Widget",
            "item_description": "A widget for backward overflow jargon",
            "quantity_purchased": 7,
            "item_price": 20,
            "item_total_price": 140,
            "item_tax_rate": 5,
            "item_total_tax": 7.0
        }
    },
    {
        "model": "timelyapp.invoice",
        "pk": "inv_5x9uC5XM8Y26neKkoa4gp5",
        "fields": {
            "invoice_name": "TB21000013",
            "date_sent": "2022-02-19",
            "date_due": "2022-05-20",
            "bill_from": "biz_Cz9xETFw7mt6edtQdUYKhJ",
            "bill_to": "biz_Cz9xETFw7mt6edtQdUYKhJ",
            "terms": "NET90",
            "invoice_total_price": 315.0,
            "invoice_total_tax": 15.0,
            "currency": "USD",
            "is_flagged": true,
            "is_scheduled": true,
            "is_paid": false
        }
    },
    {
        "model": "timelyapp.order",
        "pk": "ord_MGaX7J8AmfDf5dUrKtCdoX",
        "fields": {
            "invoice": "inv_XCcn5N5T5tBpj5HxVeVPiP",
            "discount_code": 1,
            "item_name": "Infeasibility Consulting Study",
            "item_description": "A big useless report on what you want to hear",
            "quantity_purchased": 1,
            "item_price": 20,
            "item_total_price": 20,
            "item_tax_rate": 5,
            "item_total_tax": 1.0
        }
    },
    {
        "model": "timelyapp.order",
        "pk": "ord_9SGxsPNiXMByRt4fxhJc78",
        "fields": {
            "invoice": "inv_XCcn5N5T5tBpj5HxVeVPiP",
            "discount_code": 1,
            "item_name": "Professional Services",
            "item_description": "Overpriced Legal/Technical/Medical services that you cannot afford to avoid.",
            "quantity_purchased": 9,
            "item_price": 10,
            "item_total_price": 90,
            "item_tax_rate": 5,
            "item_total_tax": 4.5
        }
    },
    {
        "model": "timelyapp.order",
        "pk": "ord_kAeEebnybmmkgnsvzMQF3n",
        "fields": {
            "invoice": "inv_XCcn5N5T5tBpj5HxVeVPiP",
            "discount_code": 1,
            "item_name": "Some Widget",
            "item_description": "A business widget for vertical synergy jargon",
            "quantity_purchased": 1,
            "item_price": 10,
            "item_total_price": 10,
            "item_tax_rate": 5,
            "item_total_tax": 0.5
        }
    },
    {
        "model": "timelyapp.order",
        "pk": "ord_5ABgQz8kfYkRWLRbGE7v4n",
        "fields": {
            "invoice": "inv_XCcn5N5T5tBpj5HxVeVPiP",
            "discount_code": 1,
            "item_name": "Some Widget",
            "item_description": "A business widget for vertical synergy jargon",
            "quantity_purchased": 5,
            "item_price": 10,
            "item_total_price": 50,
            "item_tax_rate": 5,
            "item_total_tax": 2.5
        }
    },
    {
        "model": "timelyapp.order",
        "pk": "ord_mB82ZfHm69dgohPPDnUHrF",
        "fields": {
            "invoice": "inv_XCcn5N5T5tBpj5HxVeVPiP",
            "discount_code": 1,
            "item_name": "A Different Widget",
            "item_description": "A widget for backward overflow jargon",
            "quantity_purchased": 2,
            "item_price": 20,
            "item_total_price": 40,
            "item_tax_rate": 5,
            "item_total_tax": 2.0
        }
    },
    {
        "model": "timelyapp.invoice",
        "pk": "inv_XCcn5N5T5tBpj5HxVeVPiP",
        "fields": {
            "invoice_name": "BA21000014",
            "date_sent": "2022-05-13",
            "date_due": "2022-09-10",
            "bill_from": "biz_4iCyEKhCFaNBGGahn3Rn4i",
            "bill_to": "biz_Cz9xETFw7mt6edtQdUYKhJ",
            "terms": "NET120",
            "invoice_total_price": 220.5,
            "invoice_total_tax": 10.5,
            "currency": "USD",
            "is_flagged": false,
            "is_scheduled": false,
            "is_paid": false
        }
    },
    {
        "model": "timelyapp.order",
        "pk": "ord_FdCP7U5op5dRqedP4oonP7",
        "fields": {
            "invoice": "inv_fpEWDjpcKZ3bYK6PwmpQN5",
            "discount_code": 1,
            "item_name": "Some Widget",
            "item_description": "A business widget for vertical synergy jargon",
            "quantity_purchased": 10,
            "item_price": 10,
            "item_total_price": 100,
            "item_tax_rate": 5,
            "item_total_tax": 5.0
        }
    },
    {
        "model": "timelyapp.order",
        "pk": "ord_QB9USE5tyJyTwDRUYYFsxM",
        "fields": {
            "invoice": "inv_fpEWDjpcKZ3bYK6PwmpQN5",
            "discount_code": 1,
            "item_name": "Professional Services",
            "item_description": "Overpriced Legal/Technical/Medical services that you cannot afford to avoid.",
            "quantity_purchased": 6,
            "item_price": 10,
            "item_total_price": 60,
            "item_tax_rate": 5,
            "item_total_tax": 3.0
        }
    },
    {
        "model": "timelyapp.invoice",
        "pk": "inv_fpEWDjpcKZ3bYK6PwmpQN5",
        "fields": {
            "invoice_name": "BA21000015",
            "date_sent": "2021-12-25",
            "date_due": "2022-01-01",
            "bill_from": "biz_4iCyEKhCFaNBGGahn3Rn4i",
            "bill_to": "biz_D3FraiLKpJicT9CdJhwwYc",
            "terms": "NET7",
            "invoice_total_price": 168.0,
            "invoice_total_tax": 8.0,
            "currency": "USD",
            "is_flagged": true,
            "is_scheduled": true,
            "is_paid": false
        }
    },
    {
        "model": "timelyapp.order",
        "pk": "ord_Yeo6pMyykDnMRJBUzcSLp5",
        "fields": {
            "invoice": "inv_ksQhWurLWbAzH8XxpaubNM",
            "discount_code": 1,
            "item_name": "A Different Widget",
            "item_description": "A widget for backward overflow jargon",
            "quantity_purchased": 6,
            "item_price": 20,
            "item_total_price": 120,
            "item_tax_rate": 5,
            "item_total_tax": 6.0
        }
    },
    {
        "model": "timelyapp.order",
        "pk": "ord_8aM8RhcTY83eobZGCk3Qwg",
        "fields": {
            "invoice": "inv_ksQhWurLWbAzH8XxpaubNM",
            "discount_code": 1,
            "item_name": "A Different Widget",
            "item_description": "A widget for backward overflow jargon",
            "quantity_purchased": 6,
            "item_price": 20,
            "item_total_price": 120,
            "item_tax_rate": 5,
            "item_total_tax": 6.0
        }
    },
    {
        "model": "timelyapp.order",
        "pk": "ord_bwuwWUADs8Lpg2MvBvBnj7",
        "fields": {
            "invoice": "inv_ksQhWurLWbAzH8XxpaubNM",
            "discount_code": 1,
            "item_name": "Some Widget",
            "item_description": "A business widget for vertical synergy jargon",
            "quantity_purchased": 8,
            "item_price": 10,
            "item_total_price": 80,
            "item_tax_rate": 5,
            "item_total_tax": 4.0
        }
    },
    {
        "model": "timelyapp.invoice",
        "pk": "inv_ksQhWurLWbAzH8XxpaubNM",
        "fields": {
            "invoice_name": "TB21000016",
            "date_sent": "2022-05-09",
            "date_due": "2022-05-19",
            "bill_from": "biz_Cz9xETFw7mt6edtQdUYKhJ",
            "bill_to": "biz_XhLAvUW63VuD4vfuCtEZKw",
            "terms": "NET10",
            "invoice_total_price": 336.0,
            "invoice_total_tax": 16.0,
            "currency": "USD",
            "is_flagged": false,
            "is_scheduled": false,
            "is_paid": false
        }
    },
    {
        "model": "timelyapp.order",
        "pk": "ord_MpftE9e2aRLWciRWuPaDy4",
        "fields": {
            "invoice": "inv_NUmMbXzCLJVr5miMFvFxFo",
            "discount_code": 1,
            "item_name": "Some Widget",
            "item_description": "A business widget for vertical synergy jargon",
            "quantity_purchased": 6,
            "item_price": 10,
            "item_total_price": 60,
            "item_tax_rate": 5,
            "item_total_tax": 3.0
        }
    },
    {
        "model": "timelyapp.order",
        "pk": "ord_Ux7o5RtVmGYnfEcrhuWihp",
        "fields": {
            "invoice": "inv_NUmMbXzCLJVr5miMFvFxFo",
            "discount_code": 1,
            "item_name": "Professional Services",
            "item_description": "Overpriced Legal/Technical/Medical services that you cannot afford to avoid.",
            "quantity_purchased": 9,
            "item_price": 10,
            "item_total_price": 90,
            "item_tax_rate": 5,
            "item_total_tax": 4.5
        }
    },
    {
        "model": "timelyapp.order",
        "pk": "ord_TvAAXN68V5VVg2BxwbBwbZ",
        "fields": {
            "invoice": "inv_NUmMbXzCLJVr5miMFvFxFo",
            "discount_code": 1,
            "item_name": "A Different Widget",
            "item_description": "A widget for backward overflow jargon",
            "quantity_purchased": 10,
            "item_price": 20,
            "item_total_price": 200,
            "item_tax_rate": 5,
            "item_total_tax": 10.0
        }
    },
    {
        "model": "timelyapp.order",
        "pk": "ord_f7hfJw8MHrpHM2WSftvcLp",
        "fields": {
            "invoice": "inv_NUmMbXzCLJVr5miMFvFxFo",
            "discount_code": 1,
            "item_name": "A Different Widget",
            "item_description": "A widget for backward overflow jargon",
            "quantity_purchased": 10,
            "item_price": 20,
            "item_total_price": 200,
            "item_tax_rate": 5,
            "item_total_tax": 10.0
        }
    },
    {
        "model": "timelyapp.order",
        "pk": "ord_YHhp6P238kbcQS5oDDQqe3",
        "fields": {
            "invoice": "inv_NUmMbXzCLJVr5miMFvFxFo",
            "discount_code": 1,
            "item_name": "Professional Services",
            "item_description": "Overpriced Legal/Technical/Medical services that you cannot afford to avoid.",
            "quantity_purchased": 2,
            "item_price": 10,
            "item_total_price": 20,
            "item_tax_rate": 5,
            "item_total_tax": 1.0
        }
    },
    {
        "model": "timelyapp.order",
        "pk": "ord_4ZnBXVduXuAbCyAvWQKU3a",
        "fields": {
            "invoice": "inv_NUmMbXzCLJVr5miMFvFxFo",
            "discount_code": 1,
            "item_name": "Professional Services",
            "item_description": "Overpriced Legal/Technical/Medical services that you cannot afford to avoid.",
            "quantity_purchased": 2,
            "item_price": 10,
            "item_total_price": 20,
            "item_tax_rate": 5,
            "item_total_tax": 1.0
        }
    },
    {
        "model": "timelyapp.invoice",
        "pk": "inv_NUmMbXzCLJVr5miMFvFxFo",
        "fields": {
            "invoice_name": "BB21000017",
            "date_sent": "2022-02-14",
            "date_due": "2022-02-24",
            "bill_from": "biz_XhLAvUW63VuD4vfuCtEZKw",
            "bill_to": "biz_4iCyEKhCFaNBGGahn3Rn4i",
            "terms": "NET10",
            "invoice_total_price": 619.5,
            "invoice_total_tax": 29.5,
            "currency": "USD",
            "is_flagged": true,
            "is_scheduled": false,
            "is_paid": false
        }
    },
    {
        "model": "timelyapp.order",
        "pk": "ord_TLZr292rLNgaoipMB6bYmG",
        "fields": {
            "invoice": "inv_DrRkyLamvv4SW2UKXSBJFd",
            "discount_code": 1,
            "item_name": "A Different Widget",
            "item_description": "A widget for backward overflow jargon",
            "quantity_purchased": 1,
            "item_price": 20,
            "item_total_price": 20,
            "item_tax_rate": 5,
            "item_total_tax": 1.0
        }
    },
    {
        "model": "timelyapp.order",
        "pk": "ord_Fpge2ZMsrL2jXmtB7JW5ha",
        "fields": {
            "invoice": "inv_DrRkyLamvv4SW2UKXSBJFd",
            "discount_code": 1,
            "item_name": "Infeasibility Consulting Study",
            "item_description": "A big useless report on what you want to hear",
            "quantity_purchased": 10,
            "item_price": 20,
            "item_total_price": 200,
            "item_tax_rate": 5,
            "item_total_tax": 10.0
        }
    },
    {
        "model": "timelyapp.order",
        "pk": "ord_gRVLAKE4eckGUEngAMGm62",
        "fields": {
            "invoice": "inv_DrRkyLamvv4SW2UKXSBJFd",
            "discount_code": 1,
            "item_name": "Some Widget",
            "item_description": "A business widget for vertical synergy jargon",
            "quantity_purchased": 8,
            "item_price": 10,
            "item_total_price": 80,
            "item_tax_rate": 5,
            "item_total_tax": 4.0
        }
    },
    {
        "model": "timelyapp.order",
        "pk": "ord_NfzSRpdhieT3FvyucbLBq7",
        "fields": {
            "invoice": "inv_DrRkyLamvv4SW2UKXSBJFd",
            "discount_code": 1,
            "item_name": "Infeasibility Consulting Study",
            "item_description": "A big useless report on what you want to hear",
            "quantity_purchased": 8,
            "item_price": 20,
            "item_total_price": 160,
            "item_tax_rate": 5,
            "item_total_tax": 8.0
        }
    },
    {
        "model": "timelyapp.order",
        "pk": "ord_5x88YvkGmRFeYpDWWUANiV",
        "fields": {
            "invoice": "inv_DrRkyLamvv4SW2UKXSBJFd",
            "discount_code": 1,
            "item_name": "Some Widget",
            "item_description": "A business widget for vertical synergy jargon",
            "quantity_purchased": 10,
            "item_price": 10,
            "item_total_price": 100,
            "item_tax_rate": 5,
            "item_total_tax": 5.0
        }
    },
    {
        "model": "timelyapp.order",
        "pk": "ord_2tiMMiZ9HvGVmpnsePgemG",
        "fields": {
            "invoice": "inv_DrRkyLamvv4SW2UKXSBJFd",
            "discount_code": 1,
            "item_name": "A Different Widget",
            "item_description": "A widget for backward overflow jargon",
            "quantity_purchased": 4,
            "item_price": 20,
            "item_total_price": 80,
            "item_tax_rate": 5,
            "item_total_tax": 4.0
        }
    },
    {
        "model": "timelyapp.order",
        "pk": "ord_NPREHsDcVMgKYCEUH6AxQX",
        "fields": {
            "invoice": "inv_DrRkyLamvv4SW2UKXSBJFd",
            "discount_code": 1,
            "item_name": "Infeasibility Consulting Study",
            "item_description": "A big useless report on what you want to hear",
            "quantity_purchased": 1,
            "item_price": 20,
            "item_total_price": 20,
            "item_tax_rate": 5,
            "item_total_tax": 1.0
        }
    },
    {
        "model": "timelyapp.invoice",
        "pk": "inv_DrRkyLamvv4SW2UKXSBJFd",
        "fields": {
            "invoice_name": "BA21000018",
            "date_sent": "2022-01-10",
            "date_due": "2022-02-09",
            "bill_from": "biz_4iCyEKhCFaNBGGahn3Rn4i",
            "bill_to": "biz_D3FraiLKpJicT9CdJhwwYc",
            "terms": "NET30",
            "invoice_total_price": 693.0,
            "invoice_total_tax": 33.0,
            "currency": "USD",
            "is_flagged": true,
            "is_scheduled": false,
            "is_paid": false
        }
    },
    {
        "model": "timelyapp.order",
        "pk": "ord_CxETnripbfyzqoXw9vkkGM",
        "fields": {
            "invoice": "inv_hDy8q4vPNAk7ukduPPCHYx",
            "discount_code": 1,
            "item_name": "Infeasibility Consulting Study",
            "item_description": "A big useless report on what you want to hear",
            "quantity_purchased": 2,
            "item_price": 20,
            "item_total_price": 40,
            "item_tax_rate": 5,
            "item_total_tax": 2.0
        }
    },
    {
        "model": "timelyapp.order",
        "pk": "ord_ZKMLkxrrDyfZvGD2SLs4kJ",
        "fields": {
            "invoice": "inv_hDy8q4vPNAk7ukduPPCHYx",
            "discount_code": 1,
            "item_name": "A Different Widget",
            "item_description": "A widget for backward overflow jargon",
            "quantity_purchased": 3,
            "item_price": 20,
            "item_total_price": 60,
            "item_tax_rate": 5,
            "item_total_tax": 3.0
        }
    },
    {
        "model": "timelyapp.order",
        "pk": "ord_j33EK5UexeKhXB9HQst4qv",
        "fields": {
            "invoice": "inv_hDy8q4vPNAk7ukduPPCHYx",
            "discount_code": 1,
            "item_name": "Infeasibility Consulting Study",
            "item_description": "A big useless report on what you want to hear",
            "quantity_purchased": 2,
            "item_price": 20,
            "item_total_price": 40,
            "item_tax_rate": 5,
            "item_total_tax": 2.0
        }
    },
    {
        "model": "timelyapp.invoice",
        "pk": "inv_hDy8q4vPNAk7ukduPPCHYx",
        "fields": {
            "invoice_name": "TB21000019",
            "date_sent": "2022-02-11",
            "date_due": "2022-04-12",
            "bill_from": "biz_Cz9xETFw7mt6edtQdUYKhJ",
            "bill_to": "biz_XhLAvUW63VuD4vfuCtEZKw",
            "terms": "NET60",
            "invoice_total_price": 147.0,
            "invoice_total_tax": 7.0,
            "currency": "USD",
            "is_flagged": false,
            "is_scheduled": false,
            "is_paid": false
        }
    },
    {
        "model": "timelyapp.order",
        "pk": "ord_fzjKyERtsJLDRqXt8LLGdB",
        "fields": {
            "invoice": "inv_bBsoTxdjFY6sM6Fgr2yyx5",
            "discount_code": 1,
            "item_name": "Infeasibility Consulting Study",
            "item_description": "A big useless report on what you want to hear",
            "quantity_purchased": 5,
            "item_price": 20,
            "item_total_price": 100,
            "item_tax_rate": 5,
            "item_total_tax": 5.0
        }
    },
    {
        "model": "timelyapp.order",
        "pk": "ord_3wnisRK4FVsM2punYD8kAJ",
        "fields": {
            "invoice": "inv_bBsoTxdjFY6sM6Fgr2yyx5",
            "discount_code": 1,
            "item_name": "Some Widget",
            "item_description": "A business widget for vertical synergy jargon",
            "quantity_purchased": 10,
            "item_price": 10,
            "item_total_price": 100,
            "item_tax_rate": 5,
            "item_total_tax": 5.0
        }
    },
    {
        "model": "timelyapp.invoice",
        "pk": "inv_bBsoTxdjFY6sM6Fgr2yyx5",
        "fields": {
            "invoice_name": "BB21000020",
            "date_sent": "2022-02-04",
            "date_due": "2022-05-05",
            "bill_from": "biz_XhLAvUW63VuD4vfuCtEZKw",
            "bill_to": "biz_D3FraiLKpJicT9CdJhwwYc",
            "terms": "NET90",
            "invoice_total_price": 210.0,
            "invoice_total_tax": 10.0,
            "currency": "USD",
            "is_flagged": true,
            "is_scheduled": true,
            "is_paid": false
        }
    }
]