[
    {
        "model": "timelyapp.business",
        "pk": "biz_4iCyEKhCFaNBGGahn3Rn4i",
        "fields": {
            "is_member": true,
            "is_individual": false,
            "business_name": "Business A",
            "billing_address": 1,
            "shipping_address": null,
            "date_joined": "2021-03-01",
            "business_email": "nick.fournier@berkeley.edu",
            "business_phone": "555-555-5555",
            "business_fax": null,
            "stripe_act_id": "acct_1JDpru2Ex7Z79PyO",
            "stripe_cus_id": "cus_JvPwFpPMrKdrNU"
        }
    },
    {
        "model": "timelyapp.business",
        "pk": "biz_XhLAvUW63VuD4vfuCtEZKw",
        "fields": {
            "is_member": true,
            "is_individual": false,
            "business_name": "Business B",
            "billing_address": 2,
            "shipping_address": null,
            "date_joined": "2021-03-01",
            "business_email": "omar.mohamed@berkeley.edu",
            "business_phone": "555-555-5555",
            "business_fax": null,
            "stripe_act_id": "acct_1JDcak2HzyuoAy7h",
            "stripe_cus_id": "cus_JvQ1UCAmTJt5nR"
        }
    },
    {
        "model": "timelyapp.business",
        "pk": "biz_Cz9xETFw7mt6edtQdUYKhJ",
        "fields": {
            "is_member": true,
            "is_individual": false,
            "business_name": "Third Business",
            "billing_address": 3,
            "shipping_address": null,
            "date_joined": "2021-03-01",
            "business_email": "businessemail@three.com",
            "business_phone": "555-555-5555",
            "business_fax": null
        }
    },
    {
        "model": "timelyapp.business",
        "pk": "biz_D3FraiLKpJicT9CdJhwwYc",
        "fields": {
            "is_member": true,
            "is_individual": false,
            "business_name": "Fourth Store",
            "billing_address": 4,
            "shipping_address": null,
            "date_joined": "2021-03-01",
            "business_email": "businessemail@FOUR.com",
            "business_phone": "555-555-5555",
            "business_fax": null
        }
    },
    {
        "model": "timelyapp.address",
        "pk": 1,
        "fields": {
            "address_1": "1880 Page St",
            "address_2": null,
            "city": "San Francisco",
            "state": "CA",
            "zip_code": "94117",
            "country": "USA"
        }
    },
    {
        "model": "timelyapp.address",
        "pk": 2,
        "fields": {
            "address_1": "1 Somewhere Ave",
            "address_2": null,
            "city": "Northcote",
            "state": "VIC",
            "zip_code": "3070",
            "country": "AU"
        }
    },
    {
        "model": "timelyapp.address",
        "pk": 3,
        "fields": {
            "address_1": "1 Powlett S",
            "address_2": null,
            "city": "East Melbourne",
            "state": "VIC",
            "zip_code": "3002",
            "country": "AU"
        }
    },
    {
        "model": "timelyapp.address",
        "pk": 4,
        "fields": {
            "address_1": "1 Commonwealth Ave",
            "address_2": null,
            "city": "Boston",
            "state": "MA",
            "zip_code": "02116",
            "country": "USA"
        }
    },
    {
        "model": "timelyapp.discount",
        "pk": 1,
        "fields": {
            "discount_code": "NONE",
            "description": "No discount",
            "discount_ratio": 1.0
        }
    },
    {
        "model": "timelyapp.payments",
        "pk": 1,
        "fields": {
            "type": "ACH"
        }
    },
    {
        "model": "timelyapp.payments",
        "pk": 2,
        "fields": {
            "type": "CREDIT"
        }
    },
    {
        "model": "timelyapp.payments",
        "pk": 3,
        "fields": {
            "type": "CHECK"
        }
    },
    {
        "model": "timelyapp.inventory",
        "pk": "itm_SZFxbfXaTJBWwjWExtnVfu",
        "fields": {
            "business": "biz_4iCyEKhCFaNBGGahn3Rn4i",
            "last_updated": "2021-03-03",
            "item_name": "Some Widget",
            "description": "A business widget for vertical synergy jargon",
            "quantity_in_stock": 1000,
            "item_unit": "pc",
            "item_price": 10,
            "currency": "USD"
        }
    },
    {
        "model": "timelyapp.inventory",
        "pk": "itm_VaDg3wAD9GaCWQQm3QyVNF",
        "fields": {
            "business": "biz_4iCyEKhCFaNBGGahn3Rn4i",
            "last_updated": "2021-03-03",
            "item_name": "A Different Widget",
            "description": "A widget for backward overflow jargon",
            "quantity_in_stock": 1000,
            "item_unit": "pc",
            "item_price": 20,
            "currency": "USD"
        }
    },
    {
        "model": "timelyapp.inventory",
        "pk": "itm_apbLZLTJKfECq39JKDhNVz",
        "fields": {
            "business": "biz_XhLAvUW63VuD4vfuCtEZKw",
            "last_updated": "2021-03-13",
            "item_name": "Professional Services",
            "description": "Overpriced Legal/Technical/Medical services that you cannot afford to avoid.",
            "quantity_in_stock": 1000,
            "item_unit": "hrs",
            "item_price": 10,
            "currency": "USD"
        }
    },
    {
        "model": "timelyapp.inventory",
        "pk": "itm_kiTehBv64Fay8LwZ7dHVHk",
        "fields": {
            "business": "biz_XhLAvUW63VuD4vfuCtEZKw",
            "last_updated": "2021-03-13",
            "item_name": "Infeasibility Consulting Study",
            "description": "A big useless report on what you want to hear",
            "quantity_in_stock": 1000,
            "item_unit": "hrs",
            "item_price": 20,
            "currency": "USD"
        }
    },
    {
        "model": "timelyapp.customuser",
        "pk": "usr_ggAYZRZkbM2aqw4zR6k5wT",
        "fields": {
            "business": "biz_4iCyEKhCFaNBGGahn3Rn4i",
            "password": "pbkdf2_sha256$260000$IUq4JkpiyMAjtPI85AMuog$hr++YQCxhTKDW/LHfdSij1+qzgfyRexLouANDTa36VI=",
            "last_login": "2021-04-29T16:24:18.247Z",
            "is_superuser": false,
            "email": "nick@nick.com",
            "first_name": "Nick",
            "last_name": "Fournier",
            "role": "OWNER",
            "is_active": true,
            "date_joined": "2021-04-29T16:24:17.960Z",
            "groups": [],
            "user_permissions": []
        }
    },
    {
        "model": "account.emailaddress",
        "pk": 1,
        "fields": {
            "verified": true,
            "primary": true,
            "user_id": "usr_ggAYZRZkbM2aqw4zR6k5wT",
            "email": "nick@nick.com"
        }
    },
    {
        "model": "timelyapp.customuser",
        "pk": "usr_C82raN5JFCoWVQGAeDLRxa",
        "fields": {
            "business": "biz_XhLAvUW63VuD4vfuCtEZKw",
            "password": "pbkdf2_sha256$260000$vZXc8TF9Kx01u0lVbEhj63$5qvugVywe6WMc1jftHcOY/g1KIBkYARFpbq2ic0Mwas=",
            "last_login": "2021-04-29T16:24:51.077Z",
            "is_superuser": false,
            "email": "omar@omar.com",
            "first_name": "Omar",
            "last_name": "Mohamed",
            "role": "OWNER",
            "is_active": true,
            "date_joined": "2021-04-29T16:24:50.849Z",
            "groups": [],
            "user_permissions": []
        }
    },
    {
        "model": "account.emailaddress",
        "pk": 2,
        "fields": {
            "verified": true,
            "primary": true,
            "user_id": "usr_C82raN5JFCoWVQGAeDLRxa",
            "email": "omar@omar.com"
        }
    },
    {
        "model": "timelyapp.customuser",
        "pk": "usr_hsgrVXy6qPYKLeq9Y7GaK2",
        "fields": {
            "business": "biz_Cz9xETFw7mt6edtQdUYKhJ",
            "password": "pbkdf2_sha256$260000$vZXc8TF9Kx01u0lVbEhj63$5qvugVywe6WMc1jftHcOY/g1KIBkYARFpbq2ic0Mwas=",
            "last_login": "2021-04-29T16:24:51.077Z",
            "is_superuser": false,
            "email": "adel@adel.com",
            "first_name": "Adel",
            "last_name": "Kafouri",
            "role": "OWNER",
            "is_active": true,
            "date_joined": "2021-04-29T16:24:50.849Z",
            "groups": [],
            "user_permissions": []
        }
    },
    {
        "model": "account.emailaddress",
        "pk": 3,
        "fields": {
            "verified": true,
            "primary": true,
            "user_id": "usr_hsgrVXy6qPYKLeq9Y7GaK2",
            "email": "adel@adel.com"
        }
    },
    {
        "model": "timelyapp.customuser",
        "pk": "usr_BfTQQwPGfk9ubvskvx4uzB",
        "fields": {
            "business": "biz_D3FraiLKpJicT9CdJhwwYc",
            "password": "pbkdf2_sha256$260000$vZXc8TF9Kx01u0lVbEhj63$5qvugVywe6WMc1jftHcOY/g1KIBkYARFpbq2ic0Mwas=",
            "last_login": "2021-04-29T16:24:51.077Z",
            "is_superuser": false,
            "email": "test@test.com",
            "first_name": "Test",
            "last_name": "Test",
            "role": "OWNER",
            "is_active": true,
            "date_joined": "2021-04-29T16:24:50.849Z",
            "groups": [],
            "user_permissions": []
        }
    },
    {
        "model": "account.emailaddress",
        "pk": 4,
        "fields": {
            "verified": true,
            "primary": true,
            "user_id": "usr_BfTQQwPGfk9ubvskvx4uzB",
            "email": "test@test.com"
        }
    },
    {
        "model": "timelyapp.order",
        "pk": "ord_PrGfoeBzPu9wJHvNgxRYdW",
        "fields": {
            "invoice": "inv_YXNAiswRfEaQbi9Hq27W7C",
            "discount_code": 1,
            "item_name": "A Different Widget",
            "item_description": "A widget for backward overflow jargon",
            "quantity_purchased": 3,
            "item_price": 20,
            "item_total_price": 40,
            "item_tax_rate": 5,
            "item_total_tax": 3.0,
            "item_subtotal_price": 60
        }
    },
    {
        "model": "timelyapp.order",
        "pk": "ord_XhqypcnFb7bn9ifvpNSvGY",
        "fields": {
            "invoice": "inv_YXNAiswRfEaQbi9Hq27W7C",
            "discount_code": 1,
            "item_name": "A Different Widget",
            "item_description": "A widget for backward overflow jargon",
            "quantity_purchased": 10,
            "item_price": 20,
            "item_total_price": 40,
            "item_tax_rate": 5,
            "item_total_tax": 10.0,
            "item_subtotal_price": 200
        }
    },
    {
        "model": "timelyapp.order",
        "pk": "ord_Qrr4b6x5sALFyjeCyWnxTU",
        "fields": {
            "invoice": "inv_YXNAiswRfEaQbi9Hq27W7C",
            "discount_code": 1,
            "item_name": "Infeasibility Consulting Study",
            "item_description": "A big useless report on what you want to hear",
            "quantity_purchased": 4,
            "item_price": 20,
            "item_total_price": 40,
            "item_tax_rate": 5,
            "item_total_tax": 4.0,
            "item_subtotal_price": 80
        }
    },
    {
        "model": "timelyapp.order",
        "pk": "ord_YvgNRkV5sF8b46h96zzZHU",
        "fields": {
            "invoice": "inv_YXNAiswRfEaQbi9Hq27W7C",
            "discount_code": 1,
            "item_name": "Professional Services",
            "item_description": "Overpriced Legal/Technical/Medical services that you cannot afford to avoid.",
            "quantity_purchased": 4,
            "item_price": 10,
            "item_total_price": 40,
            "item_tax_rate": 5,
            "item_total_tax": 2.0,
            "item_subtotal_price": 40
        }
    },
    {
        "model": "timelyapp.order",
        "pk": "ord_VnfpDNFaumULgRWR4yxxti",
        "fields": {
            "invoice": "inv_YXNAiswRfEaQbi9Hq27W7C",
            "discount_code": 1,
            "item_name": "Professional Services",
            "item_description": "Overpriced Legal/Technical/Medical services that you cannot afford to avoid.",
            "quantity_purchased": 1,
            "item_price": 10,
            "item_total_price": 40,
            "item_tax_rate": 5,
            "item_total_tax": 0.5,
            "item_subtotal_price": 10
        }
    },
    {
        "model": "timelyapp.order",
        "pk": "ord_hQW2Jq3WysCbcBDhk2EF34",
        "fields": {
            "invoice": "inv_YXNAiswRfEaQbi9Hq27W7C",
            "discount_code": 1,
            "item_name": "Some Widget",
            "item_description": "A business widget for vertical synergy jargon",
            "quantity_purchased": 1,
            "item_price": 10,
            "item_total_price": 40,
            "item_tax_rate": 5,
            "item_total_tax": 0.5,
            "item_subtotal_price": 10
        }
    },
    {
        "model": "timelyapp.order",
        "pk": "ord_9y8aXfRtXNPWZdng42845G",
        "fields": {
            "invoice": "inv_YXNAiswRfEaQbi9Hq27W7C",
            "discount_code": 1,
            "item_name": "A Different Widget",
            "item_description": "A widget for backward overflow jargon",
            "quantity_purchased": 10,
            "item_price": 20,
            "item_total_price": 40,
            "item_tax_rate": 5,
            "item_total_tax": 10.0,
            "item_subtotal_price": 200
        }
    },
    {
        "model": "timelyapp.order",
        "pk": "ord_AMThU6zHDxXWfTB3zAQV4b",
        "fields": {
            "invoice": "inv_YXNAiswRfEaQbi9Hq27W7C",
            "discount_code": 1,
            "item_name": "Professional Services",
            "item_description": "Overpriced Legal/Technical/Medical services that you cannot afford to avoid.",
            "quantity_purchased": 3,
            "item_price": 10,
            "item_total_price": 40,
            "item_tax_rate": 5,
            "item_total_tax": 1.5,
            "item_subtotal_price": 30
        }
    },
    {
        "model": "timelyapp.order",
        "pk": "ord_JMfk6ijqK4kDNq3m2Ezmb2",
        "fields": {
            "invoice": "inv_YXNAiswRfEaQbi9Hq27W7C",
            "discount_code": 1,
            "item_name": "A Different Widget",
            "item_description": "A widget for backward overflow jargon",
            "quantity_purchased": 10,
            "item_price": 20,
            "item_total_price": 40,
            "item_tax_rate": 5,
            "item_total_tax": 10.0,
            "item_subtotal_price": 200
        }
    },
    {
        "model": "timelyapp.invoice",
        "pk": "inv_YXNAiswRfEaQbi9Hq27W7C",
        "fields": {
            "invoice_name": "FS21000001",
            "date_sent": "2022-05-03",
            "date_due": "2022-05-13",
            "bill_from": "biz_D3FraiLKpJicT9CdJhwwYc",
            "bill_to": "biz_XhLAvUW63VuD4vfuCtEZKw",
            "terms": "NET10",
            "invoice_subtotal_price": 360,
            "invoice_total_tax": 41.5,
            "invoice_total_price": 401.5,
            "currency": "USD",
            "is_flagged": false,
            "is_scheduled": false,
            "is_paid": false
        }
    },
    {
        "model": "timelyapp.order",
        "pk": "ord_UhqchpvrGDXAMFqzfJZSNy",
        "fields": {
            "invoice": "inv_TyFdqBCyWjVXaFMxCyaFMA",
            "discount_code": 1,
            "item_name": "Professional Services",
            "item_description": "Overpriced Legal/Technical/Medical services that you cannot afford to avoid.",
            "quantity_purchased": 1,
            "item_price": 10,
            "item_total_price": 40,
            "item_tax_rate": 5,
            "item_total_tax": 0.5,
            "item_subtotal_price": 10
        }
    },
    {
        "model": "timelyapp.invoice",
        "pk": "inv_TyFdqBCyWjVXaFMxCyaFMA",
        "fields": {
            "invoice_name": "FS21000002",
            "date_sent": "2022-01-07",
            "date_due": "2022-01-14",
            "bill_from": "biz_D3FraiLKpJicT9CdJhwwYc",
            "bill_to": "biz_XhLAvUW63VuD4vfuCtEZKw",
            "terms": "NET7",
            "invoice_subtotal_price": 40,
            "invoice_total_tax": 0.5,
            "invoice_total_price": 40.5,
            "currency": "USD",
            "is_flagged": true,
            "is_scheduled": true,
            "is_paid": false
        }
    },
    {
        "model": "timelyapp.order",
        "pk": "ord_iFmzMhRbZDsMcaumsbdCEC",
        "fields": {
            "invoice": "inv_VLSmR2GQFr3HcmEQvwyePF",
            "discount_code": 1,
            "item_name": "A Different Widget",
            "item_description": "A widget for backward overflow jargon",
            "quantity_purchased": 1,
            "item_price": 20,
            "item_total_price": 40,
            "item_tax_rate": 5,
            "item_total_tax": 1.0,
            "item_subtotal_price": 20
        }
    },
    {
        "model": "timelyapp.order",
        "pk": "ord_mxmzXfttFSmMHKz6A5CsLK",
        "fields": {
            "invoice": "inv_VLSmR2GQFr3HcmEQvwyePF",
            "discount_code": 1,
            "item_name": "Infeasibility Consulting Study",
            "item_description": "A big useless report on what you want to hear",
            "quantity_purchased": 4,
            "item_price": 20,
            "item_total_price": 40,
            "item_tax_rate": 5,
            "item_total_tax": 4.0,
            "item_subtotal_price": 80
        }
    },
    {
        "model": "timelyapp.order",
        "pk": "ord_PrZBeU4ExsQQuna8XTC6o5",
        "fields": {
            "invoice": "inv_VLSmR2GQFr3HcmEQvwyePF",
            "discount_code": 1,
            "item_name": "Some Widget",
            "item_description": "A business widget for vertical synergy jargon",
            "quantity_purchased": 5,
            "item_price": 10,
            "item_total_price": 40,
            "item_tax_rate": 5,
            "item_total_tax": 2.5,
            "item_subtotal_price": 50
        }
    },
    {
        "model": "timelyapp.order",
        "pk": "ord_h5HRxjgA9koPYKSCD9eKPL",
        "fields": {
            "invoice": "inv_VLSmR2GQFr3HcmEQvwyePF",
            "discount_code": 1,
            "item_name": "Infeasibility Consulting Study",
            "item_description": "A big useless report on what you want to hear",
            "quantity_purchased": 9,
            "item_price": 20,
            "item_total_price": 40,
            "item_tax_rate": 5,
            "item_total_tax": 9.0,
            "item_subtotal_price": 180
        }
    },
    {
        "model": "timelyapp.order",
        "pk": "ord_86vc44mjhBpxn7oNrSfkLG",
        "fields": {
            "invoice": "inv_VLSmR2GQFr3HcmEQvwyePF",
            "discount_code": 1,
            "item_name": "Professional Services",
            "item_description": "Overpriced Legal/Technical/Medical services that you cannot afford to avoid.",
            "quantity_purchased": 2,
            "item_price": 10,
            "item_total_price": 40,
            "item_tax_rate": 5,
            "item_total_tax": 1.0,
            "item_subtotal_price": 20
        }
    },
    {
        "model": "timelyapp.order",
        "pk": "ord_bYEmctWf6nLZQX9LZtgf4G",
        "fields": {
            "invoice": "inv_VLSmR2GQFr3HcmEQvwyePF",
            "discount_code": 1,
            "item_name": "Infeasibility Consulting Study",
            "item_description": "A big useless report on what you want to hear",
            "quantity_purchased": 6,
            "item_price": 20,
            "item_total_price": 40,
            "item_tax_rate": 5,
            "item_total_tax": 6.0,
            "item_subtotal_price": 120
        }
    },
    {
        "model": "timelyapp.order",
        "pk": "ord_MYFc5C67FH4njTSowwKnzp",
        "fields": {
            "invoice": "inv_VLSmR2GQFr3HcmEQvwyePF",
            "discount_code": 1,
            "item_name": "Professional Services",
            "item_description": "Overpriced Legal/Technical/Medical services that you cannot afford to avoid.",
            "quantity_purchased": 8,
            "item_price": 10,
            "item_total_price": 40,
            "item_tax_rate": 5,
            "item_total_tax": 4.0,
            "item_subtotal_price": 80
        }
    },
    {
        "model": "timelyapp.order",
        "pk": "ord_3N6JbtgGB9643UbC7tBaja",
        "fields": {
            "invoice": "inv_VLSmR2GQFr3HcmEQvwyePF",
            "discount_code": 1,
            "item_name": "Infeasibility Consulting Study",
            "item_description": "A big useless report on what you want to hear",
            "quantity_purchased": 2,
            "item_price": 20,
            "item_total_price": 40,
            "item_tax_rate": 5,
            "item_total_tax": 2.0,
            "item_subtotal_price": 40
        }
    },
    {
        "model": "timelyapp.order",
        "pk": "ord_Jw3Rq2cZpGiTpLNDNaDBQ3",
        "fields": {
            "invoice": "inv_VLSmR2GQFr3HcmEQvwyePF",
            "discount_code": 1,
            "item_name": "Professional Services",
            "item_description": "Overpriced Legal/Technical/Medical services that you cannot afford to avoid.",
            "quantity_purchased": 6,
            "item_price": 10,
            "item_total_price": 40,
            "item_tax_rate": 5,
            "item_total_tax": 3.0,
            "item_subtotal_price": 60
        }
    },
    {
        "model": "timelyapp.invoice",
        "pk": "inv_VLSmR2GQFr3HcmEQvwyePF",
        "fields": {
            "invoice_name": "TB21000003",
            "date_sent": "2022-04-23",
            "date_due": "2022-04-30",
            "bill_from": "biz_Cz9xETFw7mt6edtQdUYKhJ",
            "bill_to": "biz_XhLAvUW63VuD4vfuCtEZKw",
            "terms": "NET7",
            "invoice_subtotal_price": 360,
            "invoice_total_tax": 32.5,
            "invoice_total_price": 392.5,
            "currency": "USD",
            "is_flagged": false,
            "is_scheduled": false,
            "is_paid": false
        }
    },
    {
        "model": "timelyapp.order",
        "pk": "ord_9SHZ9Np6CjbR7hjt2x55gQ",
        "fields": {
            "invoice": "inv_Ds4TRWVzMiEMwrMgmgCeRb",
            "discount_code": 1,
            "item_name": "Infeasibility Consulting Study",
            "item_description": "A big useless report on what you want to hear",
            "quantity_purchased": 4,
            "item_price": 20,
            "item_total_price": 40,
            "item_tax_rate": 5,
            "item_total_tax": 4.0,
            "item_subtotal_price": 80
        }
    },
    {
        "model": "timelyapp.order",
        "pk": "ord_8SBZ2rUAq69ujPoKeD8wpx",
        "fields": {
            "invoice": "inv_Ds4TRWVzMiEMwrMgmgCeRb",
            "discount_code": 1,
            "item_name": "Some Widget",
            "item_description": "A business widget for vertical synergy jargon",
            "quantity_purchased": 3,
            "item_price": 10,
            "item_total_price": 40,
            "item_tax_rate": 5,
            "item_total_tax": 1.5,
            "item_subtotal_price": 30
        }
    },
    {
        "model": "timelyapp.order",
        "pk": "ord_DzSDAZWSPMFADU9ePn34Uz",
        "fields": {
            "invoice": "inv_Ds4TRWVzMiEMwrMgmgCeRb",
            "discount_code": 1,
            "item_name": "A Different Widget",
            "item_description": "A widget for backward overflow jargon",
            "quantity_purchased": 4,
            "item_price": 20,
            "item_total_price": 40,
            "item_tax_rate": 5,
            "item_total_tax": 4.0,
            "item_subtotal_price": 80
        }
    },
    {
        "model": "timelyapp.order",
        "pk": "ord_JnnaCrgPzniGtq32jgtjN2",
        "fields": {
            "invoice": "inv_Ds4TRWVzMiEMwrMgmgCeRb",
            "discount_code": 1,
            "item_name": "Professional Services",
            "item_description": "Overpriced Legal/Technical/Medical services that you cannot afford to avoid.",
            "quantity_purchased": 10,
            "item_price": 10,
            "item_total_price": 40,
            "item_tax_rate": 5,
            "item_total_tax": 5.0,
            "item_subtotal_price": 100
        }
    },
    {
        "model": "timelyapp.order",
        "pk": "ord_mLfV2Yihf8yLmPgVjDv5hB",
        "fields": {
            "invoice": "inv_Ds4TRWVzMiEMwrMgmgCeRb",
            "discount_code": 1,
            "item_name": "Infeasibility Consulting Study",
            "item_description": "A big useless report on what you want to hear",
            "quantity_purchased": 5,
            "item_price": 20,
            "item_total_price": 40,
            "item_tax_rate": 5,
            "item_total_tax": 5.0,
            "item_subtotal_price": 100
        }
    },
    {
        "model": "timelyapp.order",
        "pk": "ord_UgJ4AGv4eqoQXwpvkzHGgZ",
        "fields": {
            "invoice": "inv_Ds4TRWVzMiEMwrMgmgCeRb",
            "discount_code": 1,
            "item_name": "Professional Services",
            "item_description": "Overpriced Legal/Technical/Medical services that you cannot afford to avoid.",
            "quantity_purchased": 5,
            "item_price": 10,
            "item_total_price": 40,
            "item_tax_rate": 5,
            "item_total_tax": 2.5,
            "item_subtotal_price": 50
        }
    },
    {
        "model": "timelyapp.invoice",
        "pk": "inv_Ds4TRWVzMiEMwrMgmgCeRb",
        "fields": {
            "invoice_name": "FS21000004",
            "date_sent": "2022-05-24",
            "date_due": "2022-06-03",
            "bill_from": "biz_D3FraiLKpJicT9CdJhwwYc",
            "bill_to": "biz_XhLAvUW63VuD4vfuCtEZKw",
            "terms": "NET10",
            "invoice_subtotal_price": 240,
            "invoice_total_tax": 22.0,
            "invoice_total_price": 262.0,
            "currency": "USD",
            "is_flagged": false,
            "is_scheduled": true,
            "is_paid": false
        }
    },
    {
        "model": "timelyapp.order",
        "pk": "ord_9Gap33GaTAFXJtPQJAoybW",
        "fields": {
            "invoice": "inv_8ZgrtatJAvVRyeYtkqFFTo",
            "discount_code": 1,
            "item_name": "Professional Services",
            "item_description": "Overpriced Legal/Technical/Medical services that you cannot afford to avoid.",
            "quantity_purchased": 1,
            "item_price": 10,
            "item_total_price": 40,
            "item_tax_rate": 5,
            "item_total_tax": 0.5,
            "item_subtotal_price": 10
        }
    },
    {
        "model": "timelyapp.invoice",
        "pk": "inv_8ZgrtatJAvVRyeYtkqFFTo",
        "fields": {
            "invoice_name": "BA21000005",
            "date_sent": "2022-01-29",
            "date_due": "2022-04-29",
            "bill_from": "biz_4iCyEKhCFaNBGGahn3Rn4i",
            "bill_to": "biz_4iCyEKhCFaNBGGahn3Rn4i",
            "terms": "NET90",
            "invoice_subtotal_price": 40,
            "invoice_total_tax": 0.5,
            "invoice_total_price": 40.5,
            "currency": "USD",
            "is_flagged": false,
            "is_scheduled": true,
            "is_paid": false
        }
    },
    {
        "model": "timelyapp.order",
        "pk": "ord_DV6rZ3NnAo8TGh8VQ3e4dU",
        "fields": {
            "invoice": "inv_K6q3HrooHEU6LQnXZv7VXm",
            "discount_code": 1,
            "item_name": "Infeasibility Consulting Study",
            "item_description": "A big useless report on what you want to hear",
            "quantity_purchased": 10,
            "item_price": 20,
            "item_total_price": 40,
            "item_tax_rate": 5,
            "item_total_tax": 10.0,
            "item_subtotal_price": 200
        }
    },
    {
        "model": "timelyapp.order",
        "pk": "ord_ciga9d5HTVHAGvTduUKuWY",
        "fields": {
            "invoice": "inv_K6q3HrooHEU6LQnXZv7VXm",
            "discount_code": 1,
            "item_name": "Some Widget",
            "item_description": "A business widget for vertical synergy jargon",
            "quantity_purchased": 6,
            "item_price": 10,
            "item_total_price": 40,
            "item_tax_rate": 5,
            "item_total_tax": 3.0,
            "item_subtotal_price": 60
        }
    },
    {
        "model": "timelyapp.order",
        "pk": "ord_272VdDUMzedR5DLv27iJiz",
        "fields": {
            "invoice": "inv_K6q3HrooHEU6LQnXZv7VXm",
            "discount_code": 1,
            "item_name": "Infeasibility Consulting Study",
            "item_description": "A big useless report on what you want to hear",
            "quantity_purchased": 8,
            "item_price": 20,
            "item_total_price": 40,
            "item_tax_rate": 5,
            "item_total_tax": 8.0,
            "item_subtotal_price": 160
        }
    },
    {
        "model": "timelyapp.order",
        "pk": "ord_TQ9aVtR2D8twb3meiD4JRF",
        "fields": {
            "invoice": "inv_K6q3HrooHEU6LQnXZv7VXm",
            "discount_code": 1,
            "item_name": "Professional Services",
            "item_description": "Overpriced Legal/Technical/Medical services that you cannot afford to avoid.",
            "quantity_purchased": 3,
            "item_price": 10,
            "item_total_price": 40,
            "item_tax_rate": 5,
            "item_total_tax": 1.5,
            "item_subtotal_price": 30
        }
    },
    {
        "model": "timelyapp.order",
        "pk": "ord_DRYRLTPvxJLNrHfMXWZ49D",
        "fields": {
            "invoice": "inv_K6q3HrooHEU6LQnXZv7VXm",
            "discount_code": 1,
            "item_name": "Some Widget",
            "item_description": "A business widget for vertical synergy jargon",
            "quantity_purchased": 1,
            "item_price": 10,
            "item_total_price": 40,
            "item_tax_rate": 5,
            "item_total_tax": 0.5,
            "item_subtotal_price": 10
        }
    },
    {
        "model": "timelyapp.order",
        "pk": "ord_FgXY7uTYx727hSviSyXY3i",
        "fields": {
            "invoice": "inv_K6q3HrooHEU6LQnXZv7VXm",
            "discount_code": 1,
            "item_name": "Professional Services",
            "item_description": "Overpriced Legal/Technical/Medical services that you cannot afford to avoid.",
            "quantity_purchased": 7,
            "item_price": 10,
            "item_total_price": 40,
            "item_tax_rate": 5,
            "item_total_tax": 3.5,
            "item_subtotal_price": 70
        }
    },
    {
        "model": "timelyapp.order",
        "pk": "ord_EpLVQ5V6xUZt5DgVRGo9d6",
        "fields": {
            "invoice": "inv_K6q3HrooHEU6LQnXZv7VXm",
            "discount_code": 1,
            "item_name": "Infeasibility Consulting Study",
            "item_description": "A big useless report on what you want to hear",
            "quantity_purchased": 7,
            "item_price": 20,
            "item_total_price": 40,
            "item_tax_rate": 5,
            "item_total_tax": 7.0,
            "item_subtotal_price": 140
        }
    },
    {
        "model": "timelyapp.order",
        "pk": "ord_RpQWjTt5Qx4TkXTQek9Lij",
        "fields": {
            "invoice": "inv_K6q3HrooHEU6LQnXZv7VXm",
            "discount_code": 1,
            "item_name": "Some Widget",
            "item_description": "A business widget for vertical synergy jargon",
            "quantity_purchased": 3,
            "item_price": 10,
            "item_total_price": 40,
            "item_tax_rate": 5,
            "item_total_tax": 1.5,
            "item_subtotal_price": 30
        }
    },
    {
        "model": "timelyapp.order",
        "pk": "ord_FMXRZ7V57wkM6JPAUCtXVS",
        "fields": {
            "invoice": "inv_K6q3HrooHEU6LQnXZv7VXm",
            "discount_code": 1,
            "item_name": "Infeasibility Consulting Study",
            "item_description": "A big useless report on what you want to hear",
            "quantity_purchased": 1,
            "item_price": 20,
            "item_total_price": 40,
            "item_tax_rate": 5,
            "item_total_tax": 1.0,
            "item_subtotal_price": 20
        }
    },
    {
        "model": "timelyapp.order",
        "pk": "ord_VwretAmt5qXTJQFUh2uKPm",
        "fields": {
            "invoice": "inv_K6q3HrooHEU6LQnXZv7VXm",
            "discount_code": 1,
            "item_name": "Infeasibility Consulting Study",
            "item_description": "A big useless report on what you want to hear",
            "quantity_purchased": 3,
            "item_price": 20,
            "item_total_price": 40,
            "item_tax_rate": 5,
            "item_total_tax": 3.0,
            "item_subtotal_price": 60
        }
    },
    {
        "model": "timelyapp.invoice",
        "pk": "inv_K6q3HrooHEU6LQnXZv7VXm",
        "fields": {
            "invoice_name": "BB21000006",
            "date_sent": "2022-05-23",
            "date_due": "2022-09-20",
            "bill_from": "biz_XhLAvUW63VuD4vfuCtEZKw",
            "bill_to": "biz_Cz9xETFw7mt6edtQdUYKhJ",
            "terms": "NET120",
            "invoice_subtotal_price": 400,
            "invoice_total_tax": 39.0,
            "invoice_total_price": 439.0,
            "currency": "USD",
            "is_flagged": false,
            "is_scheduled": false,
            "is_paid": false
        }
    },
    {
        "model": "timelyapp.order",
        "pk": "ord_9bZXSfzuEAvFvYRTqeEZcH",
        "fields": {
            "invoice": "inv_5Gt6UxiX853XowViMPsE99",
            "discount_code": 1,
            "item_name": "Some Widget",
            "item_description": "A business widget for vertical synergy jargon",
            "quantity_purchased": 5,
            "item_price": 10,
            "item_total_price": 40,
            "item_tax_rate": 5,
            "item_total_tax": 2.5,
            "item_subtotal_price": 50
        }
    },
    {
        "model": "timelyapp.order",
        "pk": "ord_D8uhTnfivMNo9GunWvoahi",
        "fields": {
            "invoice": "inv_5Gt6UxiX853XowViMPsE99",
            "discount_code": 1,
            "item_name": "Infeasibility Consulting Study",
            "item_description": "A big useless report on what you want to hear",
            "quantity_purchased": 3,
            "item_price": 20,
            "item_total_price": 40,
            "item_tax_rate": 5,
            "item_total_tax": 3.0,
            "item_subtotal_price": 60
        }
    },
    {
        "model": "timelyapp.order",
        "pk": "ord_ZV4pSwfvSkmh5hCcMCR2jY",
        "fields": {
            "invoice": "inv_5Gt6UxiX853XowViMPsE99",
            "discount_code": 1,
            "item_name": "Professional Services",
            "item_description": "Overpriced Legal/Technical/Medical services that you cannot afford to avoid.",
            "quantity_purchased": 7,
            "item_price": 10,
            "item_total_price": 40,
            "item_tax_rate": 5,
            "item_total_tax": 3.5,
            "item_subtotal_price": 70
        }
    },
    {
        "model": "timelyapp.order",
        "pk": "ord_4XEuphLeXNGu6mfphUVKQ8",
        "fields": {
            "invoice": "inv_5Gt6UxiX853XowViMPsE99",
            "discount_code": 1,
            "item_name": "A Different Widget",
            "item_description": "A widget for backward overflow jargon",
            "quantity_purchased": 2,
            "item_price": 20,
            "item_total_price": 40,
            "item_tax_rate": 5,
            "item_total_tax": 2.0,
            "item_subtotal_price": 40
        }
    },
    {
        "model": "timelyapp.order",
        "pk": "ord_iRmmtyGGgHxu8YUUv4GNAU",
        "fields": {
            "invoice": "inv_5Gt6UxiX853XowViMPsE99",
            "discount_code": 1,
            "item_name": "Some Widget",
            "item_description": "A business widget for vertical synergy jargon",
            "quantity_purchased": 10,
            "item_price": 10,
            "item_total_price": 40,
            "item_tax_rate": 5,
            "item_total_tax": 5.0,
            "item_subtotal_price": 100
        }
    },
    {
        "model": "timelyapp.invoice",
        "pk": "inv_5Gt6UxiX853XowViMPsE99",
        "fields": {
            "invoice_name": "BB21000007",
            "date_sent": "2022-05-16",
            "date_due": "2022-05-23",
            "bill_from": "biz_XhLAvUW63VuD4vfuCtEZKw",
            "bill_to": "biz_4iCyEKhCFaNBGGahn3Rn4i",
            "terms": "NET7",
            "invoice_subtotal_price": 200,
            "invoice_total_tax": 16.0,
            "invoice_total_price": 216.0,
            "currency": "USD",
            "is_flagged": false,
            "is_scheduled": true,
            "is_paid": false
        }
    },
    {
        "model": "timelyapp.order",
        "pk": "ord_L9aqB9ZHv42MP2NyUGzrFR",
        "fields": {
            "invoice": "inv_nHMB7wGDdfNgV5DQQYko8R",
            "discount_code": 1,
            "item_name": "Some Widget",
            "item_description": "A business widget for vertical synergy jargon",
            "quantity_purchased": 6,
            "item_price": 10,
            "item_total_price": 40,
            "item_tax_rate": 5,
            "item_total_tax": 3.0,
            "item_subtotal_price": 60
        }
    },
    {
        "model": "timelyapp.order",
        "pk": "ord_SXe77FV56bX4Ku6icQvybM",
        "fields": {
            "invoice": "inv_nHMB7wGDdfNgV5DQQYko8R",
            "discount_code": 1,
            "item_name": "Professional Services",
            "item_description": "Overpriced Legal/Technical/Medical services that you cannot afford to avoid.",
            "quantity_purchased": 1,
            "item_price": 10,
            "item_total_price": 40,
            "item_tax_rate": 5,
            "item_total_tax": 0.5,
            "item_subtotal_price": 10
        }
    },
    {
        "model": "timelyapp.order",
        "pk": "ord_38wmXMjxngWkZ6bJqhYuYL",
        "fields": {
            "invoice": "inv_nHMB7wGDdfNgV5DQQYko8R",
            "discount_code": 1,
            "item_name": "Infeasibility Consulting Study",
            "item_description": "A big useless report on what you want to hear",
            "quantity_purchased": 8,
            "item_price": 20,
            "item_total_price": 40,
            "item_tax_rate": 5,
            "item_total_tax": 8.0,
            "item_subtotal_price": 160
        }
    },
    {
        "model": "timelyapp.order",
        "pk": "ord_m7zcNegcRh9bVzqTh9MRgD",
        "fields": {
            "invoice": "inv_nHMB7wGDdfNgV5DQQYko8R",
            "discount_code": 1,
            "item_name": "Some Widget",
            "item_description": "A business widget for vertical synergy jargon",
            "quantity_purchased": 6,
            "item_price": 10,
            "item_total_price": 40,
            "item_tax_rate": 5,
            "item_total_tax": 3.0,
            "item_subtotal_price": 60
        }
    },
    {
        "model": "timelyapp.invoice",
        "pk": "inv_nHMB7wGDdfNgV5DQQYko8R",
        "fields": {
            "invoice_name": "BB21000008",
            "date_sent": "2022-05-13",
            "date_due": "2022-05-13",
            "bill_from": "biz_XhLAvUW63VuD4vfuCtEZKw",
            "bill_to": "biz_XhLAvUW63VuD4vfuCtEZKw",
            "terms": "CIA",
            "invoice_subtotal_price": 160,
            "invoice_total_tax": 14.5,
            "invoice_total_price": 174.5,
            "currency": "USD",
            "is_flagged": true,
            "is_scheduled": true,
            "is_paid": false
        }
    },
    {
        "model": "timelyapp.order",
        "pk": "ord_mjiyoLQ9DQmYYz2t9UmT4z",
        "fields": {
            "invoice": "inv_4tap5v3hk7GpakACx8AgPw",
            "discount_code": 1,
            "item_name": "Some Widget",
            "item_description": "A business widget for vertical synergy jargon",
            "quantity_purchased": 8,
            "item_price": 10,
            "item_total_price": 40,
            "item_tax_rate": 5,
            "item_total_tax": 4.0,
            "item_subtotal_price": 80
        }
    },
    {
        "model": "timelyapp.order",
        "pk": "ord_5RX3czpgcy3J9rTr99F44d",
        "fields": {
            "invoice": "inv_4tap5v3hk7GpakACx8AgPw",
            "discount_code": 1,
            "item_name": "Some Widget",
            "item_description": "A business widget for vertical synergy jargon",
            "quantity_purchased": 9,
            "item_price": 10,
            "item_total_price": 40,
            "item_tax_rate": 5,
            "item_total_tax": 4.5,
            "item_subtotal_price": 90
        }
    },
    {
        "model": "timelyapp.order",
        "pk": "ord_KbbZQtusAeQB7vdqP2diko",
        "fields": {
            "invoice": "inv_4tap5v3hk7GpakACx8AgPw",
            "discount_code": 1,
            "item_name": "Infeasibility Consulting Study",
            "item_description": "A big useless report on what you want to hear",
            "quantity_purchased": 2,
            "item_price": 20,
            "item_total_price": 40,
            "item_tax_rate": 5,
            "item_total_tax": 2.0,
            "item_subtotal_price": 40
        }
    },
    {
        "model": "timelyapp.order",
        "pk": "ord_LDd5nBiFeAhk7YbD5A4F7u",
        "fields": {
            "invoice": "inv_4tap5v3hk7GpakACx8AgPw",
            "discount_code": 1,
            "item_name": "Some Widget",
            "item_description": "A business widget for vertical synergy jargon",
            "quantity_purchased": 2,
            "item_price": 10,
            "item_total_price": 40,
            "item_tax_rate": 5,
            "item_total_tax": 1.0,
            "item_subtotal_price": 20
        }
    },
    {
        "model": "timelyapp.order",
        "pk": "ord_Z5BPu8pmfEUp3R7EDtsgUL",
        "fields": {
            "invoice": "inv_4tap5v3hk7GpakACx8AgPw",
            "discount_code": 1,
            "item_name": "Some Widget",
            "item_description": "A business widget for vertical synergy jargon",
            "quantity_purchased": 7,
            "item_price": 10,
            "item_total_price": 40,
            "item_tax_rate": 5,
            "item_total_tax": 3.5,
            "item_subtotal_price": 70
        }
    },
    {
        "model": "timelyapp.invoice",
        "pk": "inv_4tap5v3hk7GpakACx8AgPw",
        "fields": {
            "invoice_name": "BB21000009",
            "date_sent": "2021-12-19",
            "date_due": "2022-02-17",
            "bill_from": "biz_XhLAvUW63VuD4vfuCtEZKw",
            "bill_to": "biz_4iCyEKhCFaNBGGahn3Rn4i",
            "terms": "NET60",
            "invoice_subtotal_price": 200,
            "invoice_total_tax": 15.0,
            "invoice_total_price": 215.0,
            "currency": "USD",
            "is_flagged": false,
            "is_scheduled": false,
            "is_paid": false
        }
    },
    {
        "model": "timelyapp.order",
        "pk": "ord_97xTVpwdo6FCYTpSxW3rjn",
        "fields": {
            "invoice": "inv_BvMYshYasCiXDS7wwYJcGK",
            "discount_code": 1,
            "item_name": "Professional Services",
            "item_description": "Overpriced Legal/Technical/Medical services that you cannot afford to avoid.",
            "quantity_purchased": 1,
            "item_price": 10,
            "item_total_price": 40,
            "item_tax_rate": 5,
            "item_total_tax": 0.5,
            "item_subtotal_price": 10
        }
    },
    {
        "model": "timelyapp.order",
        "pk": "ord_bBrUemW7sBH2ssf3dVvCeC",
        "fields": {
            "invoice": "inv_BvMYshYasCiXDS7wwYJcGK",
            "discount_code": 1,
            "item_name": "Infeasibility Consulting Study",
            "item_description": "A big useless report on what you want to hear",
            "quantity_purchased": 1,
            "item_price": 20,
            "item_total_price": 40,
            "item_tax_rate": 5,
            "item_total_tax": 1.0,
            "item_subtotal_price": 20
        }
    },
    {
        "model": "timelyapp.order",
        "pk": "ord_4Ur2xNcvownSEiGXaAEgXQ",
        "fields": {
            "invoice": "inv_BvMYshYasCiXDS7wwYJcGK",
            "discount_code": 1,
            "item_name": "A Different Widget",
            "item_description": "A widget for backward overflow jargon",
            "quantity_purchased": 2,
            "item_price": 20,
            "item_total_price": 40,
            "item_tax_rate": 5,
            "item_total_tax": 2.0,
            "item_subtotal_price": 40
        }
    },
    {
        "model": "timelyapp.order",
        "pk": "ord_2QhQcExnZPNjSprmFzwsLm",
        "fields": {
            "invoice": "inv_BvMYshYasCiXDS7wwYJcGK",
            "discount_code": 1,
            "item_name": "Infeasibility Consulting Study",
            "item_description": "A big useless report on what you want to hear",
            "quantity_purchased": 9,
            "item_price": 20,
            "item_total_price": 40,
            "item_tax_rate": 5,
            "item_total_tax": 9.0,
            "item_subtotal_price": 180
        }
    },
    {
        "model": "timelyapp.order",
        "pk": "ord_NhfxrJfDrXSKj4qhhBsDUQ",
        "fields": {
            "invoice": "inv_BvMYshYasCiXDS7wwYJcGK",
            "discount_code": 1,
            "item_name": "Infeasibility Consulting Study",
            "item_description": "A big useless report on what you want to hear",
            "quantity_purchased": 3,
            "item_price": 20,
            "item_total_price": 40,
            "item_tax_rate": 5,
            "item_total_tax": 3.0,
            "item_subtotal_price": 60
        }
    },
    {
        "model": "timelyapp.order",
        "pk": "ord_bTMScFLYF6yAmj3mx5cB4d",
        "fields": {
            "invoice": "inv_BvMYshYasCiXDS7wwYJcGK",
            "discount_code": 1,
            "item_name": "Professional Services",
            "item_description": "Overpriced Legal/Technical/Medical services that you cannot afford to avoid.",
            "quantity_purchased": 4,
            "item_price": 10,
            "item_total_price": 40,
            "item_tax_rate": 5,
            "item_total_tax": 2.0,
            "item_subtotal_price": 40
        }
    },
    {
        "model": "timelyapp.invoice",
        "pk": "inv_BvMYshYasCiXDS7wwYJcGK",
        "fields": {
            "invoice_name": "BA21000010",
            "date_sent": "2022-01-29",
            "date_due": "2022-01-29",
            "bill_from": "biz_4iCyEKhCFaNBGGahn3Rn4i",
            "bill_to": "biz_4iCyEKhCFaNBGGahn3Rn4i",
            "terms": "CIA",
            "invoice_subtotal_price": 240,
            "invoice_total_tax": 17.5,
            "invoice_total_price": 257.5,
            "currency": "USD",
            "is_flagged": true,
            "is_scheduled": true,
            "is_paid": false
        }
    },
    {
        "model": "timelyapp.order",
        "pk": "ord_54AMU5yw5LMgVGeAxgsTnq",
        "fields": {
            "invoice": "inv_bVYTGYshGgcCf5d37e2Vrv",
            "discount_code": 1,
            "item_name": "A Different Widget",
            "item_description": "A widget for backward overflow jargon",
            "quantity_purchased": 2,
            "item_price": 20,
            "item_total_price": 40,
            "item_tax_rate": 5,
            "item_total_tax": 2.0,
            "item_subtotal_price": 40
        }
    },
    {
        "model": "timelyapp.order",
        "pk": "ord_5WCuxeyUHGg5HSy9MftEzA",
        "fields": {
            "invoice": "inv_bVYTGYshGgcCf5d37e2Vrv",
            "discount_code": 1,
            "item_name": "A Different Widget",
            "item_description": "A widget for backward overflow jargon",
            "quantity_purchased": 9,
            "item_price": 20,
            "item_total_price": 40,
            "item_tax_rate": 5,
            "item_total_tax": 9.0,
            "item_subtotal_price": 180
        }
    },
    {
        "model": "timelyapp.order",
        "pk": "ord_YAsFte9izebrPtpGSqnXkR",
        "fields": {
            "invoice": "inv_bVYTGYshGgcCf5d37e2Vrv",
            "discount_code": 1,
            "item_name": "A Different Widget",
            "item_description": "A widget for backward overflow jargon",
            "quantity_purchased": 10,
            "item_price": 20,
            "item_total_price": 40,
            "item_tax_rate": 5,
            "item_total_tax": 10.0,
            "item_subtotal_price": 200
        }
    },
    {
        "model": "timelyapp.order",
        "pk": "ord_LbNzc97Z8LkJoUZtzi3SuJ",
        "fields": {
            "invoice": "inv_bVYTGYshGgcCf5d37e2Vrv",
            "discount_code": 1,
            "item_name": "A Different Widget",
            "item_description": "A widget for backward overflow jargon",
            "quantity_purchased": 2,
            "item_price": 20,
            "item_total_price": 40,
            "item_tax_rate": 5,
            "item_total_tax": 2.0,
            "item_subtotal_price": 40
        }
    },
    {
        "model": "timelyapp.invoice",
        "pk": "inv_bVYTGYshGgcCf5d37e2Vrv",
        "fields": {
            "invoice_name": "BA21000011",
            "date_sent": "2022-01-18",
            "date_due": "2022-01-25",
            "bill_from": "biz_4iCyEKhCFaNBGGahn3Rn4i",
            "bill_to": "biz_4iCyEKhCFaNBGGahn3Rn4i",
            "terms": "NET7",
            "invoice_subtotal_price": 160,
            "invoice_total_tax": 23.0,
            "invoice_total_price": 183.0,
            "currency": "USD",
            "is_flagged": true,
            "is_scheduled": true,
            "is_paid": false
        }
    },
    {
        "model": "timelyapp.order",
        "pk": "ord_AoTyJzwcKvm8wHbDPKRKRd",
        "fields": {
            "invoice": "inv_fUbmu4TEP6tbrnX9Uv6ijT",
            "discount_code": 1,
            "item_name": "A Different Widget",
            "item_description": "A widget for backward overflow jargon",
            "quantity_purchased": 3,
            "item_price": 20,
            "item_total_price": 40,
            "item_tax_rate": 5,
            "item_total_tax": 3.0,
            "item_subtotal_price": 60
        }
    },
    {
        "model": "timelyapp.order",
        "pk": "ord_7cSVyjUPFSrExAAWEUxC4h",
        "fields": {
            "invoice": "inv_fUbmu4TEP6tbrnX9Uv6ijT",
            "discount_code": 1,
            "item_name": "Some Widget",
            "item_description": "A business widget for vertical synergy jargon",
            "quantity_purchased": 7,
            "item_price": 10,
            "item_total_price": 40,
            "item_tax_rate": 5,
            "item_total_tax": 3.5,
            "item_subtotal_price": 70
        }
    },
    {
        "model": "timelyapp.order",
        "pk": "ord_63EHygRDnKgRbZkkdyqZmM",
        "fields": {
            "invoice": "inv_fUbmu4TEP6tbrnX9Uv6ijT",
            "discount_code": 1,
            "item_name": "Some Widget",
            "item_description": "A business widget for vertical synergy jargon",
            "quantity_purchased": 10,
            "item_price": 10,
            "item_total_price": 40,
            "item_tax_rate": 5,
            "item_total_tax": 5.0,
            "item_subtotal_price": 100
        }
    },
    {
        "model": "timelyapp.order",
        "pk": "ord_fwAP3seiVKjgcm2pX9nh4B",
        "fields": {
            "invoice": "inv_fUbmu4TEP6tbrnX9Uv6ijT",
            "discount_code": 1,
            "item_name": "Infeasibility Consulting Study",
            "item_description": "A big useless report on what you want to hear",
            "quantity_purchased": 10,
            "item_price": 20,
            "item_total_price": 40,
            "item_tax_rate": 5,
            "item_total_tax": 10.0,
            "item_subtotal_price": 200
        }
    },
    {
        "model": "timelyapp.order",
        "pk": "ord_PDfoQ3hWBqo4TTFZ6Uczzh",
        "fields": {
            "invoice": "inv_fUbmu4TEP6tbrnX9Uv6ijT",
            "discount_code": 1,
            "item_name": "Infeasibility Consulting Study",
            "item_description": "A big useless report on what you want to hear",
            "quantity_purchased": 1,
            "item_price": 20,
            "item_total_price": 40,
            "item_tax_rate": 5,
            "item_total_tax": 1.0,
            "item_subtotal_price": 20
        }
    },
    {
        "model": "timelyapp.order",
        "pk": "ord_44goiTEFuJqT5iQd4wtErX",
        "fields": {
            "invoice": "inv_fUbmu4TEP6tbrnX9Uv6ijT",
            "discount_code": 1,
            "item_name": "Some Widget",
            "item_description": "A business widget for vertical synergy jargon",
            "quantity_purchased": 7,
            "item_price": 10,
            "item_total_price": 40,
            "item_tax_rate": 5,
            "item_total_tax": 3.5,
            "item_subtotal_price": 70
        }
    },
    {
        "model": "timelyapp.invoice",
        "pk": "inv_fUbmu4TEP6tbrnX9Uv6ijT",
        "fields": {
            "invoice_name": "BA21000012",
            "date_sent": "2022-02-04",
            "date_due": "2022-04-05",
            "bill_from": "biz_4iCyEKhCFaNBGGahn3Rn4i",
            "bill_to": "biz_Cz9xETFw7mt6edtQdUYKhJ",
            "terms": "NET60",
            "invoice_subtotal_price": 240,
            "invoice_total_tax": 26.0,
            "invoice_total_price": 266.0,
            "currency": "USD",
            "is_flagged": false,
            "is_scheduled": true,
            "is_paid": false
        }
    },
    {
        "model": "timelyapp.order",
        "pk": "ord_JxsdYEtQDnrGqKop6kCjnQ",
        "fields": {
            "invoice": "inv_8k75ijNW7TAgwk2Y3YxDVr",
            "discount_code": 1,
            "item_name": "Professional Services",
            "item_description": "Overpriced Legal/Technical/Medical services that you cannot afford to avoid.",
            "quantity_purchased": 1,
            "item_price": 10,
            "item_total_price": 40,
            "item_tax_rate": 5,
            "item_total_tax": 0.5,
            "item_subtotal_price": 10
        }
    },
    {
        "model": "timelyapp.order",
        "pk": "ord_XhekUkNS6S2dBbcE38ChG3",
        "fields": {
            "invoice": "inv_8k75ijNW7TAgwk2Y3YxDVr",
            "discount_code": 1,
            "item_name": "Professional Services",
            "item_description": "Overpriced Legal/Technical/Medical services that you cannot afford to avoid.",
            "quantity_purchased": 10,
            "item_price": 10,
            "item_total_price": 40,
            "item_tax_rate": 5,
            "item_total_tax": 5.0,
            "item_subtotal_price": 100
        }
    },
    {
        "model": "timelyapp.order",
        "pk": "ord_X7ntWpvYGKvmbr4AuW7rjD",
        "fields": {
            "invoice": "inv_8k75ijNW7TAgwk2Y3YxDVr",
            "discount_code": 1,
            "item_name": "Infeasibility Consulting Study",
            "item_description": "A big useless report on what you want to hear",
            "quantity_purchased": 2,
            "item_price": 20,
            "item_total_price": 40,
            "item_tax_rate": 5,
            "item_total_tax": 2.0,
            "item_subtotal_price": 40
        }
    },
    {
        "model": "timelyapp.order",
        "pk": "ord_7XJC6Nu9qDLVgV5FP7AJaH",
        "fields": {
            "invoice": "inv_8k75ijNW7TAgwk2Y3YxDVr",
            "discount_code": 1,
            "item_name": "A Different Widget",
            "item_description": "A widget for backward overflow jargon",
            "quantity_purchased": 3,
            "item_price": 20,
            "item_total_price": 40,
            "item_tax_rate": 5,
            "item_total_tax": 3.0,
            "item_subtotal_price": 60
        }
    },
    {
        "model": "timelyapp.order",
        "pk": "ord_SuRZ8bVLY4BEDJBZaoG8JW",
        "fields": {
            "invoice": "inv_8k75ijNW7TAgwk2Y3YxDVr",
            "discount_code": 1,
            "item_name": "Professional Services",
            "item_description": "Overpriced Legal/Technical/Medical services that you cannot afford to avoid.",
            "quantity_purchased": 7,
            "item_price": 10,
            "item_total_price": 40,
            "item_tax_rate": 5,
            "item_total_tax": 3.5,
            "item_subtotal_price": 70
        }
    },
    {
        "model": "timelyapp.order",
        "pk": "ord_URZHcQo7ibHWeEZKsjTbZe",
        "fields": {
            "invoice": "inv_8k75ijNW7TAgwk2Y3YxDVr",
            "discount_code": 1,
            "item_name": "A Different Widget",
            "item_description": "A widget for backward overflow jargon",
            "quantity_purchased": 1,
            "item_price": 20,
            "item_total_price": 40,
            "item_tax_rate": 5,
            "item_total_tax": 1.0,
            "item_subtotal_price": 20
        }
    },
    {
        "model": "timelyapp.order",
        "pk": "ord_LoHS6WQPhEeYttQQEnkLkg",
        "fields": {
            "invoice": "inv_8k75ijNW7TAgwk2Y3YxDVr",
            "discount_code": 1,
            "item_name": "A Different Widget",
            "item_description": "A widget for backward overflow jargon",
            "quantity_purchased": 6,
            "item_price": 20,
            "item_total_price": 40,
            "item_tax_rate": 5,
            "item_total_tax": 6.0,
            "item_subtotal_price": 120
        }
    },
    {
        "model": "timelyapp.order",
        "pk": "ord_EvmXac5RuzCefEqjmWrfqR",
        "fields": {
            "invoice": "inv_8k75ijNW7TAgwk2Y3YxDVr",
            "discount_code": 1,
            "item_name": "A Different Widget",
            "item_description": "A widget for backward overflow jargon",
            "quantity_purchased": 6,
            "item_price": 20,
            "item_total_price": 40,
            "item_tax_rate": 5,
            "item_total_tax": 6.0,
            "item_subtotal_price": 120
        }
    },
    {
        "model": "timelyapp.invoice",
        "pk": "inv_8k75ijNW7TAgwk2Y3YxDVr",
        "fields": {
            "invoice_name": "BB21000013",
            "date_sent": "2022-05-17",
            "date_due": "2022-09-14",
            "bill_from": "biz_XhLAvUW63VuD4vfuCtEZKw",
            "bill_to": "biz_4iCyEKhCFaNBGGahn3Rn4i",
            "terms": "NET120",
            "invoice_subtotal_price": 320,
            "invoice_total_tax": 27.0,
            "invoice_total_price": 347.0,
            "currency": "USD",
            "is_flagged": false,
            "is_scheduled": false,
            "is_paid": false
        }
    },
    {
        "model": "timelyapp.order",
        "pk": "ord_8AiySxzVGEfc5NAfrxz6Sd",
        "fields": {
            "invoice": "inv_6zbbzRCeD3esgqYKpnC9GL",
            "discount_code": 1,
            "item_name": "A Different Widget",
            "item_description": "A widget for backward overflow jargon",
            "quantity_purchased": 4,
            "item_price": 20,
            "item_total_price": 40,
            "item_tax_rate": 5,
            "item_total_tax": 4.0,
            "item_subtotal_price": 80
        }
    },
    {
        "model": "timelyapp.order",
        "pk": "ord_4ggDD7BeqcyEAVgZUrRJiK",
        "fields": {
            "invoice": "inv_6zbbzRCeD3esgqYKpnC9GL",
            "discount_code": 1,
            "item_name": "Some Widget",
            "item_description": "A business widget for vertical synergy jargon",
            "quantity_purchased": 5,
            "item_price": 10,
            "item_total_price": 40,
            "item_tax_rate": 5,
            "item_total_tax": 2.5,
            "item_subtotal_price": 50
        }
    },
    {
        "model": "timelyapp.order",
        "pk": "ord_fNF39ufe5p7hb84vCHBdBv",
        "fields": {
            "invoice": "inv_6zbbzRCeD3esgqYKpnC9GL",
            "discount_code": 1,
            "item_name": "A Different Widget",
            "item_description": "A widget for backward overflow jargon",
            "quantity_purchased": 9,
            "item_price": 20,
            "item_total_price": 40,
            "item_tax_rate": 5,
            "item_total_tax": 9.0,
            "item_subtotal_price": 180
        }
    },
    {
        "model": "timelyapp.order",
        "pk": "ord_8w9wAx2xohRL3m2qyArbFQ",
        "fields": {
            "invoice": "inv_6zbbzRCeD3esgqYKpnC9GL",
            "discount_code": 1,
            "item_name": "A Different Widget",
            "item_description": "A widget for backward overflow jargon",
            "quantity_purchased": 5,
            "item_price": 20,
            "item_total_price": 40,
            "item_tax_rate": 5,
            "item_total_tax": 5.0,
            "item_subtotal_price": 100
        }
    },
    {
        "model": "timelyapp.order",
        "pk": "ord_73TdmHfqwWab7vn8Rkd8tS",
        "fields": {
            "invoice": "inv_6zbbzRCeD3esgqYKpnC9GL",
            "discount_code": 1,
            "item_name": "Infeasibility Consulting Study",
            "item_description": "A big useless report on what you want to hear",
            "quantity_purchased": 4,
            "item_price": 20,
            "item_total_price": 40,
            "item_tax_rate": 5,
            "item_total_tax": 4.0,
            "item_subtotal_price": 80
        }
    },
    {
        "model": "timelyapp.order",
        "pk": "ord_SRi6WzJnjWsjLVTxeLr2BX",
        "fields": {
            "invoice": "inv_6zbbzRCeD3esgqYKpnC9GL",
            "discount_code": 1,
            "item_name": "A Different Widget",
            "item_description": "A widget for backward overflow jargon",
            "quantity_purchased": 10,
            "item_price": 20,
            "item_total_price": 40,
            "item_tax_rate": 5,
            "item_total_tax": 10.0,
            "item_subtotal_price": 200
        }
    },
    {
        "model": "timelyapp.order",
        "pk": "ord_9v8GHc5NEMmMFR6TF5dCVv",
        "fields": {
            "invoice": "inv_6zbbzRCeD3esgqYKpnC9GL",
            "discount_code": 1,
            "item_name": "Infeasibility Consulting Study",
            "item_description": "A big useless report on what you want to hear",
            "quantity_purchased": 6,
            "item_price": 20,
            "item_total_price": 40,
            "item_tax_rate": 5,
            "item_total_tax": 6.0,
            "item_subtotal_price": 120
        }
    },
    {
        "model": "timelyapp.order",
        "pk": "ord_XKpjZtQPbDwavjVAMiV7Yt",
        "fields": {
            "invoice": "inv_6zbbzRCeD3esgqYKpnC9GL",
            "discount_code": 1,
            "item_name": "Professional Services",
            "item_description": "Overpriced Legal/Technical/Medical services that you cannot afford to avoid.",
            "quantity_purchased": 5,
            "item_price": 10,
            "item_total_price": 40,
            "item_tax_rate": 5,
            "item_total_tax": 2.5,
            "item_subtotal_price": 50
        }
    },
    {
        "model": "timelyapp.invoice",
        "pk": "inv_6zbbzRCeD3esgqYKpnC9GL",
        "fields": {
            "invoice_name": "FS21000014",
            "date_sent": "2022-02-18",
            "date_due": "2022-05-19",
            "bill_from": "biz_D3FraiLKpJicT9CdJhwwYc",
            "bill_to": "biz_4iCyEKhCFaNBGGahn3Rn4i",
            "terms": "NET90",
            "invoice_subtotal_price": 320,
            "invoice_total_tax": 43.0,
            "invoice_total_price": 363.0,
            "currency": "USD",
            "is_flagged": true,
            "is_scheduled": false,
            "is_paid": false
        }
    },
    {
        "model": "timelyapp.order",
        "pk": "ord_8GEpgLbTdNjU2YrFJWgJTC",
        "fields": {
            "invoice": "inv_TK25oqZc8gsUYuiwWarra3",
            "discount_code": 1,
            "item_name": "A Different Widget",
            "item_description": "A widget for backward overflow jargon",
            "quantity_purchased": 3,
            "item_price": 20,
            "item_total_price": 40,
            "item_tax_rate": 5,
            "item_total_tax": 3.0,
            "item_subtotal_price": 60
        }
    },
    {
        "model": "timelyapp.invoice",
        "pk": "inv_TK25oqZc8gsUYuiwWarra3",
        "fields": {
            "invoice_name": "BA21000015",
            "date_sent": "2022-04-04",
            "date_due": "2022-04-11",
            "bill_from": "biz_4iCyEKhCFaNBGGahn3Rn4i",
            "bill_to": "biz_XhLAvUW63VuD4vfuCtEZKw",
            "terms": "NET7",
            "invoice_subtotal_price": 40,
            "invoice_total_tax": 3.0,
            "invoice_total_price": 43.0,
            "currency": "USD",
            "is_flagged": false,
            "is_scheduled": true,
            "is_paid": false
        }
    },
    {
        "model": "timelyapp.order",
        "pk": "ord_hE52VJYMXRdYitjKhVHcue",
        "fields": {
            "invoice": "inv_WNbptTJVQZdCpkLyx2h93V",
            "discount_code": 1,
            "item_name": "A Different Widget",
            "item_description": "A widget for backward overflow jargon",
            "quantity_purchased": 8,
            "item_price": 20,
            "item_total_price": 40,
            "item_tax_rate": 5,
            "item_total_tax": 8.0,
            "item_subtotal_price": 160
        }
    },
    {
        "model": "timelyapp.order",
        "pk": "ord_SYCqvYgBrFkETxBwZuJqXX",
        "fields": {
            "invoice": "inv_WNbptTJVQZdCpkLyx2h93V",
            "discount_code": 1,
            "item_name": "Professional Services",
            "item_description": "Overpriced Legal/Technical/Medical services that you cannot afford to avoid.",
            "quantity_purchased": 5,
            "item_price": 10,
            "item_total_price": 40,
            "item_tax_rate": 5,
            "item_total_tax": 2.5,
            "item_subtotal_price": 50
        }
    },
    {
        "model": "timelyapp.order",
        "pk": "ord_YXBvqyoimPu9WG4dRthV5D",
        "fields": {
            "invoice": "inv_WNbptTJVQZdCpkLyx2h93V",
            "discount_code": 1,
            "item_name": "Professional Services",
            "item_description": "Overpriced Legal/Technical/Medical services that you cannot afford to avoid.",
            "quantity_purchased": 6,
            "item_price": 10,
            "item_total_price": 40,
            "item_tax_rate": 5,
            "item_total_tax": 3.0,
            "item_subtotal_price": 60
        }
    },
    {
        "model": "timelyapp.invoice",
        "pk": "inv_WNbptTJVQZdCpkLyx2h93V",
        "fields": {
            "invoice_name": "BA21000016",
            "date_sent": "2022-04-12",
            "date_due": null,
            "bill_from": "biz_4iCyEKhCFaNBGGahn3Rn4i",
            "bill_to": "biz_4iCyEKhCFaNBGGahn3Rn4i",
            "terms": "COD",
            "invoice_subtotal_price": 120,
            "invoice_total_tax": 13.5,
            "invoice_total_price": 133.5,
            "currency": "USD",
            "is_flagged": false,
            "is_scheduled": false,
            "is_paid": false
        }
    },
    {
        "model": "timelyapp.order",
        "pk": "ord_i75LaABuTxpH43qcHp5x3r",
        "fields": {
            "invoice": "inv_R65FstbvcBZ3bu7WaEfUWh",
            "discount_code": 1,
            "item_name": "Infeasibility Consulting Study",
            "item_description": "A big useless report on what you want to hear",
            "quantity_purchased": 7,
            "item_price": 20,
            "item_total_price": 40,
            "item_tax_rate": 5,
            "item_total_tax": 7.0,
            "item_subtotal_price": 140
        }
    },
    {
        "model": "timelyapp.order",
        "pk": "ord_L94u6DqN3AeQjkyJ5k43i7",
        "fields": {
            "invoice": "inv_R65FstbvcBZ3bu7WaEfUWh",
            "discount_code": 1,
            "item_name": "Infeasibility Consulting Study",
            "item_description": "A big useless report on what you want to hear",
            "quantity_purchased": 9,
            "item_price": 20,
            "item_total_price": 40,
            "item_tax_rate": 5,
            "item_total_tax": 9.0,
            "item_subtotal_price": 180
        }
    },
    {
        "model": "timelyapp.order",
        "pk": "ord_a8r5kDpsqDrZFhCrp3dmGu",
        "fields": {
            "invoice": "inv_R65FstbvcBZ3bu7WaEfUWh",
            "discount_code": 1,
            "item_name": "Infeasibility Consulting Study",
            "item_description": "A big useless report on what you want to hear",
            "quantity_purchased": 2,
            "item_price": 20,
            "item_total_price": 40,
            "item_tax_rate": 5,
            "item_total_tax": 2.0,
            "item_subtotal_price": 40
        }
    },
    {
        "model": "timelyapp.order",
        "pk": "ord_hcpYCyLsUWsTYFuccxU8uF",
        "fields": {
            "invoice": "inv_R65FstbvcBZ3bu7WaEfUWh",
            "discount_code": 1,
            "item_name": "Infeasibility Consulting Study",
            "item_description": "A big useless report on what you want to hear",
            "quantity_purchased": 7,
            "item_price": 20,
            "item_total_price": 40,
            "item_tax_rate": 5,
            "item_total_tax": 7.0,
            "item_subtotal_price": 140
        }
    },
    {
        "model": "timelyapp.order",
        "pk": "ord_6NbKERtquYLzrdN97vzBhY",
        "fields": {
            "invoice": "inv_R65FstbvcBZ3bu7WaEfUWh",
            "discount_code": 1,
            "item_name": "Professional Services",
            "item_description": "Overpriced Legal/Technical/Medical services that you cannot afford to avoid.",
            "quantity_purchased": 9,
            "item_price": 10,
            "item_total_price": 40,
            "item_tax_rate": 5,
            "item_total_tax": 4.5,
            "item_subtotal_price": 90
        }
    },
    {
        "model": "timelyapp.order",
        "pk": "ord_kSYoLBrMJV7jFbkM3ELzFm",
        "fields": {
            "invoice": "inv_R65FstbvcBZ3bu7WaEfUWh",
            "discount_code": 1,
            "item_name": "Some Widget",
            "item_description": "A business widget for vertical synergy jargon",
            "quantity_purchased": 6,
            "item_price": 10,
            "item_total_price": 40,
            "item_tax_rate": 5,
            "item_total_tax": 3.0,
            "item_subtotal_price": 60
        }
    },
    {
        "model": "timelyapp.invoice",
        "pk": "inv_R65FstbvcBZ3bu7WaEfUWh",
        "fields": {
            "invoice_name": "TB21000017",
            "date_sent": "2022-01-08",
            "date_due": "2022-01-18",
            "bill_from": "biz_Cz9xETFw7mt6edtQdUYKhJ",
            "bill_to": "biz_4iCyEKhCFaNBGGahn3Rn4i",
            "terms": "NET10",
            "invoice_subtotal_price": 240,
            "invoice_total_tax": 32.5,
            "invoice_total_price": 272.5,
            "currency": "USD",
            "is_flagged": true,
            "is_scheduled": true,
            "is_paid": false
        }
    },
    {
        "model": "timelyapp.order",
        "pk": "ord_6EjC8EXfUqNX8GitCFTLZg",
        "fields": {
            "invoice": "inv_RhT9DgdbFyzkmnBhYLVNPW",
            "discount_code": 1,
            "item_name": "Some Widget",
            "item_description": "A business widget for vertical synergy jargon",
            "quantity_purchased": 1,
            "item_price": 10,
            "item_total_price": 40,
            "item_tax_rate": 5,
            "item_total_tax": 0.5,
            "item_subtotal_price": 10
        }
    },
    {
        "model": "timelyapp.order",
        "pk": "ord_VEesuTqWzdwLF9ALznhQmu",
        "fields": {
            "invoice": "inv_RhT9DgdbFyzkmnBhYLVNPW",
            "discount_code": 1,
            "item_name": "Some Widget",
            "item_description": "A business widget for vertical synergy jargon",
            "quantity_purchased": 2,
            "item_price": 10,
            "item_total_price": 40,
            "item_tax_rate": 5,
            "item_total_tax": 1.0,
            "item_subtotal_price": 20
        }
    },
    {
        "model": "timelyapp.order",
        "pk": "ord_jNH8RNzJSD2EPjFPNxCKBW",
        "fields": {
            "invoice": "inv_RhT9DgdbFyzkmnBhYLVNPW",
            "discount_code": 1,
            "item_name": "Some Widget",
            "item_description": "A business widget for vertical synergy jargon",
            "quantity_purchased": 3,
            "item_price": 10,
            "item_total_price": 40,
            "item_tax_rate": 5,
            "item_total_tax": 1.5,
            "item_subtotal_price": 30
        }
    },
    {
        "model": "timelyapp.invoice",
        "pk": "inv_RhT9DgdbFyzkmnBhYLVNPW",
        "fields": {
            "invoice_name": "TB21000018",
            "date_sent": "2021-12-16",
            "date_due": "2021-12-23",
            "bill_from": "biz_Cz9xETFw7mt6edtQdUYKhJ",
            "bill_to": "biz_XhLAvUW63VuD4vfuCtEZKw",
            "terms": "NET7",
            "invoice_subtotal_price": 120,
            "invoice_total_tax": 3.0,
            "invoice_total_price": 123.0,
            "currency": "USD",
            "is_flagged": true,
            "is_scheduled": true,
            "is_paid": false
        }
    },
    {
        "model": "timelyapp.order",
        "pk": "ord_UyAYmngZ5oBezCzDm776dV",
        "fields": {
            "invoice": "inv_HS2zjc2B5dfnZiiwcqtnSi",
            "discount_code": 1,
            "item_name": "A Different Widget",
            "item_description": "A widget for backward overflow jargon",
            "quantity_purchased": 8,
            "item_price": 20,
            "item_total_price": 40,
            "item_tax_rate": 5,
            "item_total_tax": 8.0,
            "item_subtotal_price": 160
        }
    },
    {
        "model": "timelyapp.order",
        "pk": "ord_hsgZsNwQM7aHFmLqVQ9nRm",
        "fields": {
            "invoice": "inv_HS2zjc2B5dfnZiiwcqtnSi",
            "discount_code": 1,
            "item_name": "Some Widget",
            "item_description": "A business widget for vertical synergy jargon",
            "quantity_purchased": 2,
            "item_price": 10,
            "item_total_price": 40,
            "item_tax_rate": 5,
            "item_total_tax": 1.0,
            "item_subtotal_price": 20
        }
    },
    {
        "model": "timelyapp.invoice",
        "pk": "inv_HS2zjc2B5dfnZiiwcqtnSi",
        "fields": {
            "invoice_name": "FS21000019",
            "date_sent": "2022-02-12",
            "date_due": "2022-04-13",
            "bill_from": "biz_D3FraiLKpJicT9CdJhwwYc",
            "bill_to": "biz_D3FraiLKpJicT9CdJhwwYc",
            "terms": "NET60",
            "invoice_subtotal_price": 80,
            "invoice_total_tax": 9.0,
            "invoice_total_price": 89.0,
            "currency": "USD",
            "is_flagged": true,
            "is_scheduled": true,
            "is_paid": false
        }
    },
    {
        "model": "timelyapp.order",
        "pk": "ord_4j6TUN2NCEF9ycSvxEpkdR",
        "fields": {
            "invoice": "inv_7V6aBJPLm2v4dcUqqLdeS6",
            "discount_code": 1,
            "item_name": "Some Widget",
            "item_description": "A business widget for vertical synergy jargon",
            "quantity_purchased": 10,
            "item_price": 10,
            "item_total_price": 40,
            "item_tax_rate": 5,
            "item_total_tax": 5.0,
            "item_subtotal_price": 100
        }
    },
    {
        "model": "timelyapp.order",
        "pk": "ord_FwrsiaA2tKZ2VQvVzdooo7",
        "fields": {
            "invoice": "inv_7V6aBJPLm2v4dcUqqLdeS6",
            "discount_code": 1,
            "item_name": "Infeasibility Consulting Study",
            "item_description": "A big useless report on what you want to hear",
            "quantity_purchased": 9,
            "item_price": 20,
            "item_total_price": 40,
            "item_tax_rate": 5,
            "item_total_tax": 9.0,
            "item_subtotal_price": 180
        }
    },
    {
        "model": "timelyapp.order",
        "pk": "ord_cuS5izHtP7ZDmvUTseJrP5",
        "fields": {
            "invoice": "inv_7V6aBJPLm2v4dcUqqLdeS6",
            "discount_code": 1,
            "item_name": "Some Widget",
            "item_description": "A business widget for vertical synergy jargon",
            "quantity_purchased": 1,
            "item_price": 10,
            "item_total_price": 40,
            "item_tax_rate": 5,
            "item_total_tax": 0.5,
            "item_subtotal_price": 10
        }
    },
    {
        "model": "timelyapp.invoice",
        "pk": "inv_7V6aBJPLm2v4dcUqqLdeS6",
        "fields": {
            "invoice_name": "BA21000020",
            "date_sent": "2021-12-20",
            "date_due": "2021-12-30",
            "bill_from": "biz_4iCyEKhCFaNBGGahn3Rn4i",
            "bill_to": "biz_XhLAvUW63VuD4vfuCtEZKw",
            "terms": "NET10",
            "invoice_subtotal_price": 120,
            "invoice_total_tax": 14.5,
            "invoice_total_price": 134.5,
            "currency": "USD",
            "is_flagged": true,
            "is_scheduled": false,
            "is_paid": false
        }
    }
]