[
    {
        "model": "timelyapp.business",
        "pk": "biz_4iCyEKhCFaNBGGahn3Rn4i",
        "fields": {
            "is_member": true,
            "is_individual": false,
            "business_name": "Acme Supplies",
            "billing_address": 1,
            "shipping_address": null,
            "date_joined": "2021-03-01",
            "business_email": "nick.fournier@berkeley.edu",
            "business_phone": "555-555-5555",
            "business_fax": null,
            "stripe_act_id": "acct_1JDpru2Ex7Z79PyO",
            "stripe_cus_id": "cus_JvPwFpPMrKdrNU"
        }
    },
    {
        "model": "timelyapp.business",
        "pk": "biz_XhLAvUW63VuD4vfuCtEZKw",
        "fields": {
            "is_member": true,
            "is_individual": false,
            "business_name": "Beehive Co.",
            "billing_address": 2,
            "shipping_address": null,
            "date_joined": "2021-03-01",
            "business_email": "omar.mohamed@berkeley.edu",
            "business_phone": "555-555-5555",
            "business_fax": null,
            "stripe_act_id": "acct_1JDcak2HzyuoAy7h",
            "stripe_cus_id": "cus_JvQ1UCAmTJt5nR"
        }
    },
    {
        "model": "timelyapp.business",
        "pk": "biz_Cz9xETFw7mt6edtQdUYKhJ",
        "fields": {
            "is_member": true,
            "is_individual": false,
            "business_name": "Third National Business",
            "billing_address": 3,
            "shipping_address": null,
            "date_joined": "2021-03-01",
            "business_email": "businessemail@three.com",
            "business_phone": "555-555-5555",
            "business_fax": null
        }
    },
    {
        "model": "timelyapp.business",
        "pk": "biz_D3FraiLKpJicT9CdJhwwYc",
        "fields": {
            "is_member": true,
            "is_individual": false,
            "business_name": "Fourth Street Store",
            "billing_address": 4,
            "shipping_address": null,
            "date_joined": "2021-03-01",
            "business_email": "businessemail@FOUR.com",
            "business_phone": "555-555-5555",
            "business_fax": null
        }
    },
    {
        "model": "timelyapp.address",
        "pk": 1,
        "fields": {
            "address_1": "1880 Page St",
            "address_2": null,
            "city": "San Francisco",
            "state": "CA",
            "zip_code": "94117",
            "country": "USA"
        }
    },
    {
        "model": "timelyapp.address",
        "pk": 2,
        "fields": {
            "address_1": "1 Somewhere Ave",
            "address_2": null,
            "city": "Northcote",
            "state": "VIC",
            "zip_code": "3070",
            "country": "AU"
        }
    },
    {
        "model": "timelyapp.address",
        "pk": 3,
        "fields": {
            "address_1": "1 Powlett S",
            "address_2": null,
            "city": "East Melbourne",
            "state": "VIC",
            "zip_code": "3002",
            "country": "AU"
        }
    },
    {
        "model": "timelyapp.address",
        "pk": 4,
        "fields": {
            "address_1": "1 Commonwealth Ave",
            "address_2": null,
            "city": "Boston",
            "state": "MA",
            "zip_code": "02116",
            "country": "USA"
        }
    },
    {
        "model": "timelyapp.discount",
        "pk": 1,
        "fields": {
            "discount_code": "NONE",
            "description": "No discount",
            "discount_ratio": 1.0
        }
    },
    {
        "model": "timelyapp.payments",
        "pk": 1,
        "fields": {
            "type": "ACH"
        }
    },
    {
        "model": "timelyapp.payments",
        "pk": 2,
        "fields": {
            "type": "CREDIT"
        }
    },
    {
        "model": "timelyapp.payments",
        "pk": 3,
        "fields": {
            "type": "CHECK"
        }
    },
    {
        "model": "timelyapp.inventory",
        "pk": "itm_SZFxbfXaTJBWwjWExtnVfu",
        "fields": {
            "business": "biz_4iCyEKhCFaNBGGahn3Rn4i",
            "last_updated": "2021-03-03",
            "item_name": "Some Widget",
            "description": "A business widget for vertical synergy jargon",
            "quantity_in_stock": 1000,
            "item_unit": "pc",
            "unit_price": 10,
            "currency": "USD"
        }
    },
    {
        "model": "timelyapp.inventory",
        "pk": "itm_VaDg3wAD9GaCWQQm3QyVNF",
        "fields": {
            "business": "biz_4iCyEKhCFaNBGGahn3Rn4i",
            "last_updated": "2021-03-03",
            "item_name": "A Different Widget",
            "description": "A widget for backward overflow jargon",
            "quantity_in_stock": 1000,
            "item_unit": "pc",
            "unit_price": 20,
            "currency": "USD"
        }
    },
    {
        "model": "timelyapp.inventory",
        "pk": "itm_apbLZLTJKfECq39JKDhNVz",
        "fields": {
            "business": "biz_XhLAvUW63VuD4vfuCtEZKw",
            "last_updated": "2021-03-13",
            "item_name": "Professional Services",
            "description": "Overpriced Legal/Technical/Medical services that you cannot afford to avoid.",
            "quantity_in_stock": 1000,
            "item_unit": "hrs",
            "unit_price": 10,
            "currency": "USD"
        }
    },
    {
        "model": "timelyapp.inventory",
        "pk": "itm_kiTehBv64Fay8LwZ7dHVHk",
        "fields": {
            "business": "biz_XhLAvUW63VuD4vfuCtEZKw",
            "last_updated": "2021-03-13",
            "item_name": "Infeasibility Consulting Study",
            "description": "A big useless report on what you want to hear",
            "quantity_in_stock": 1000,
            "item_unit": "hrs",
            "unit_price": 20,
            "currency": "USD"
        }
    },
    {
        "model": "timelyapp.taxes",
        "pk": "tax_4iCyEKhCFaNBGGahn3Rn4i",
        "fields": {
            "percentage": 7.25,
            "display_name": "CA Sales Tax",
            "abbreviation": "CA1",
            "description": "CA state sales tax rate",
            "zipcode": null,
            "city": null,
            "state": "CA",
            "country": "USA",
            "business_id": "biz_4iCyEKhCFaNBGGahn3Rn4i",
            "compound": true
        }
    },
    {
        "model": "timelyapp.taxes",
        "pk": "tax_XhLAvUW63VuD4vfuCtEZKw",
        "fields": {
            "percentage": 7.25,
            "display_name": "CA Sales Tax",
            "abbreviation": "CA1",
            "description": "CA state sales tax rate",
            "zipcode": null,
            "city": null,
            "state": "CA",
            "country": "USA",
            "business_id": "biz_XhLAvUW63VuD4vfuCtEZKw",
            "compound": true
        }
    },
    {
        "model": "timelyapp.taxes",
        "pk": "tax_TNpDwGRpCu2QbU5MDWexRa",
        "fields": {
            "percentage": 1.25,
            "display_name": "SF County Sales Tax",
            "abbreviation": "SF1",
            "description": "San Francisco County Sales Tax",
            "zipcode": null,
            "city": "San Francisco",
            "state": "CA",
            "country": "USA",
            "business_id": "biz_4iCyEKhCFaNBGGahn3Rn4i",
            "compound": true
        }
    },
    {
        "model": "timelyapp.customuser",
        "pk": "usr_ggAYZRZkbM2aqw4zR6k5wT",
        "fields": {
            "business": "biz_4iCyEKhCFaNBGGahn3Rn4i",
            "password": "pbkdf2_sha256$260000$IUq4JkpiyMAjtPI85AMuog$hr++YQCxhTKDW/LHfdSij1+qzgfyRexLouANDTa36VI=",
            "last_login": "2021-04-29T16:24:18.247Z",
            "is_superuser": false,
            "email": "nick@nick.com",
            "first_name": "Nick",
            "last_name": "Fournier",
            "role": "OWNER",
            "is_active": true,
            "date_joined": "2021-04-29T16:24:17.960Z",
            "groups": [],
            "user_permissions": []
        }
    },
    {
        "model": "account.emailaddress",
        "pk": 1,
        "fields": {
            "verified": true,
            "primary": true,
            "user_id": "usr_ggAYZRZkbM2aqw4zR6k5wT",
            "email": "nick@nick.com"
        }
    },
    {
        "model": "timelyapp.customuser",
        "pk": "usr_C82raN5JFCoWVQGAeDLRxa",
        "fields": {
            "business": "biz_XhLAvUW63VuD4vfuCtEZKw",
            "password": "pbkdf2_sha256$260000$vZXc8TF9Kx01u0lVbEhj63$5qvugVywe6WMc1jftHcOY/g1KIBkYARFpbq2ic0Mwas=",
            "last_login": "2021-04-29T16:24:51.077Z",
            "is_superuser": false,
            "email": "omar@omar.com",
            "first_name": "Omar",
            "last_name": "Mohamed",
            "role": "OWNER",
            "is_active": true,
            "date_joined": "2021-04-29T16:24:50.849Z",
            "groups": [],
            "user_permissions": []
        }
    },
    {
        "model": "account.emailaddress",
        "pk": 2,
        "fields": {
            "verified": true,
            "primary": true,
            "user_id": "usr_C82raN5JFCoWVQGAeDLRxa",
            "email": "omar@omar.com"
        }
    },
    {
        "model": "timelyapp.customuser",
        "pk": "usr_hsgrVXy6qPYKLeq9Y7GaK2",
        "fields": {
            "business": "biz_Cz9xETFw7mt6edtQdUYKhJ",
            "password": "pbkdf2_sha256$260000$vZXc8TF9Kx01u0lVbEhj63$5qvugVywe6WMc1jftHcOY/g1KIBkYARFpbq2ic0Mwas=",
            "last_login": "2021-04-29T16:24:51.077Z",
            "is_superuser": false,
            "email": "adel@adel.com",
            "first_name": "Adel",
            "last_name": "Kafouri",
            "role": "OWNER",
            "is_active": true,
            "date_joined": "2021-04-29T16:24:50.849Z",
            "groups": [],
            "user_permissions": []
        }
    },
    {
        "model": "account.emailaddress",
        "pk": 3,
        "fields": {
            "verified": true,
            "primary": true,
            "user_id": "usr_hsgrVXy6qPYKLeq9Y7GaK2",
            "email": "adel@adel.com"
        }
    },
    {
        "model": "timelyapp.customuser",
        "pk": "usr_BfTQQwPGfk9ubvskvx4uzB",
        "fields": {
            "business": "biz_D3FraiLKpJicT9CdJhwwYc",
            "password": "pbkdf2_sha256$260000$vZXc8TF9Kx01u0lVbEhj63$5qvugVywe6WMc1jftHcOY/g1KIBkYARFpbq2ic0Mwas=",
            "last_login": "2021-04-29T16:24:51.077Z",
            "is_superuser": false,
            "email": "test@test.com",
            "first_name": "Test",
            "last_name": "Test",
            "role": "OWNER",
            "is_active": true,
            "date_joined": "2021-04-29T16:24:50.849Z",
            "groups": [],
            "user_permissions": []
        }
    },
    {
        "model": "account.emailaddress",
        "pk": 4,
        "fields": {
            "verified": true,
            "primary": true,
            "user_id": "usr_BfTQQwPGfk9ubvskvx4uzB",
            "email": "test@test.com"
        }
    },
    {
        "model": "timelyapp.order",
        "pk": "ord_NLwJa9T5nANoGH6T8robVB",
        "fields": {
            "invoice": "inv_8DG8JZac5iXe9hs3mRjq6L",
            "discount_code": 1,
            "item_name": "Some Widget",
            "item_description": "A business widget for vertical synergy jargon",
            "quantity_purchased": 5,
            "unit_price": 10,
            "item_price": 50,
            "item_total_price": 54.25,
            "item_tax_rates": [
                "tax_4iCyEKhCFaNBGGahn3Rn4i",
                "tax_TNpDwGRpCu2QbU5MDWexRa"
            ],
            "item_tax_amt": 4.25
        }
    },
    {
        "model": "timelyapp.order",
        "pk": "ord_j7gjqSVBj98vH7pfYxBtUY",
        "fields": {
            "invoice": "inv_8DG8JZac5iXe9hs3mRjq6L",
            "discount_code": 1,
            "item_name": "Professional Services",
            "item_description": "Overpriced Legal/Technical/Medical services that you cannot afford to avoid.",
            "quantity_purchased": 7,
            "unit_price": 10,
            "item_price": 70,
            "item_total_price": 75.95,
            "item_tax_rates": [
                "tax_4iCyEKhCFaNBGGahn3Rn4i",
                "tax_TNpDwGRpCu2QbU5MDWexRa"
            ],
            "item_tax_amt": 5.95
        }
    },
    {
        "model": "timelyapp.order",
        "pk": "ord_58CkEhh9MQZGvGNGTbfafQ",
        "fields": {
            "invoice": "inv_8DG8JZac5iXe9hs3mRjq6L",
            "discount_code": 1,
            "item_name": "Some Widget",
            "item_description": "A business widget for vertical synergy jargon",
            "quantity_purchased": 1,
            "unit_price": 10,
            "item_price": 10,
            "item_total_price": 10.85,
            "item_tax_rates": [
                "tax_4iCyEKhCFaNBGGahn3Rn4i",
                "tax_TNpDwGRpCu2QbU5MDWexRa"
            ],
            "item_tax_amt": 0.85
        }
    },
    {
        "model": "timelyapp.order",
        "pk": "ord_aGpYjGrGvuRE4MEHJ4rrtd",
        "fields": {
            "invoice": "inv_8DG8JZac5iXe9hs3mRjq6L",
            "discount_code": 1,
            "item_name": "Some Widget",
            "item_description": "A business widget for vertical synergy jargon",
            "quantity_purchased": 5,
            "unit_price": 10,
            "item_price": 50,
            "item_total_price": 54.25,
            "item_tax_rates": [
                "tax_4iCyEKhCFaNBGGahn3Rn4i",
                "tax_TNpDwGRpCu2QbU5MDWexRa"
            ],
            "item_tax_amt": 4.25
        }
    },
    {
        "model": "timelyapp.order",
        "pk": "ord_Gz2ybnMEhTtq5ewER6rZB8",
        "fields": {
            "invoice": "inv_8DG8JZac5iXe9hs3mRjq6L",
            "discount_code": 1,
            "item_name": "Professional Services",
            "item_description": "Overpriced Legal/Technical/Medical services that you cannot afford to avoid.",
            "quantity_purchased": 1,
            "unit_price": 10,
            "item_price": 10,
            "item_total_price": 10.85,
            "item_tax_rates": [
                "tax_4iCyEKhCFaNBGGahn3Rn4i",
                "tax_TNpDwGRpCu2QbU5MDWexRa"
            ],
            "item_tax_amt": 0.85
        }
    },
    {
        "model": "timelyapp.invoice",
        "pk": "inv_8DG8JZac5iXe9hs3mRjq6L",
        "fields": {
            "invoice_name": "AS22000001",
            "date_sent": "2022-03-25",
            "date_due": "2022-04-24",
            "bill_from": "biz_4iCyEKhCFaNBGGahn3Rn4i",
            "bill_to": "biz_D3FraiLKpJicT9CdJhwwYc",
            "terms": "NET30",
            "invoice_price": 206.14999999999998,
            "invoice_tax_amt": 16.15,
            "invoice_total_price": 222.29999999999998,
            "currency": "USD",
            "is_flagged": false,
            "is_scheduled": true,
            "is_paid": false
        }
    },
    {
        "model": "timelyapp.order",
        "pk": "ord_kmxoXARK9kn7Nye9cXDZRW",
        "fields": {
            "invoice": "inv_ECjHD6d6cdfmEekSur5CSC",
            "discount_code": 1,
            "item_name": "Infeasibility Consulting Study",
            "item_description": "A big useless report on what you want to hear",
            "quantity_purchased": 7,
            "unit_price": 20,
            "item_price": 140,
            "item_total_price": 151.9,
            "item_tax_rates": [
                "tax_4iCyEKhCFaNBGGahn3Rn4i",
                "tax_TNpDwGRpCu2QbU5MDWexRa"
            ],
            "item_tax_amt": 11.9
        }
    },
    {
        "model": "timelyapp.order",
        "pk": "ord_VgL6XRwraQSi5RfhUNWxVH",
        "fields": {
            "invoice": "inv_ECjHD6d6cdfmEekSur5CSC",
            "discount_code": 1,
            "item_name": "Some Widget",
            "item_description": "A business widget for vertical synergy jargon",
            "quantity_purchased": 1,
            "unit_price": 10,
            "item_price": 10,
            "item_total_price": 10.85,
            "item_tax_rates": [
                "tax_4iCyEKhCFaNBGGahn3Rn4i",
                "tax_TNpDwGRpCu2QbU5MDWexRa"
            ],
            "item_tax_amt": 0.85
        }
    },
    {
        "model": "timelyapp.order",
        "pk": "ord_Gv48MK5QwENee5cyuAM4EG",
        "fields": {
            "invoice": "inv_ECjHD6d6cdfmEekSur5CSC",
            "discount_code": 1,
            "item_name": "Infeasibility Consulting Study",
            "item_description": "A big useless report on what you want to hear",
            "quantity_purchased": 2,
            "unit_price": 20,
            "item_price": 40,
            "item_total_price": 43.4,
            "item_tax_rates": [
                "tax_4iCyEKhCFaNBGGahn3Rn4i",
                "tax_TNpDwGRpCu2QbU5MDWexRa"
            ],
            "item_tax_amt": 3.4
        }
    },
    {
        "model": "timelyapp.order",
        "pk": "ord_hTj2UYTZs4TwjRxzsEn7jg",
        "fields": {
            "invoice": "inv_ECjHD6d6cdfmEekSur5CSC",
            "discount_code": 1,
            "item_name": "Infeasibility Consulting Study",
            "item_description": "A big useless report on what you want to hear",
            "quantity_purchased": 10,
            "unit_price": 20,
            "item_price": 200,
            "item_total_price": 217.0,
            "item_tax_rates": [
                "tax_4iCyEKhCFaNBGGahn3Rn4i",
                "tax_TNpDwGRpCu2QbU5MDWexRa"
            ],
            "item_tax_amt": 17.0
        }
    },
    {
        "model": "timelyapp.order",
        "pk": "ord_fYR6SZc8yjdy9XC5dNUFAV",
        "fields": {
            "invoice": "inv_ECjHD6d6cdfmEekSur5CSC",
            "discount_code": 1,
            "item_name": "Some Widget",
            "item_description": "A business widget for vertical synergy jargon",
            "quantity_purchased": 1,
            "unit_price": 10,
            "item_price": 10,
            "item_total_price": 10.85,
            "item_tax_rates": [
                "tax_4iCyEKhCFaNBGGahn3Rn4i",
                "tax_TNpDwGRpCu2QbU5MDWexRa"
            ],
            "item_tax_amt": 0.85
        }
    },
    {
        "model": "timelyapp.order",
        "pk": "ord_ZB8bMpF3kZdoGyWqVZYhAF",
        "fields": {
            "invoice": "inv_ECjHD6d6cdfmEekSur5CSC",
            "discount_code": 1,
            "item_name": "A Different Widget",
            "item_description": "A widget for backward overflow jargon",
            "quantity_purchased": 3,
            "unit_price": 20,
            "item_price": 60,
            "item_total_price": 65.1,
            "item_tax_rates": [
                "tax_4iCyEKhCFaNBGGahn3Rn4i",
                "tax_TNpDwGRpCu2QbU5MDWexRa"
            ],
            "item_tax_amt": 5.1
        }
    },
    {
        "model": "timelyapp.order",
        "pk": "ord_4ufsak8bgami5uPFJd9qoK",
        "fields": {
            "invoice": "inv_ECjHD6d6cdfmEekSur5CSC",
            "discount_code": 1,
            "item_name": "Some Widget",
            "item_description": "A business widget for vertical synergy jargon",
            "quantity_purchased": 8,
            "unit_price": 10,
            "item_price": 80,
            "item_total_price": 86.8,
            "item_tax_rates": [
                "tax_4iCyEKhCFaNBGGahn3Rn4i",
                "tax_TNpDwGRpCu2QbU5MDWexRa"
            ],
            "item_tax_amt": 6.8
        }
    },
    {
        "model": "timelyapp.invoice",
        "pk": "inv_ECjHD6d6cdfmEekSur5CSC",
        "fields": {
            "invoice_name": "FS22000002",
            "date_sent": "2022-02-12",
            "date_due": "2022-02-19",
            "bill_from": "biz_D3FraiLKpJicT9CdJhwwYc",
            "bill_to": "biz_4iCyEKhCFaNBGGahn3Rn4i",
            "terms": "NET7",
            "invoice_price": 585.9,
            "invoice_tax_amt": 45.9,
            "invoice_total_price": 631.8,
            "currency": "USD",
            "is_flagged": true,
            "is_scheduled": true,
            "is_paid": false
        }
    },
    {
        "model": "timelyapp.order",
        "pk": "ord_Fis5URWyzUkBCDVfJuiuVX",
        "fields": {
            "invoice": "inv_RB3M6TBhp7pZzbDE8ArQrS",
            "discount_code": 1,
            "item_name": "A Different Widget",
            "item_description": "A widget for backward overflow jargon",
            "quantity_purchased": 4,
            "unit_price": 20,
            "item_price": 80,
            "item_total_price": 86.8,
            "item_tax_rates": [
                "tax_4iCyEKhCFaNBGGahn3Rn4i",
                "tax_TNpDwGRpCu2QbU5MDWexRa"
            ],
            "item_tax_amt": 6.8
        }
    },
    {
        "model": "timelyapp.order",
        "pk": "ord_PZLkGMo5RCRYKyx9THmxDM",
        "fields": {
            "invoice": "inv_RB3M6TBhp7pZzbDE8ArQrS",
            "discount_code": 1,
            "item_name": "A Different Widget",
            "item_description": "A widget for backward overflow jargon",
            "quantity_purchased": 7,
            "unit_price": 20,
            "item_price": 140,
            "item_total_price": 151.9,
            "item_tax_rates": [
                "tax_4iCyEKhCFaNBGGahn3Rn4i",
                "tax_TNpDwGRpCu2QbU5MDWexRa"
            ],
            "item_tax_amt": 11.9
        }
    },
    {
        "model": "timelyapp.order",
        "pk": "ord_MGScYg72H7YMzjGer5UPsG",
        "fields": {
            "invoice": "inv_RB3M6TBhp7pZzbDE8ArQrS",
            "discount_code": 1,
            "item_name": "Professional Services",
            "item_description": "Overpriced Legal/Technical/Medical services that you cannot afford to avoid.",
            "quantity_purchased": 3,
            "unit_price": 10,
            "item_price": 30,
            "item_total_price": 32.55,
            "item_tax_rates": [
                "tax_4iCyEKhCFaNBGGahn3Rn4i",
                "tax_TNpDwGRpCu2QbU5MDWexRa"
            ],
            "item_tax_amt": 2.55
        }
    },
    {
        "model": "timelyapp.order",
        "pk": "ord_ewLCavdZaiAU3Vc9Uh8ujy",
        "fields": {
            "invoice": "inv_RB3M6TBhp7pZzbDE8ArQrS",
            "discount_code": 1,
            "item_name": "Professional Services",
            "item_description": "Overpriced Legal/Technical/Medical services that you cannot afford to avoid.",
            "quantity_purchased": 3,
            "unit_price": 10,
            "item_price": 30,
            "item_total_price": 32.55,
            "item_tax_rates": [
                "tax_4iCyEKhCFaNBGGahn3Rn4i",
                "tax_TNpDwGRpCu2QbU5MDWexRa"
            ],
            "item_tax_amt": 2.55
        }
    },
    {
        "model": "timelyapp.order",
        "pk": "ord_5fAMazH2cFYsBJztkhAJiu",
        "fields": {
            "invoice": "inv_RB3M6TBhp7pZzbDE8ArQrS",
            "discount_code": 1,
            "item_name": "Some Widget",
            "item_description": "A business widget for vertical synergy jargon",
            "quantity_purchased": 6,
            "unit_price": 10,
            "item_price": 60,
            "item_total_price": 65.1,
            "item_tax_rates": [
                "tax_4iCyEKhCFaNBGGahn3Rn4i",
                "tax_TNpDwGRpCu2QbU5MDWexRa"
            ],
            "item_tax_amt": 5.1
        }
    },
    {
        "model": "timelyapp.invoice",
        "pk": "inv_RB3M6TBhp7pZzbDE8ArQrS",
        "fields": {
            "invoice_name": "AS22000003",
            "date_sent": "2022-02-23",
            "date_due": "2022-03-25",
            "bill_from": "biz_4iCyEKhCFaNBGGahn3Rn4i",
            "bill_to": "biz_Cz9xETFw7mt6edtQdUYKhJ",
            "terms": "NET30",
            "invoice_price": 368.9,
            "invoice_tax_amt": 28.9,
            "invoice_total_price": 397.79999999999995,
            "currency": "USD",
            "is_flagged": false,
            "is_scheduled": true,
            "is_paid": false
        }
    },
    {
        "model": "timelyapp.order",
        "pk": "ord_jTcMZjH76qEmDjZD3spJUi",
        "fields": {
            "invoice": "inv_gPULU4Yv4udyyHkvGJwAwt",
            "discount_code": 1,
            "item_name": "Professional Services",
            "item_description": "Overpriced Legal/Technical/Medical services that you cannot afford to avoid.",
            "quantity_purchased": 5,
            "unit_price": 10,
            "item_price": 50,
            "item_total_price": 54.25,
            "item_tax_rates": [
                "tax_4iCyEKhCFaNBGGahn3Rn4i",
                "tax_TNpDwGRpCu2QbU5MDWexRa"
            ],
            "item_tax_amt": 4.25
        }
    },
    {
        "model": "timelyapp.order",
        "pk": "ord_4Ua6FrAxwk6MReu3PgNfFc",
        "fields": {
            "invoice": "inv_gPULU4Yv4udyyHkvGJwAwt",
            "discount_code": 1,
            "item_name": "Professional Services",
            "item_description": "Overpriced Legal/Technical/Medical services that you cannot afford to avoid.",
            "quantity_purchased": 5,
            "unit_price": 10,
            "item_price": 50,
            "item_total_price": 54.25,
            "item_tax_rates": [
                "tax_4iCyEKhCFaNBGGahn3Rn4i",
                "tax_TNpDwGRpCu2QbU5MDWexRa"
            ],
            "item_tax_amt": 4.25
        }
    },
    {
        "model": "timelyapp.invoice",
        "pk": "inv_gPULU4Yv4udyyHkvGJwAwt",
        "fields": {
            "invoice_name": "BC22000004",
            "date_sent": "2022-06-27",
            "date_due": "2022-08-26",
            "bill_from": "biz_XhLAvUW63VuD4vfuCtEZKw",
            "bill_to": "biz_XhLAvUW63VuD4vfuCtEZKw",
            "terms": "NET60",
            "invoice_price": 108.5,
            "invoice_tax_amt": 8.5,
            "invoice_total_price": 117.0,
            "currency": "USD",
            "is_flagged": false,
            "is_scheduled": false,
            "is_paid": false
        }
    },
    {
        "model": "timelyapp.order",
        "pk": "ord_R2UpAJME8DUACvjaTLNd8J",
        "fields": {
            "invoice": "inv_g4ZRahiyDQhUyvYV7kZPEA",
            "discount_code": 1,
            "item_name": "A Different Widget",
            "item_description": "A widget for backward overflow jargon",
            "quantity_purchased": 1,
            "unit_price": 20,
            "item_price": 20,
            "item_total_price": 21.7,
            "item_tax_rates": [
                "tax_4iCyEKhCFaNBGGahn3Rn4i",
                "tax_TNpDwGRpCu2QbU5MDWexRa"
            ],
            "item_tax_amt": 1.7
        }
    },
    {
        "model": "timelyapp.order",
        "pk": "ord_iKzrdZrNFhmi5SxUQqYG7C",
        "fields": {
            "invoice": "inv_g4ZRahiyDQhUyvYV7kZPEA",
            "discount_code": 1,
            "item_name": "Some Widget",
            "item_description": "A business widget for vertical synergy jargon",
            "quantity_purchased": 9,
            "unit_price": 10,
            "item_price": 90,
            "item_total_price": 97.65,
            "item_tax_rates": [
                "tax_4iCyEKhCFaNBGGahn3Rn4i",
                "tax_TNpDwGRpCu2QbU5MDWexRa"
            ],
            "item_tax_amt": 7.65
        }
    },
    {
        "model": "timelyapp.order",
        "pk": "ord_AM6stqZnYcv3GkaR9dpKfv",
        "fields": {
            "invoice": "inv_g4ZRahiyDQhUyvYV7kZPEA",
            "discount_code": 1,
            "item_name": "A Different Widget",
            "item_description": "A widget for backward overflow jargon",
            "quantity_purchased": 8,
            "unit_price": 20,
            "item_price": 160,
            "item_total_price": 173.6,
            "item_tax_rates": [
                "tax_4iCyEKhCFaNBGGahn3Rn4i",
                "tax_TNpDwGRpCu2QbU5MDWexRa"
            ],
            "item_tax_amt": 13.6
        }
    },
    {
        "model": "timelyapp.order",
        "pk": "ord_P55qxoZ5xtfT4KfQWuRiQb",
        "fields": {
            "invoice": "inv_g4ZRahiyDQhUyvYV7kZPEA",
            "discount_code": 1,
            "item_name": "Some Widget",
            "item_description": "A business widget for vertical synergy jargon",
            "quantity_purchased": 7,
            "unit_price": 10,
            "item_price": 70,
            "item_total_price": 75.95,
            "item_tax_rates": [
                "tax_4iCyEKhCFaNBGGahn3Rn4i",
                "tax_TNpDwGRpCu2QbU5MDWexRa"
            ],
            "item_tax_amt": 5.95
        }
    },
    {
        "model": "timelyapp.order",
        "pk": "ord_SQaSaUQ6BNDJWGCfGpVLhP",
        "fields": {
            "invoice": "inv_g4ZRahiyDQhUyvYV7kZPEA",
            "discount_code": 1,
            "item_name": "Some Widget",
            "item_description": "A business widget for vertical synergy jargon",
            "quantity_purchased": 1,
            "unit_price": 10,
            "item_price": 10,
            "item_total_price": 10.85,
            "item_tax_rates": [
                "tax_4iCyEKhCFaNBGGahn3Rn4i",
                "tax_TNpDwGRpCu2QbU5MDWexRa"
            ],
            "item_tax_amt": 0.85
        }
    },
    {
        "model": "timelyapp.invoice",
        "pk": "inv_g4ZRahiyDQhUyvYV7kZPEA",
        "fields": {
            "invoice_name": "TN22000005",
            "date_sent": "2022-05-18",
            "date_due": "2022-07-17",
            "bill_from": "biz_Cz9xETFw7mt6edtQdUYKhJ",
            "bill_to": "biz_XhLAvUW63VuD4vfuCtEZKw",
            "terms": "NET60",
            "invoice_price": 379.75,
            "invoice_tax_amt": 29.75,
            "invoice_total_price": 409.5,
            "currency": "USD",
            "is_flagged": false,
            "is_scheduled": true,
            "is_paid": false
        }
    },
    {
        "model": "timelyapp.order",
        "pk": "ord_bSivLph5pSzcG7YPNjqkr6",
        "fields": {
            "invoice": "inv_FVEa9v998cLNsRCBxh5CJw",
            "discount_code": 1,
            "item_name": "Infeasibility Consulting Study",
            "item_description": "A big useless report on what you want to hear",
            "quantity_purchased": 4,
            "unit_price": 20,
            "item_price": 80,
            "item_total_price": 86.8,
            "item_tax_rates": [
                "tax_4iCyEKhCFaNBGGahn3Rn4i",
                "tax_TNpDwGRpCu2QbU5MDWexRa"
            ],
            "item_tax_amt": 6.8
        }
    },
    {
        "model": "timelyapp.order",
        "pk": "ord_PmoJ9b2Kq2Z6ts338tqpo2",
        "fields": {
            "invoice": "inv_FVEa9v998cLNsRCBxh5CJw",
            "discount_code": 1,
            "item_name": "Some Widget",
            "item_description": "A business widget for vertical synergy jargon",
            "quantity_purchased": 9,
            "unit_price": 10,
            "item_price": 90,
            "item_total_price": 97.65,
            "item_tax_rates": [
                "tax_4iCyEKhCFaNBGGahn3Rn4i",
                "tax_TNpDwGRpCu2QbU5MDWexRa"
            ],
            "item_tax_amt": 7.65
        }
    },
    {
        "model": "timelyapp.order",
        "pk": "ord_BxaayABMdus4RkSzhF6zrE",
        "fields": {
            "invoice": "inv_FVEa9v998cLNsRCBxh5CJw",
            "discount_code": 1,
            "item_name": "Professional Services",
            "item_description": "Overpriced Legal/Technical/Medical services that you cannot afford to avoid.",
            "quantity_purchased": 9,
            "unit_price": 10,
            "item_price": 90,
            "item_total_price": 97.65,
            "item_tax_rates": [
                "tax_4iCyEKhCFaNBGGahn3Rn4i",
                "tax_TNpDwGRpCu2QbU5MDWexRa"
            ],
            "item_tax_amt": 7.65
        }
    },
    {
        "model": "timelyapp.order",
        "pk": "ord_dacrbg6MMjhFpk3EAbhdE5",
        "fields": {
            "invoice": "inv_FVEa9v998cLNsRCBxh5CJw",
            "discount_code": 1,
            "item_name": "Professional Services",
            "item_description": "Overpriced Legal/Technical/Medical services that you cannot afford to avoid.",
            "quantity_purchased": 2,
            "unit_price": 10,
            "item_price": 20,
            "item_total_price": 21.7,
            "item_tax_rates": [
                "tax_4iCyEKhCFaNBGGahn3Rn4i",
                "tax_TNpDwGRpCu2QbU5MDWexRa"
            ],
            "item_tax_amt": 1.7
        }
    },
    {
        "model": "timelyapp.order",
        "pk": "ord_ec4cYS7FYEWidzRXjG7TwB",
        "fields": {
            "invoice": "inv_FVEa9v998cLNsRCBxh5CJw",
            "discount_code": 1,
            "item_name": "A Different Widget",
            "item_description": "A widget for backward overflow jargon",
            "quantity_purchased": 5,
            "unit_price": 20,
            "item_price": 100,
            "item_total_price": 108.5,
            "item_tax_rates": [
                "tax_4iCyEKhCFaNBGGahn3Rn4i",
                "tax_TNpDwGRpCu2QbU5MDWexRa"
            ],
            "item_tax_amt": 8.5
        }
    },
    {
        "model": "timelyapp.order",
        "pk": "ord_K85RunxKqrmXcKFGp6kkMp",
        "fields": {
            "invoice": "inv_FVEa9v998cLNsRCBxh5CJw",
            "discount_code": 1,
            "item_name": "Infeasibility Consulting Study",
            "item_description": "A big useless report on what you want to hear",
            "quantity_purchased": 10,
            "unit_price": 20,
            "item_price": 200,
            "item_total_price": 217.0,
            "item_tax_rates": [
                "tax_4iCyEKhCFaNBGGahn3Rn4i",
                "tax_TNpDwGRpCu2QbU5MDWexRa"
            ],
            "item_tax_amt": 17.0
        }
    },
    {
        "model": "timelyapp.order",
        "pk": "ord_2su7C5kGoPUA5fDomPFX2t",
        "fields": {
            "invoice": "inv_FVEa9v998cLNsRCBxh5CJw",
            "discount_code": 1,
            "item_name": "A Different Widget",
            "item_description": "A widget for backward overflow jargon",
            "quantity_purchased": 1,
            "unit_price": 20,
            "item_price": 20,
            "item_total_price": 21.7,
            "item_tax_rates": [
                "tax_4iCyEKhCFaNBGGahn3Rn4i",
                "tax_TNpDwGRpCu2QbU5MDWexRa"
            ],
            "item_tax_amt": 1.7
        }
    },
    {
        "model": "timelyapp.order",
        "pk": "ord_8LQeehjz6QNoiphKa3NEWV",
        "fields": {
            "invoice": "inv_FVEa9v998cLNsRCBxh5CJw",
            "discount_code": 1,
            "item_name": "A Different Widget",
            "item_description": "A widget for backward overflow jargon",
            "quantity_purchased": 1,
            "unit_price": 20,
            "item_price": 20,
            "item_total_price": 21.7,
            "item_tax_rates": [
                "tax_4iCyEKhCFaNBGGahn3Rn4i",
                "tax_TNpDwGRpCu2QbU5MDWexRa"
            ],
            "item_tax_amt": 1.7
        }
    },
    {
        "model": "timelyapp.order",
        "pk": "ord_RDBuc5aA5gjo5r9UWwMQUQ",
        "fields": {
            "invoice": "inv_FVEa9v998cLNsRCBxh5CJw",
            "discount_code": 1,
            "item_name": "A Different Widget",
            "item_description": "A widget for backward overflow jargon",
            "quantity_purchased": 2,
            "unit_price": 20,
            "item_price": 40,
            "item_total_price": 43.4,
            "item_tax_rates": [
                "tax_4iCyEKhCFaNBGGahn3Rn4i",
                "tax_TNpDwGRpCu2QbU5MDWexRa"
            ],
            "item_tax_amt": 3.4
        }
    },
    {
        "model": "timelyapp.order",
        "pk": "ord_A6yVtzgiwJsUzNdQnpNDWf",
        "fields": {
            "invoice": "inv_FVEa9v998cLNsRCBxh5CJw",
            "discount_code": 1,
            "item_name": "Professional Services",
            "item_description": "Overpriced Legal/Technical/Medical services that you cannot afford to avoid.",
            "quantity_purchased": 3,
            "unit_price": 10,
            "item_price": 30,
            "item_total_price": 32.55,
            "item_tax_rates": [
                "tax_4iCyEKhCFaNBGGahn3Rn4i",
                "tax_TNpDwGRpCu2QbU5MDWexRa"
            ],
            "item_tax_amt": 2.55
        }
    },
    {
        "model": "timelyapp.invoice",
        "pk": "inv_FVEa9v998cLNsRCBxh5CJw",
        "fields": {
            "invoice_name": "FS22000006",
            "date_sent": "2022-04-27",
            "date_due": "2022-05-04",
            "bill_from": "biz_D3FraiLKpJicT9CdJhwwYc",
            "bill_to": "biz_4iCyEKhCFaNBGGahn3Rn4i",
            "terms": "NET7",
            "invoice_price": 748.65,
            "invoice_tax_amt": 58.65,
            "invoice_total_price": 807.3,
            "currency": "USD",
            "is_flagged": false,
            "is_scheduled": false,
            "is_paid": false
        }
    },
    {
        "model": "timelyapp.order",
        "pk": "ord_FFQgEJRqBo49XZoaFhw3KR",
        "fields": {
            "invoice": "inv_ZCKCwfebzo2MfXEiBVgwdu",
            "discount_code": 1,
            "item_name": "Infeasibility Consulting Study",
            "item_description": "A big useless report on what you want to hear",
            "quantity_purchased": 3,
            "unit_price": 20,
            "item_price": 60,
            "item_total_price": 65.1,
            "item_tax_rates": [
                "tax_4iCyEKhCFaNBGGahn3Rn4i",
                "tax_TNpDwGRpCu2QbU5MDWexRa"
            ],
            "item_tax_amt": 5.1
        }
    },
    {
        "model": "timelyapp.order",
        "pk": "ord_2dzHdqC26MKp2CzvaH4ZEH",
        "fields": {
            "invoice": "inv_ZCKCwfebzo2MfXEiBVgwdu",
            "discount_code": 1,
            "item_name": "Professional Services",
            "item_description": "Overpriced Legal/Technical/Medical services that you cannot afford to avoid.",
            "quantity_purchased": 8,
            "unit_price": 10,
            "item_price": 80,
            "item_total_price": 86.8,
            "item_tax_rates": [
                "tax_4iCyEKhCFaNBGGahn3Rn4i",
                "tax_TNpDwGRpCu2QbU5MDWexRa"
            ],
            "item_tax_amt": 6.8
        }
    },
    {
        "model": "timelyapp.invoice",
        "pk": "inv_ZCKCwfebzo2MfXEiBVgwdu",
        "fields": {
            "invoice_name": "BC22000007",
            "date_sent": "2022-06-12",
            "date_due": "2022-06-22",
            "bill_from": "biz_XhLAvUW63VuD4vfuCtEZKw",
            "bill_to": "biz_XhLAvUW63VuD4vfuCtEZKw",
            "terms": "NET10",
            "invoice_price": 151.89999999999998,
            "invoice_tax_amt": 11.899999999999999,
            "invoice_total_price": 163.79999999999998,
            "currency": "USD",
            "is_flagged": false,
            "is_scheduled": true,
            "is_paid": false
        }
    },
    {
        "model": "timelyapp.order",
        "pk": "ord_dx2pJ9HgbG4SWLV86jpcGL",
        "fields": {
            "invoice": "inv_TJVMNn2P22W77ZcDSkDS4X",
            "discount_code": 1,
            "item_name": "A Different Widget",
            "item_description": "A widget for backward overflow jargon",
            "quantity_purchased": 8,
            "unit_price": 20,
            "item_price": 160,
            "item_total_price": 173.6,
            "item_tax_rates": [
                "tax_4iCyEKhCFaNBGGahn3Rn4i",
                "tax_TNpDwGRpCu2QbU5MDWexRa"
            ],
            "item_tax_amt": 13.6
        }
    },
    {
        "model": "timelyapp.order",
        "pk": "ord_QcABqiDkpCJ3WwxVoJKQDF",
        "fields": {
            "invoice": "inv_TJVMNn2P22W77ZcDSkDS4X",
            "discount_code": 1,
            "item_name": "Professional Services",
            "item_description": "Overpriced Legal/Technical/Medical services that you cannot afford to avoid.",
            "quantity_purchased": 10,
            "unit_price": 10,
            "item_price": 100,
            "item_total_price": 108.5,
            "item_tax_rates": [
                "tax_4iCyEKhCFaNBGGahn3Rn4i",
                "tax_TNpDwGRpCu2QbU5MDWexRa"
            ],
            "item_tax_amt": 8.5
        }
    },
    {
        "model": "timelyapp.order",
        "pk": "ord_QVzSt2ZniXviVNt82GwZm9",
        "fields": {
            "invoice": "inv_TJVMNn2P22W77ZcDSkDS4X",
            "discount_code": 1,
            "item_name": "Infeasibility Consulting Study",
            "item_description": "A big useless report on what you want to hear",
            "quantity_purchased": 7,
            "unit_price": 20,
            "item_price": 140,
            "item_total_price": 151.9,
            "item_tax_rates": [
                "tax_4iCyEKhCFaNBGGahn3Rn4i",
                "tax_TNpDwGRpCu2QbU5MDWexRa"
            ],
            "item_tax_amt": 11.9
        }
    },
    {
        "model": "timelyapp.order",
        "pk": "ord_UhTFjCiF3mRRzftNJFwqkm",
        "fields": {
            "invoice": "inv_TJVMNn2P22W77ZcDSkDS4X",
            "discount_code": 1,
            "item_name": "Professional Services",
            "item_description": "Overpriced Legal/Technical/Medical services that you cannot afford to avoid.",
            "quantity_purchased": 9,
            "unit_price": 10,
            "item_price": 90,
            "item_total_price": 97.65,
            "item_tax_rates": [
                "tax_4iCyEKhCFaNBGGahn3Rn4i",
                "tax_TNpDwGRpCu2QbU5MDWexRa"
            ],
            "item_tax_amt": 7.65
        }
    },
    {
        "model": "timelyapp.order",
        "pk": "ord_Ukq97DyszrHWaTVqWoax7r",
        "fields": {
            "invoice": "inv_TJVMNn2P22W77ZcDSkDS4X",
            "discount_code": 1,
            "item_name": "A Different Widget",
            "item_description": "A widget for backward overflow jargon",
            "quantity_purchased": 2,
            "unit_price": 20,
            "item_price": 40,
            "item_total_price": 43.4,
            "item_tax_rates": [
                "tax_4iCyEKhCFaNBGGahn3Rn4i",
                "tax_TNpDwGRpCu2QbU5MDWexRa"
            ],
            "item_tax_amt": 3.4
        }
    },
    {
        "model": "timelyapp.order",
        "pk": "ord_MVKaekFDbj9d7RbQU3e4cM",
        "fields": {
            "invoice": "inv_TJVMNn2P22W77ZcDSkDS4X",
            "discount_code": 1,
            "item_name": "Infeasibility Consulting Study",
            "item_description": "A big useless report on what you want to hear",
            "quantity_purchased": 4,
            "unit_price": 20,
            "item_price": 80,
            "item_total_price": 86.8,
            "item_tax_rates": [
                "tax_4iCyEKhCFaNBGGahn3Rn4i",
                "tax_TNpDwGRpCu2QbU5MDWexRa"
            ],
            "item_tax_amt": 6.8
        }
    },
    {
        "model": "timelyapp.order",
        "pk": "ord_cqFvLuJ24FMcSCcHaUvTz7",
        "fields": {
            "invoice": "inv_TJVMNn2P22W77ZcDSkDS4X",
            "discount_code": 1,
            "item_name": "Some Widget",
            "item_description": "A business widget for vertical synergy jargon",
            "quantity_purchased": 7,
            "unit_price": 10,
            "item_price": 70,
            "item_total_price": 75.95,
            "item_tax_rates": [
                "tax_4iCyEKhCFaNBGGahn3Rn4i",
                "tax_TNpDwGRpCu2QbU5MDWexRa"
            ],
            "item_tax_amt": 5.95
        }
    },
    {
        "model": "timelyapp.order",
        "pk": "ord_g24q6qQLLMiokYGvdrQsPQ",
        "fields": {
            "invoice": "inv_TJVMNn2P22W77ZcDSkDS4X",
            "discount_code": 1,
            "item_name": "A Different Widget",
            "item_description": "A widget for backward overflow jargon",
            "quantity_purchased": 5,
            "unit_price": 20,
            "item_price": 100,
            "item_total_price": 108.5,
            "item_tax_rates": [
                "tax_4iCyEKhCFaNBGGahn3Rn4i",
                "tax_TNpDwGRpCu2QbU5MDWexRa"
            ],
            "item_tax_amt": 8.5
        }
    },
    {
        "model": "timelyapp.invoice",
        "pk": "inv_TJVMNn2P22W77ZcDSkDS4X",
        "fields": {
            "invoice_name": "BC22000008",
            "date_sent": "2022-03-21",
            "date_due": "2022-03-21",
            "bill_from": "biz_XhLAvUW63VuD4vfuCtEZKw",
            "bill_to": "biz_D3FraiLKpJicT9CdJhwwYc",
            "terms": "CIA",
            "invoice_price": 846.3,
            "invoice_tax_amt": 66.3,
            "invoice_total_price": 912.5999999999999,
            "currency": "USD",
            "is_flagged": true,
            "is_scheduled": false,
            "is_paid": false
        }
    },
    {
        "model": "timelyapp.order",
        "pk": "ord_YmtKV7u8Jv5gZUmnDyyuHt",
        "fields": {
            "invoice": "inv_a5abpUNP34ACLGycFaSuxw",
            "discount_code": 1,
            "item_name": "A Different Widget",
            "item_description": "A widget for backward overflow jargon",
            "quantity_purchased": 8,
            "unit_price": 20,
            "item_price": 160,
            "item_total_price": 173.6,
            "item_tax_rates": [
                "tax_4iCyEKhCFaNBGGahn3Rn4i",
                "tax_TNpDwGRpCu2QbU5MDWexRa"
            ],
            "item_tax_amt": 13.6
        }
    },
    {
        "model": "timelyapp.order",
        "pk": "ord_HyEVzTfNdrt2BZqVMtTR3E",
        "fields": {
            "invoice": "inv_a5abpUNP34ACLGycFaSuxw",
            "discount_code": 1,
            "item_name": "A Different Widget",
            "item_description": "A widget for backward overflow jargon",
            "quantity_purchased": 8,
            "unit_price": 20,
            "item_price": 160,
            "item_total_price": 173.6,
            "item_tax_rates": [
                "tax_4iCyEKhCFaNBGGahn3Rn4i",
                "tax_TNpDwGRpCu2QbU5MDWexRa"
            ],
            "item_tax_amt": 13.6
        }
    },
    {
        "model": "timelyapp.invoice",
        "pk": "inv_a5abpUNP34ACLGycFaSuxw",
        "fields": {
            "invoice_name": "TN22000009",
            "date_sent": "2022-04-12",
            "date_due": "2022-06-11",
            "bill_from": "biz_Cz9xETFw7mt6edtQdUYKhJ",
            "bill_to": "biz_4iCyEKhCFaNBGGahn3Rn4i",
            "terms": "NET60",
            "invoice_price": 347.2,
            "invoice_tax_amt": 27.2,
            "invoice_total_price": 374.4,
            "currency": "USD",
            "is_flagged": true,
            "is_scheduled": true,
            "is_paid": false
        }
    },
    {
        "model": "timelyapp.order",
        "pk": "ord_MtqL4syQT2TK8TiWNEkwHU",
        "fields": {
            "invoice": "inv_H3MfUmmvXVJLMxefhnEonY",
            "discount_code": 1,
            "item_name": "Some Widget",
            "item_description": "A business widget for vertical synergy jargon",
            "quantity_purchased": 4,
            "unit_price": 10,
            "item_price": 40,
            "item_total_price": 43.4,
            "item_tax_rates": [
                "tax_4iCyEKhCFaNBGGahn3Rn4i",
                "tax_TNpDwGRpCu2QbU5MDWexRa"
            ],
            "item_tax_amt": 3.4
        }
    },
    {
        "model": "timelyapp.order",
        "pk": "ord_TosgDFveDiD4Jw9jLgfbMh",
        "fields": {
            "invoice": "inv_H3MfUmmvXVJLMxefhnEonY",
            "discount_code": 1,
            "item_name": "Professional Services",
            "item_description": "Overpriced Legal/Technical/Medical services that you cannot afford to avoid.",
            "quantity_purchased": 9,
            "unit_price": 10,
            "item_price": 90,
            "item_total_price": 97.65,
            "item_tax_rates": [
                "tax_4iCyEKhCFaNBGGahn3Rn4i",
                "tax_TNpDwGRpCu2QbU5MDWexRa"
            ],
            "item_tax_amt": 7.65
        }
    },
    {
        "model": "timelyapp.order",
        "pk": "ord_XuCqLoPyJ5R2ppsg9UyzwH",
        "fields": {
            "invoice": "inv_H3MfUmmvXVJLMxefhnEonY",
            "discount_code": 1,
            "item_name": "A Different Widget",
            "item_description": "A widget for backward overflow jargon",
            "quantity_purchased": 10,
            "unit_price": 20,
            "item_price": 200,
            "item_total_price": 217.0,
            "item_tax_rates": [
                "tax_4iCyEKhCFaNBGGahn3Rn4i",
                "tax_TNpDwGRpCu2QbU5MDWexRa"
            ],
            "item_tax_amt": 17.0
        }
    },
    {
        "model": "timelyapp.order",
        "pk": "ord_MddPpmNUWisiS437kUyhHh",
        "fields": {
            "invoice": "inv_H3MfUmmvXVJLMxefhnEonY",
            "discount_code": 1,
            "item_name": "A Different Widget",
            "item_description": "A widget for backward overflow jargon",
            "quantity_purchased": 6,
            "unit_price": 20,
            "item_price": 120,
            "item_total_price": 130.2,
            "item_tax_rates": [
                "tax_4iCyEKhCFaNBGGahn3Rn4i",
                "tax_TNpDwGRpCu2QbU5MDWexRa"
            ],
            "item_tax_amt": 10.2
        }
    },
    {
        "model": "timelyapp.order",
        "pk": "ord_WJ2TF7fhUqPFBDHeVBh64u",
        "fields": {
            "invoice": "inv_H3MfUmmvXVJLMxefhnEonY",
            "discount_code": 1,
            "item_name": "Professional Services",
            "item_description": "Overpriced Legal/Technical/Medical services that you cannot afford to avoid.",
            "quantity_purchased": 7,
            "unit_price": 10,
            "item_price": 70,
            "item_total_price": 75.95,
            "item_tax_rates": [
                "tax_4iCyEKhCFaNBGGahn3Rn4i",
                "tax_TNpDwGRpCu2QbU5MDWexRa"
            ],
            "item_tax_amt": 5.95
        }
    },
    {
        "model": "timelyapp.order",
        "pk": "ord_Kf3a8EG7m4FGUBYgpptBGr",
        "fields": {
            "invoice": "inv_H3MfUmmvXVJLMxefhnEonY",
            "discount_code": 1,
            "item_name": "A Different Widget",
            "item_description": "A widget for backward overflow jargon",
            "quantity_purchased": 6,
            "unit_price": 20,
            "item_price": 120,
            "item_total_price": 130.2,
            "item_tax_rates": [
                "tax_4iCyEKhCFaNBGGahn3Rn4i",
                "tax_TNpDwGRpCu2QbU5MDWexRa"
            ],
            "item_tax_amt": 10.2
        }
    },
    {
        "model": "timelyapp.invoice",
        "pk": "inv_H3MfUmmvXVJLMxefhnEonY",
        "fields": {
            "invoice_name": "TN22000010",
            "date_sent": "2022-04-12",
            "date_due": "2022-05-12",
            "bill_from": "biz_Cz9xETFw7mt6edtQdUYKhJ",
            "bill_to": "biz_4iCyEKhCFaNBGGahn3Rn4i",
            "terms": "NET30",
            "invoice_price": 694.4000000000001,
            "invoice_tax_amt": 54.400000000000006,
            "invoice_total_price": 748.8000000000001,
            "currency": "USD",
            "is_flagged": true,
            "is_scheduled": false,
            "is_paid": false
        }
    },
    {
        "model": "timelyapp.order",
        "pk": "ord_TEmyCD5dgMVavVCb3DPqEU",
        "fields": {
            "invoice": "inv_35Rqnej3twrRgEwarA3ntj",
            "discount_code": 1,
            "item_name": "Professional Services",
            "item_description": "Overpriced Legal/Technical/Medical services that you cannot afford to avoid.",
            "quantity_purchased": 4,
            "unit_price": 10,
            "item_price": 40,
            "item_total_price": 43.4,
            "item_tax_rates": [
                "tax_4iCyEKhCFaNBGGahn3Rn4i",
                "tax_TNpDwGRpCu2QbU5MDWexRa"
            ],
            "item_tax_amt": 3.4
        }
    },
    {
        "model": "timelyapp.invoice",
        "pk": "inv_35Rqnej3twrRgEwarA3ntj",
        "fields": {
            "invoice_name": "FS22000011",
            "date_sent": "2022-03-15",
            "date_due": "2022-03-25",
            "bill_from": "biz_D3FraiLKpJicT9CdJhwwYc",
            "bill_to": "biz_4iCyEKhCFaNBGGahn3Rn4i",
            "terms": "NET10",
            "invoice_price": 43.4,
            "invoice_tax_amt": 3.4,
            "invoice_total_price": 46.8,
            "currency": "USD",
            "is_flagged": true,
            "is_scheduled": false,
            "is_paid": false
        }
    },
    {
        "model": "timelyapp.order",
        "pk": "ord_Uo7NB5GpNeEjaZVEH956nR",
        "fields": {
            "invoice": "inv_LmtQSx7mD3zWB4fTBbkDi9",
            "discount_code": 1,
            "item_name": "Professional Services",
            "item_description": "Overpriced Legal/Technical/Medical services that you cannot afford to avoid.",
            "quantity_purchased": 5,
            "unit_price": 10,
            "item_price": 50,
            "item_total_price": 54.25,
            "item_tax_rates": [
                "tax_4iCyEKhCFaNBGGahn3Rn4i",
                "tax_TNpDwGRpCu2QbU5MDWexRa"
            ],
            "item_tax_amt": 4.25
        }
    },
    {
        "model": "timelyapp.order",
        "pk": "ord_DzQVD4CQfxCSS2uobMqmzY",
        "fields": {
            "invoice": "inv_LmtQSx7mD3zWB4fTBbkDi9",
            "discount_code": 1,
            "item_name": "Some Widget",
            "item_description": "A business widget for vertical synergy jargon",
            "quantity_purchased": 2,
            "unit_price": 10,
            "item_price": 20,
            "item_total_price": 21.7,
            "item_tax_rates": [
                "tax_4iCyEKhCFaNBGGahn3Rn4i",
                "tax_TNpDwGRpCu2QbU5MDWexRa"
            ],
            "item_tax_amt": 1.7
        }
    },
    {
        "model": "timelyapp.order",
        "pk": "ord_YZfwvjudefpwsFvhNDnyHT",
        "fields": {
            "invoice": "inv_LmtQSx7mD3zWB4fTBbkDi9",
            "discount_code": 1,
            "item_name": "Some Widget",
            "item_description": "A business widget for vertical synergy jargon",
            "quantity_purchased": 1,
            "unit_price": 10,
            "item_price": 10,
            "item_total_price": 10.85,
            "item_tax_rates": [
                "tax_4iCyEKhCFaNBGGahn3Rn4i",
                "tax_TNpDwGRpCu2QbU5MDWexRa"
            ],
            "item_tax_amt": 0.85
        }
    },
    {
        "model": "timelyapp.order",
        "pk": "ord_HjYvk2B76vciSYaYDEBQhX",
        "fields": {
            "invoice": "inv_LmtQSx7mD3zWB4fTBbkDi9",
            "discount_code": 1,
            "item_name": "Infeasibility Consulting Study",
            "item_description": "A big useless report on what you want to hear",
            "quantity_purchased": 1,
            "unit_price": 20,
            "item_price": 20,
            "item_total_price": 21.7,
            "item_tax_rates": [
                "tax_4iCyEKhCFaNBGGahn3Rn4i",
                "tax_TNpDwGRpCu2QbU5MDWexRa"
            ],
            "item_tax_amt": 1.7
        }
    },
    {
        "model": "timelyapp.order",
        "pk": "ord_AXNMQQVYkcH7Yi7krESTan",
        "fields": {
            "invoice": "inv_LmtQSx7mD3zWB4fTBbkDi9",
            "discount_code": 1,
            "item_name": "Infeasibility Consulting Study",
            "item_description": "A big useless report on what you want to hear",
            "quantity_purchased": 10,
            "unit_price": 20,
            "item_price": 200,
            "item_total_price": 217.0,
            "item_tax_rates": [
                "tax_4iCyEKhCFaNBGGahn3Rn4i",
                "tax_TNpDwGRpCu2QbU5MDWexRa"
            ],
            "item_tax_amt": 17.0
        }
    },
    {
        "model": "timelyapp.order",
        "pk": "ord_j9xRU66SeEnMMSneYva7cA",
        "fields": {
            "invoice": "inv_LmtQSx7mD3zWB4fTBbkDi9",
            "discount_code": 1,
            "item_name": "A Different Widget",
            "item_description": "A widget for backward overflow jargon",
            "quantity_purchased": 4,
            "unit_price": 20,
            "item_price": 80,
            "item_total_price": 86.8,
            "item_tax_rates": [
                "tax_4iCyEKhCFaNBGGahn3Rn4i",
                "tax_TNpDwGRpCu2QbU5MDWexRa"
            ],
            "item_tax_amt": 6.8
        }
    },
    {
        "model": "timelyapp.order",
        "pk": "ord_gq6TR3Z4s3BPxuHV2Ay3HZ",
        "fields": {
            "invoice": "inv_LmtQSx7mD3zWB4fTBbkDi9",
            "discount_code": 1,
            "item_name": "Some Widget",
            "item_description": "A business widget for vertical synergy jargon",
            "quantity_purchased": 7,
            "unit_price": 10,
            "item_price": 70,
            "item_total_price": 75.95,
            "item_tax_rates": [
                "tax_4iCyEKhCFaNBGGahn3Rn4i",
                "tax_TNpDwGRpCu2QbU5MDWexRa"
            ],
            "item_tax_amt": 5.95
        }
    },
    {
        "model": "timelyapp.order",
        "pk": "ord_HdJX8E8sgMiDfrMXwCW7ut",
        "fields": {
            "invoice": "inv_LmtQSx7mD3zWB4fTBbkDi9",
            "discount_code": 1,
            "item_name": "Professional Services",
            "item_description": "Overpriced Legal/Technical/Medical services that you cannot afford to avoid.",
            "quantity_purchased": 8,
            "unit_price": 10,
            "item_price": 80,
            "item_total_price": 86.8,
            "item_tax_rates": [
                "tax_4iCyEKhCFaNBGGahn3Rn4i",
                "tax_TNpDwGRpCu2QbU5MDWexRa"
            ],
            "item_tax_amt": 6.8
        }
    },
    {
        "model": "timelyapp.order",
        "pk": "ord_HoueKErSEr5c6YAErgAPZt",
        "fields": {
            "invoice": "inv_LmtQSx7mD3zWB4fTBbkDi9",
            "discount_code": 1,
            "item_name": "Infeasibility Consulting Study",
            "item_description": "A big useless report on what you want to hear",
            "quantity_purchased": 10,
            "unit_price": 20,
            "item_price": 200,
            "item_total_price": 217.0,
            "item_tax_rates": [
                "tax_4iCyEKhCFaNBGGahn3Rn4i",
                "tax_TNpDwGRpCu2QbU5MDWexRa"
            ],
            "item_tax_amt": 17.0
        }
    },
    {
        "model": "timelyapp.order",
        "pk": "ord_kqU5NFavisgFLxKfhhJfdM",
        "fields": {
            "invoice": "inv_LmtQSx7mD3zWB4fTBbkDi9",
            "discount_code": 1,
            "item_name": "Professional Services",
            "item_description": "Overpriced Legal/Technical/Medical services that you cannot afford to avoid.",
            "quantity_purchased": 7,
            "unit_price": 10,
            "item_price": 70,
            "item_total_price": 75.95,
            "item_tax_rates": [
                "tax_4iCyEKhCFaNBGGahn3Rn4i",
                "tax_TNpDwGRpCu2QbU5MDWexRa"
            ],
            "item_tax_amt": 5.95
        }
    },
    {
        "model": "timelyapp.invoice",
        "pk": "inv_LmtQSx7mD3zWB4fTBbkDi9",
        "fields": {
            "invoice_name": "BC22000012",
            "date_sent": "2022-03-12",
            "date_due": "2022-03-19",
            "bill_from": "biz_XhLAvUW63VuD4vfuCtEZKw",
            "bill_to": "biz_Cz9xETFw7mt6edtQdUYKhJ",
            "terms": "NET7",
            "invoice_price": 868.0,
            "invoice_tax_amt": 68.0,
            "invoice_total_price": 936.0,
            "currency": "USD",
            "is_flagged": false,
            "is_scheduled": false,
            "is_paid": false
        }
    },
    {
        "model": "timelyapp.order",
        "pk": "ord_9VnK4ExP6MEfdyBtsE7Fmr",
        "fields": {
            "invoice": "inv_ZawbYhYbFVp2TziaPXFNVL",
            "discount_code": 1,
            "item_name": "Professional Services",
            "item_description": "Overpriced Legal/Technical/Medical services that you cannot afford to avoid.",
            "quantity_purchased": 9,
            "unit_price": 10,
            "item_price": 90,
            "item_total_price": 97.65,
            "item_tax_rates": [
                "tax_4iCyEKhCFaNBGGahn3Rn4i",
                "tax_TNpDwGRpCu2QbU5MDWexRa"
            ],
            "item_tax_amt": 7.65
        }
    },
    {
        "model": "timelyapp.order",
        "pk": "ord_jFvRUE9PAz2mRdBKzp3y8K",
        "fields": {
            "invoice": "inv_ZawbYhYbFVp2TziaPXFNVL",
            "discount_code": 1,
            "item_name": "A Different Widget",
            "item_description": "A widget for backward overflow jargon",
            "quantity_purchased": 3,
            "unit_price": 20,
            "item_price": 60,
            "item_total_price": 65.1,
            "item_tax_rates": [
                "tax_4iCyEKhCFaNBGGahn3Rn4i",
                "tax_TNpDwGRpCu2QbU5MDWexRa"
            ],
            "item_tax_amt": 5.1
        }
    },
    {
        "model": "timelyapp.order",
        "pk": "ord_9sDgYjNYXnQpQxMFPraEzR",
        "fields": {
            "invoice": "inv_ZawbYhYbFVp2TziaPXFNVL",
            "discount_code": 1,
            "item_name": "Infeasibility Consulting Study",
            "item_description": "A big useless report on what you want to hear",
            "quantity_purchased": 8,
            "unit_price": 20,
            "item_price": 160,
            "item_total_price": 173.6,
            "item_tax_rates": [
                "tax_4iCyEKhCFaNBGGahn3Rn4i",
                "tax_TNpDwGRpCu2QbU5MDWexRa"
            ],
            "item_tax_amt": 13.6
        }
    },
    {
        "model": "timelyapp.order",
        "pk": "ord_MU9gcmFj2dtZLFMTDaPH35",
        "fields": {
            "invoice": "inv_ZawbYhYbFVp2TziaPXFNVL",
            "discount_code": 1,
            "item_name": "A Different Widget",
            "item_description": "A widget for backward overflow jargon",
            "quantity_purchased": 9,
            "unit_price": 20,
            "item_price": 180,
            "item_total_price": 195.3,
            "item_tax_rates": [
                "tax_4iCyEKhCFaNBGGahn3Rn4i",
                "tax_TNpDwGRpCu2QbU5MDWexRa"
            ],
            "item_tax_amt": 15.3
        }
    },
    {
        "model": "timelyapp.invoice",
        "pk": "inv_ZawbYhYbFVp2TziaPXFNVL",
        "fields": {
            "invoice_name": "AS22000013",
            "date_sent": "2022-03-20",
            "date_due": "2022-03-27",
            "bill_from": "biz_4iCyEKhCFaNBGGahn3Rn4i",
            "bill_to": "biz_XhLAvUW63VuD4vfuCtEZKw",
            "terms": "NET7",
            "invoice_price": 531.6500000000001,
            "invoice_tax_amt": 41.650000000000006,
            "invoice_total_price": 573.3000000000001,
            "currency": "USD",
            "is_flagged": false,
            "is_scheduled": false,
            "is_paid": false
        }
    },
    {
        "model": "timelyapp.order",
        "pk": "ord_HrFkK438vEpPzEzGcW2mgY",
        "fields": {
            "invoice": "inv_GqSr27Vih4UWwVm76tpxTN",
            "discount_code": 1,
            "item_name": "Infeasibility Consulting Study",
            "item_description": "A big useless report on what you want to hear",
            "quantity_purchased": 5,
            "unit_price": 20,
            "item_price": 100,
            "item_total_price": 108.5,
            "item_tax_rates": [
                "tax_4iCyEKhCFaNBGGahn3Rn4i",
                "tax_TNpDwGRpCu2QbU5MDWexRa"
            ],
            "item_tax_amt": 8.5
        }
    },
    {
        "model": "timelyapp.order",
        "pk": "ord_BKF4FipKZRNiJdtr98oeD9",
        "fields": {
            "invoice": "inv_GqSr27Vih4UWwVm76tpxTN",
            "discount_code": 1,
            "item_name": "A Different Widget",
            "item_description": "A widget for backward overflow jargon",
            "quantity_purchased": 8,
            "unit_price": 20,
            "item_price": 160,
            "item_total_price": 173.6,
            "item_tax_rates": [
                "tax_4iCyEKhCFaNBGGahn3Rn4i",
                "tax_TNpDwGRpCu2QbU5MDWexRa"
            ],
            "item_tax_amt": 13.6
        }
    },
    {
        "model": "timelyapp.order",
        "pk": "ord_GFS6nNiHzm9sxVbLxvCbcn",
        "fields": {
            "invoice": "inv_GqSr27Vih4UWwVm76tpxTN",
            "discount_code": 1,
            "item_name": "Some Widget",
            "item_description": "A business widget for vertical synergy jargon",
            "quantity_purchased": 2,
            "unit_price": 10,
            "item_price": 20,
            "item_total_price": 21.7,
            "item_tax_rates": [
                "tax_4iCyEKhCFaNBGGahn3Rn4i",
                "tax_TNpDwGRpCu2QbU5MDWexRa"
            ],
            "item_tax_amt": 1.7
        }
    },
    {
        "model": "timelyapp.order",
        "pk": "ord_PkU9s2ssKfP6qnzgMKgU4N",
        "fields": {
            "invoice": "inv_GqSr27Vih4UWwVm76tpxTN",
            "discount_code": 1,
            "item_name": "A Different Widget",
            "item_description": "A widget for backward overflow jargon",
            "quantity_purchased": 4,
            "unit_price": 20,
            "item_price": 80,
            "item_total_price": 86.8,
            "item_tax_rates": [
                "tax_4iCyEKhCFaNBGGahn3Rn4i",
                "tax_TNpDwGRpCu2QbU5MDWexRa"
            ],
            "item_tax_amt": 6.8
        }
    },
    {
        "model": "timelyapp.order",
        "pk": "ord_H9NkSb9G4mqBGdRWgjASZV",
        "fields": {
            "invoice": "inv_GqSr27Vih4UWwVm76tpxTN",
            "discount_code": 1,
            "item_name": "Some Widget",
            "item_description": "A business widget for vertical synergy jargon",
            "quantity_purchased": 8,
            "unit_price": 10,
            "item_price": 80,
            "item_total_price": 86.8,
            "item_tax_rates": [
                "tax_4iCyEKhCFaNBGGahn3Rn4i",
                "tax_TNpDwGRpCu2QbU5MDWexRa"
            ],
            "item_tax_amt": 6.8
        }
    },
    {
        "model": "timelyapp.order",
        "pk": "ord_km5zpn2c3HXiU82jpie5dK",
        "fields": {
            "invoice": "inv_GqSr27Vih4UWwVm76tpxTN",
            "discount_code": 1,
            "item_name": "A Different Widget",
            "item_description": "A widget for backward overflow jargon",
            "quantity_purchased": 6,
            "unit_price": 20,
            "item_price": 120,
            "item_total_price": 130.2,
            "item_tax_rates": [
                "tax_4iCyEKhCFaNBGGahn3Rn4i",
                "tax_TNpDwGRpCu2QbU5MDWexRa"
            ],
            "item_tax_amt": 10.2
        }
    },
    {
        "model": "timelyapp.order",
        "pk": "ord_VTqDdMUMGuDuDq8pDmj5d4",
        "fields": {
            "invoice": "inv_GqSr27Vih4UWwVm76tpxTN",
            "discount_code": 1,
            "item_name": "A Different Widget",
            "item_description": "A widget for backward overflow jargon",
            "quantity_purchased": 1,
            "unit_price": 20,
            "item_price": 20,
            "item_total_price": 21.7,
            "item_tax_rates": [
                "tax_4iCyEKhCFaNBGGahn3Rn4i",
                "tax_TNpDwGRpCu2QbU5MDWexRa"
            ],
            "item_tax_amt": 1.7
        }
    },
    {
        "model": "timelyapp.order",
        "pk": "ord_DVoHHsfdcoGUgP5iJkRNwe",
        "fields": {
            "invoice": "inv_GqSr27Vih4UWwVm76tpxTN",
            "discount_code": 1,
            "item_name": "Some Widget",
            "item_description": "A business widget for vertical synergy jargon",
            "quantity_purchased": 2,
            "unit_price": 10,
            "item_price": 20,
            "item_total_price": 21.7,
            "item_tax_rates": [
                "tax_4iCyEKhCFaNBGGahn3Rn4i",
                "tax_TNpDwGRpCu2QbU5MDWexRa"
            ],
            "item_tax_amt": 1.7
        }
    },
    {
        "model": "timelyapp.order",
        "pk": "ord_62P6YfdJpz7fdeQXsbAUvJ",
        "fields": {
            "invoice": "inv_GqSr27Vih4UWwVm76tpxTN",
            "discount_code": 1,
            "item_name": "Some Widget",
            "item_description": "A business widget for vertical synergy jargon",
            "quantity_purchased": 2,
            "unit_price": 10,
            "item_price": 20,
            "item_total_price": 21.7,
            "item_tax_rates": [
                "tax_4iCyEKhCFaNBGGahn3Rn4i",
                "tax_TNpDwGRpCu2QbU5MDWexRa"
            ],
            "item_tax_amt": 1.7
        }
    },
    {
        "model": "timelyapp.order",
        "pk": "ord_jXG96athw7rPJsB8hZsBKE",
        "fields": {
            "invoice": "inv_GqSr27Vih4UWwVm76tpxTN",
            "discount_code": 1,
            "item_name": "Some Widget",
            "item_description": "A business widget for vertical synergy jargon",
            "quantity_purchased": 7,
            "unit_price": 10,
            "item_price": 70,
            "item_total_price": 75.95,
            "item_tax_rates": [
                "tax_4iCyEKhCFaNBGGahn3Rn4i",
                "tax_TNpDwGRpCu2QbU5MDWexRa"
            ],
            "item_tax_amt": 5.95
        }
    },
    {
        "model": "timelyapp.invoice",
        "pk": "inv_GqSr27Vih4UWwVm76tpxTN",
        "fields": {
            "invoice_name": "FS22000014",
            "date_sent": "2022-05-09",
            "date_due": null,
            "bill_from": "biz_D3FraiLKpJicT9CdJhwwYc",
            "bill_to": "biz_Cz9xETFw7mt6edtQdUYKhJ",
            "terms": "COD",
            "invoice_price": 748.6500000000002,
            "invoice_tax_amt": 58.650000000000006,
            "invoice_total_price": 807.3000000000002,
            "currency": "USD",
            "is_flagged": false,
            "is_scheduled": true,
            "is_paid": false
        }
    },
    {
        "model": "timelyapp.order",
        "pk": "ord_ZpkYQ9FRVfrAS3AR44rGtH",
        "fields": {
            "invoice": "inv_TTr8gDZ2pSoHQENopB3n2H",
            "discount_code": 1,
            "item_name": "Professional Services",
            "item_description": "Overpriced Legal/Technical/Medical services that you cannot afford to avoid.",
            "quantity_purchased": 1,
            "unit_price": 10,
            "item_price": 10,
            "item_total_price": 10.85,
            "item_tax_rates": [
                "tax_4iCyEKhCFaNBGGahn3Rn4i",
                "tax_TNpDwGRpCu2QbU5MDWexRa"
            ],
            "item_tax_amt": 0.85
        }
    },
    {
        "model": "timelyapp.order",
        "pk": "ord_24NWA3AbKWA6GExHRfXsdq",
        "fields": {
            "invoice": "inv_TTr8gDZ2pSoHQENopB3n2H",
            "discount_code": 1,
            "item_name": "Some Widget",
            "item_description": "A business widget for vertical synergy jargon",
            "quantity_purchased": 4,
            "unit_price": 10,
            "item_price": 40,
            "item_total_price": 43.4,
            "item_tax_rates": [
                "tax_4iCyEKhCFaNBGGahn3Rn4i",
                "tax_TNpDwGRpCu2QbU5MDWexRa"
            ],
            "item_tax_amt": 3.4
        }
    },
    {
        "model": "timelyapp.invoice",
        "pk": "inv_TTr8gDZ2pSoHQENopB3n2H",
        "fields": {
            "invoice_name": "AS22000015",
            "date_sent": "2022-01-22",
            "date_due": "2022-04-22",
            "bill_from": "biz_4iCyEKhCFaNBGGahn3Rn4i",
            "bill_to": "biz_XhLAvUW63VuD4vfuCtEZKw",
            "terms": "NET90",
            "invoice_price": 54.25,
            "invoice_tax_amt": 4.25,
            "invoice_total_price": 58.5,
            "currency": "USD",
            "is_flagged": true,
            "is_scheduled": true,
            "is_paid": false
        }
    },
    {
        "model": "timelyapp.order",
        "pk": "ord_YSyBRkxnHNgHEvSVYqcxxE",
        "fields": {
            "invoice": "inv_4F2nkiKrB7CfCC6eGcE4BK",
            "discount_code": 1,
            "item_name": "A Different Widget",
            "item_description": "A widget for backward overflow jargon",
            "quantity_purchased": 6,
            "unit_price": 20,
            "item_price": 120,
            "item_total_price": 130.2,
            "item_tax_rates": [
                "tax_4iCyEKhCFaNBGGahn3Rn4i",
                "tax_TNpDwGRpCu2QbU5MDWexRa"
            ],
            "item_tax_amt": 10.2
        }
    },
    {
        "model": "timelyapp.order",
        "pk": "ord_SNxfNk7RBMgenSp2XCLzVa",
        "fields": {
            "invoice": "inv_4F2nkiKrB7CfCC6eGcE4BK",
            "discount_code": 1,
            "item_name": "Professional Services",
            "item_description": "Overpriced Legal/Technical/Medical services that you cannot afford to avoid.",
            "quantity_purchased": 3,
            "unit_price": 10,
            "item_price": 30,
            "item_total_price": 32.55,
            "item_tax_rates": [
                "tax_4iCyEKhCFaNBGGahn3Rn4i",
                "tax_TNpDwGRpCu2QbU5MDWexRa"
            ],
            "item_tax_amt": 2.55
        }
    },
    {
        "model": "timelyapp.order",
        "pk": "ord_BYai4TYDRShv6DwZUxd4ug",
        "fields": {
            "invoice": "inv_4F2nkiKrB7CfCC6eGcE4BK",
            "discount_code": 1,
            "item_name": "Professional Services",
            "item_description": "Overpriced Legal/Technical/Medical services that you cannot afford to avoid.",
            "quantity_purchased": 3,
            "unit_price": 10,
            "item_price": 30,
            "item_total_price": 32.55,
            "item_tax_rates": [
                "tax_4iCyEKhCFaNBGGahn3Rn4i",
                "tax_TNpDwGRpCu2QbU5MDWexRa"
            ],
            "item_tax_amt": 2.55
        }
    },
    {
        "model": "timelyapp.order",
        "pk": "ord_YFhNccQ4XUtPNgu8hRrQnF",
        "fields": {
            "invoice": "inv_4F2nkiKrB7CfCC6eGcE4BK",
            "discount_code": 1,
            "item_name": "A Different Widget",
            "item_description": "A widget for backward overflow jargon",
            "quantity_purchased": 8,
            "unit_price": 20,
            "item_price": 160,
            "item_total_price": 173.6,
            "item_tax_rates": [
                "tax_4iCyEKhCFaNBGGahn3Rn4i",
                "tax_TNpDwGRpCu2QbU5MDWexRa"
            ],
            "item_tax_amt": 13.6
        }
    },
    {
        "model": "timelyapp.order",
        "pk": "ord_3s4N2HVCwbCKU2iPJfpLuG",
        "fields": {
            "invoice": "inv_4F2nkiKrB7CfCC6eGcE4BK",
            "discount_code": 1,
            "item_name": "Professional Services",
            "item_description": "Overpriced Legal/Technical/Medical services that you cannot afford to avoid.",
            "quantity_purchased": 1,
            "unit_price": 10,
            "item_price": 10,
            "item_total_price": 10.85,
            "item_tax_rates": [
                "tax_4iCyEKhCFaNBGGahn3Rn4i",
                "tax_TNpDwGRpCu2QbU5MDWexRa"
            ],
            "item_tax_amt": 0.85
        }
    },
    {
        "model": "timelyapp.order",
        "pk": "ord_GjtTC4tbJLCHkd6Mz3qhcQ",
        "fields": {
            "invoice": "inv_4F2nkiKrB7CfCC6eGcE4BK",
            "discount_code": 1,
            "item_name": "Some Widget",
            "item_description": "A business widget for vertical synergy jargon",
            "quantity_purchased": 7,
            "unit_price": 10,
            "item_price": 70,
            "item_total_price": 75.95,
            "item_tax_rates": [
                "tax_4iCyEKhCFaNBGGahn3Rn4i",
                "tax_TNpDwGRpCu2QbU5MDWexRa"
            ],
            "item_tax_amt": 5.95
        }
    },
    {
        "model": "timelyapp.order",
        "pk": "ord_SJ2ZRcB4XkXpfcva7s3hrM",
        "fields": {
            "invoice": "inv_4F2nkiKrB7CfCC6eGcE4BK",
            "discount_code": 1,
            "item_name": "Infeasibility Consulting Study",
            "item_description": "A big useless report on what you want to hear",
            "quantity_purchased": 3,
            "unit_price": 20,
            "item_price": 60,
            "item_total_price": 65.1,
            "item_tax_rates": [
                "tax_4iCyEKhCFaNBGGahn3Rn4i",
                "tax_TNpDwGRpCu2QbU5MDWexRa"
            ],
            "item_tax_amt": 5.1
        }
    },
    {
        "model": "timelyapp.order",
        "pk": "ord_6z4JKakVVqGqs7aYQmndjX",
        "fields": {
            "invoice": "inv_4F2nkiKrB7CfCC6eGcE4BK",
            "discount_code": 1,
            "item_name": "Professional Services",
            "item_description": "Overpriced Legal/Technical/Medical services that you cannot afford to avoid.",
            "quantity_purchased": 2,
            "unit_price": 10,
            "item_price": 20,
            "item_total_price": 21.7,
            "item_tax_rates": [
                "tax_4iCyEKhCFaNBGGahn3Rn4i",
                "tax_TNpDwGRpCu2QbU5MDWexRa"
            ],
            "item_tax_amt": 1.7
        }
    },
    {
        "model": "timelyapp.order",
        "pk": "ord_K3ZtAoVBjdFPrApsHQB9FB",
        "fields": {
            "invoice": "inv_4F2nkiKrB7CfCC6eGcE4BK",
            "discount_code": 1,
            "item_name": "A Different Widget",
            "item_description": "A widget for backward overflow jargon",
            "quantity_purchased": 6,
            "unit_price": 20,
            "item_price": 120,
            "item_total_price": 130.2,
            "item_tax_rates": [
                "tax_4iCyEKhCFaNBGGahn3Rn4i",
                "tax_TNpDwGRpCu2QbU5MDWexRa"
            ],
            "item_tax_amt": 10.2
        }
    },
    {
        "model": "timelyapp.invoice",
        "pk": "inv_4F2nkiKrB7CfCC6eGcE4BK",
        "fields": {
            "invoice_name": "FS22000016",
            "date_sent": "2022-06-07",
            "date_due": "2022-07-07",
            "bill_from": "biz_D3FraiLKpJicT9CdJhwwYc",
            "bill_to": "biz_Cz9xETFw7mt6edtQdUYKhJ",
            "terms": "NET30",
            "invoice_price": 672.7,
            "invoice_tax_amt": 52.7,
            "invoice_total_price": 725.4000000000001,
            "currency": "USD",
            "is_flagged": false,
            "is_scheduled": true,
            "is_paid": false
        }
    },
    {
        "model": "timelyapp.order",
        "pk": "ord_YERBoiKZ5A4W5Kqic2zHBE",
        "fields": {
            "invoice": "inv_22tGXvgymiR98v5g2ErYXf",
            "discount_code": 1,
            "item_name": "A Different Widget",
            "item_description": "A widget for backward overflow jargon",
            "quantity_purchased": 5,
            "unit_price": 20,
            "item_price": 100,
            "item_total_price": 108.5,
            "item_tax_rates": [
                "tax_4iCyEKhCFaNBGGahn3Rn4i",
                "tax_TNpDwGRpCu2QbU5MDWexRa"
            ],
            "item_tax_amt": 8.5
        }
    },
    {
        "model": "timelyapp.order",
        "pk": "ord_5CeUcfmFpHAVRJrDRX6Ayo",
        "fields": {
            "invoice": "inv_22tGXvgymiR98v5g2ErYXf",
            "discount_code": 1,
            "item_name": "A Different Widget",
            "item_description": "A widget for backward overflow jargon",
            "quantity_purchased": 8,
            "unit_price": 20,
            "item_price": 160,
            "item_total_price": 173.6,
            "item_tax_rates": [
                "tax_4iCyEKhCFaNBGGahn3Rn4i",
                "tax_TNpDwGRpCu2QbU5MDWexRa"
            ],
            "item_tax_amt": 13.6
        }
    },
    {
        "model": "timelyapp.order",
        "pk": "ord_aPsQigQVoWriQHEo6bM6nG",
        "fields": {
            "invoice": "inv_22tGXvgymiR98v5g2ErYXf",
            "discount_code": 1,
            "item_name": "Infeasibility Consulting Study",
            "item_description": "A big useless report on what you want to hear",
            "quantity_purchased": 2,
            "unit_price": 20,
            "item_price": 40,
            "item_total_price": 43.4,
            "item_tax_rates": [
                "tax_4iCyEKhCFaNBGGahn3Rn4i",
                "tax_TNpDwGRpCu2QbU5MDWexRa"
            ],
            "item_tax_amt": 3.4
        }
    },
    {
        "model": "timelyapp.order",
        "pk": "ord_JJ5aLqekDRqToRxun3Gwm3",
        "fields": {
            "invoice": "inv_22tGXvgymiR98v5g2ErYXf",
            "discount_code": 1,
            "item_name": "Some Widget",
            "item_description": "A business widget for vertical synergy jargon",
            "quantity_purchased": 1,
            "unit_price": 10,
            "item_price": 10,
            "item_total_price": 10.85,
            "item_tax_rates": [
                "tax_4iCyEKhCFaNBGGahn3Rn4i",
                "tax_TNpDwGRpCu2QbU5MDWexRa"
            ],
            "item_tax_amt": 0.85
        }
    },
    {
        "model": "timelyapp.order",
        "pk": "ord_88UuuJg3fDP2hPa3hKUYPR",
        "fields": {
            "invoice": "inv_22tGXvgymiR98v5g2ErYXf",
            "discount_code": 1,
            "item_name": "Infeasibility Consulting Study",
            "item_description": "A big useless report on what you want to hear",
            "quantity_purchased": 3,
            "unit_price": 20,
            "item_price": 60,
            "item_total_price": 65.1,
            "item_tax_rates": [
                "tax_4iCyEKhCFaNBGGahn3Rn4i",
                "tax_TNpDwGRpCu2QbU5MDWexRa"
            ],
            "item_tax_amt": 5.1
        }
    },
    {
        "model": "timelyapp.order",
        "pk": "ord_DfDDUi2CePHuQwu3ae7eYd",
        "fields": {
            "invoice": "inv_22tGXvgymiR98v5g2ErYXf",
            "discount_code": 1,
            "item_name": "Some Widget",
            "item_description": "A business widget for vertical synergy jargon",
            "quantity_purchased": 1,
            "unit_price": 10,
            "item_price": 10,
            "item_total_price": 10.85,
            "item_tax_rates": [
                "tax_4iCyEKhCFaNBGGahn3Rn4i",
                "tax_TNpDwGRpCu2QbU5MDWexRa"
            ],
            "item_tax_amt": 0.85
        }
    },
    {
        "model": "timelyapp.order",
        "pk": "ord_KV8JeAPZzTZYxwrNoJDsjq",
        "fields": {
            "invoice": "inv_22tGXvgymiR98v5g2ErYXf",
            "discount_code": 1,
            "item_name": "Some Widget",
            "item_description": "A business widget for vertical synergy jargon",
            "quantity_purchased": 8,
            "unit_price": 10,
            "item_price": 80,
            "item_total_price": 86.8,
            "item_tax_rates": [
                "tax_4iCyEKhCFaNBGGahn3Rn4i",
                "tax_TNpDwGRpCu2QbU5MDWexRa"
            ],
            "item_tax_amt": 6.8
        }
    },
    {
        "model": "timelyapp.invoice",
        "pk": "inv_22tGXvgymiR98v5g2ErYXf",
        "fields": {
            "invoice_name": "FS22000017",
            "date_sent": "2022-03-13",
            "date_due": "2022-03-20",
            "bill_from": "biz_D3FraiLKpJicT9CdJhwwYc",
            "bill_to": "biz_XhLAvUW63VuD4vfuCtEZKw",
            "terms": "NET7",
            "invoice_price": 499.1000000000001,
            "invoice_tax_amt": 39.1,
            "invoice_total_price": 538.2,
            "currency": "USD",
            "is_flagged": false,
            "is_scheduled": false,
            "is_paid": false
        }
    },
    {
        "model": "timelyapp.order",
        "pk": "ord_oXp4GMQjweK3otAeSpyf9n",
        "fields": {
            "invoice": "inv_PNsYFDjxmdT7roqvcdTpRa",
            "discount_code": 1,
            "item_name": "Professional Services",
            "item_description": "Overpriced Legal/Technical/Medical services that you cannot afford to avoid.",
            "quantity_purchased": 4,
            "unit_price": 10,
            "item_price": 40,
            "item_total_price": 43.4,
            "item_tax_rates": [
                "tax_4iCyEKhCFaNBGGahn3Rn4i",
                "tax_TNpDwGRpCu2QbU5MDWexRa"
            ],
            "item_tax_amt": 3.4
        }
    },
    {
        "model": "timelyapp.order",
        "pk": "ord_UpAPrR5ZTG5TCQULTa45XZ",
        "fields": {
            "invoice": "inv_PNsYFDjxmdT7roqvcdTpRa",
            "discount_code": 1,
            "item_name": "Professional Services",
            "item_description": "Overpriced Legal/Technical/Medical services that you cannot afford to avoid.",
            "quantity_purchased": 9,
            "unit_price": 10,
            "item_price": 90,
            "item_total_price": 97.65,
            "item_tax_rates": [
                "tax_4iCyEKhCFaNBGGahn3Rn4i",
                "tax_TNpDwGRpCu2QbU5MDWexRa"
            ],
            "item_tax_amt": 7.65
        }
    },
    {
        "model": "timelyapp.order",
        "pk": "ord_iqmzNZKrLAojf7VphPDqvG",
        "fields": {
            "invoice": "inv_PNsYFDjxmdT7roqvcdTpRa",
            "discount_code": 1,
            "item_name": "A Different Widget",
            "item_description": "A widget for backward overflow jargon",
            "quantity_purchased": 7,
            "unit_price": 20,
            "item_price": 140,
            "item_total_price": 151.9,
            "item_tax_rates": [
                "tax_4iCyEKhCFaNBGGahn3Rn4i",
                "tax_TNpDwGRpCu2QbU5MDWexRa"
            ],
            "item_tax_amt": 11.9
        }
    },
    {
        "model": "timelyapp.order",
        "pk": "ord_8wFnt8gTHegK7tKqh2qRsA",
        "fields": {
            "invoice": "inv_PNsYFDjxmdT7roqvcdTpRa",
            "discount_code": 1,
            "item_name": "Infeasibility Consulting Study",
            "item_description": "A big useless report on what you want to hear",
            "quantity_purchased": 10,
            "unit_price": 20,
            "item_price": 200,
            "item_total_price": 217.0,
            "item_tax_rates": [
                "tax_4iCyEKhCFaNBGGahn3Rn4i",
                "tax_TNpDwGRpCu2QbU5MDWexRa"
            ],
            "item_tax_amt": 17.0
        }
    },
    {
        "model": "timelyapp.invoice",
        "pk": "inv_PNsYFDjxmdT7roqvcdTpRa",
        "fields": {
            "invoice_name": "TN22000018",
            "date_sent": "2022-03-27",
            "date_due": "2022-05-26",
            "bill_from": "biz_Cz9xETFw7mt6edtQdUYKhJ",
            "bill_to": "biz_Cz9xETFw7mt6edtQdUYKhJ",
            "terms": "NET60",
            "invoice_price": 509.95000000000005,
            "invoice_tax_amt": 39.95,
            "invoice_total_price": 549.9000000000001,
            "currency": "USD",
            "is_flagged": true,
            "is_scheduled": false,
            "is_paid": false
        }
    },
    {
        "model": "timelyapp.order",
        "pk": "ord_cwuNYRqXqdwfGke7FR2zNG",
        "fields": {
            "invoice": "inv_8pzLPaAtsTVC3zeq74YCgv",
            "discount_code": 1,
            "item_name": "Infeasibility Consulting Study",
            "item_description": "A big useless report on what you want to hear",
            "quantity_purchased": 5,
            "unit_price": 20,
            "item_price": 100,
            "item_total_price": 108.5,
            "item_tax_rates": [
                "tax_4iCyEKhCFaNBGGahn3Rn4i",
                "tax_TNpDwGRpCu2QbU5MDWexRa"
            ],
            "item_tax_amt": 8.5
        }
    },
    {
        "model": "timelyapp.order",
        "pk": "ord_LgvyTcUE2ZnUdBscs89URa",
        "fields": {
            "invoice": "inv_8pzLPaAtsTVC3zeq74YCgv",
            "discount_code": 1,
            "item_name": "Some Widget",
            "item_description": "A business widget for vertical synergy jargon",
            "quantity_purchased": 7,
            "unit_price": 10,
            "item_price": 70,
            "item_total_price": 75.95,
            "item_tax_rates": [
                "tax_4iCyEKhCFaNBGGahn3Rn4i",
                "tax_TNpDwGRpCu2QbU5MDWexRa"
            ],
            "item_tax_amt": 5.95
        }
    },
    {
        "model": "timelyapp.order",
        "pk": "ord_KxrkrKD6dVeam8MPzm5QsC",
        "fields": {
            "invoice": "inv_8pzLPaAtsTVC3zeq74YCgv",
            "discount_code": 1,
            "item_name": "Infeasibility Consulting Study",
            "item_description": "A big useless report on what you want to hear",
            "quantity_purchased": 4,
            "unit_price": 20,
            "item_price": 80,
            "item_total_price": 86.8,
            "item_tax_rates": [
                "tax_4iCyEKhCFaNBGGahn3Rn4i",
                "tax_TNpDwGRpCu2QbU5MDWexRa"
            ],
            "item_tax_amt": 6.8
        }
    },
    {
        "model": "timelyapp.invoice",
        "pk": "inv_8pzLPaAtsTVC3zeq74YCgv",
        "fields": {
            "invoice_name": "AS22000019",
            "date_sent": "2022-02-08",
            "date_due": "2022-04-09",
            "bill_from": "biz_4iCyEKhCFaNBGGahn3Rn4i",
            "bill_to": "biz_XhLAvUW63VuD4vfuCtEZKw",
            "terms": "NET60",
            "invoice_price": 271.25,
            "invoice_tax_amt": 21.25,
            "invoice_total_price": 292.5,
            "currency": "USD",
            "is_flagged": true,
            "is_scheduled": false,
            "is_paid": false
        }
    },
    {
        "model": "timelyapp.order",
        "pk": "ord_g6iAR4Gws2dSAyyt26Gs3X",
        "fields": {
            "invoice": "inv_mz8QGQVdbZtkxPSHBxooyR",
            "discount_code": 1,
            "item_name": "Professional Services",
            "item_description": "Overpriced Legal/Technical/Medical services that you cannot afford to avoid.",
            "quantity_purchased": 1,
            "unit_price": 10,
            "item_price": 10,
            "item_total_price": 10.85,
            "item_tax_rates": [
                "tax_4iCyEKhCFaNBGGahn3Rn4i",
                "tax_TNpDwGRpCu2QbU5MDWexRa"
            ],
            "item_tax_amt": 0.85
        }
    },
    {
        "model": "timelyapp.order",
        "pk": "ord_8Xri6qrUXUhhAMhzZtCiAW",
        "fields": {
            "invoice": "inv_mz8QGQVdbZtkxPSHBxooyR",
            "discount_code": 1,
            "item_name": "A Different Widget",
            "item_description": "A widget for backward overflow jargon",
            "quantity_purchased": 1,
            "unit_price": 20,
            "item_price": 20,
            "item_total_price": 21.7,
            "item_tax_rates": [
                "tax_4iCyEKhCFaNBGGahn3Rn4i",
                "tax_TNpDwGRpCu2QbU5MDWexRa"
            ],
            "item_tax_amt": 1.7
        }
    },
    {
        "model": "timelyapp.order",
        "pk": "ord_hxCMBb4hBMD9KPApmPBt9s",
        "fields": {
            "invoice": "inv_mz8QGQVdbZtkxPSHBxooyR",
            "discount_code": 1,
            "item_name": "Infeasibility Consulting Study",
            "item_description": "A big useless report on what you want to hear",
            "quantity_purchased": 5,
            "unit_price": 20,
            "item_price": 100,
            "item_total_price": 108.5,
            "item_tax_rates": [
                "tax_4iCyEKhCFaNBGGahn3Rn4i",
                "tax_TNpDwGRpCu2QbU5MDWexRa"
            ],
            "item_tax_amt": 8.5
        }
    },
    {
        "model": "timelyapp.order",
        "pk": "ord_dYUhNTfJYLwG4UBtNsjUgg",
        "fields": {
            "invoice": "inv_mz8QGQVdbZtkxPSHBxooyR",
            "discount_code": 1,
            "item_name": "Infeasibility Consulting Study",
            "item_description": "A big useless report on what you want to hear",
            "quantity_purchased": 5,
            "unit_price": 20,
            "item_price": 100,
            "item_total_price": 108.5,
            "item_tax_rates": [
                "tax_4iCyEKhCFaNBGGahn3Rn4i",
                "tax_TNpDwGRpCu2QbU5MDWexRa"
            ],
            "item_tax_amt": 8.5
        }
    },
    {
        "model": "timelyapp.order",
        "pk": "ord_8kWMLA5GHMK5VYpZkAPsfh",
        "fields": {
            "invoice": "inv_mz8QGQVdbZtkxPSHBxooyR",
            "discount_code": 1,
            "item_name": "Professional Services",
            "item_description": "Overpriced Legal/Technical/Medical services that you cannot afford to avoid.",
            "quantity_purchased": 10,
            "unit_price": 10,
            "item_price": 100,
            "item_total_price": 108.5,
            "item_tax_rates": [
                "tax_4iCyEKhCFaNBGGahn3Rn4i",
                "tax_TNpDwGRpCu2QbU5MDWexRa"
            ],
            "item_tax_amt": 8.5
        }
    },
    {
        "model": "timelyapp.order",
        "pk": "ord_RSNXXupjwUAGhvF4emL7Qe",
        "fields": {
            "invoice": "inv_mz8QGQVdbZtkxPSHBxooyR",
            "discount_code": 1,
            "item_name": "A Different Widget",
            "item_description": "A widget for backward overflow jargon",
            "quantity_purchased": 4,
            "unit_price": 20,
            "item_price": 80,
            "item_total_price": 86.8,
            "item_tax_rates": [
                "tax_4iCyEKhCFaNBGGahn3Rn4i",
                "tax_TNpDwGRpCu2QbU5MDWexRa"
            ],
            "item_tax_amt": 6.8
        }
    },
    {
        "model": "timelyapp.order",
        "pk": "ord_6mqNoWGRNfA2N2ikUrxq5r",
        "fields": {
            "invoice": "inv_mz8QGQVdbZtkxPSHBxooyR",
            "discount_code": 1,
            "item_name": "A Different Widget",
            "item_description": "A widget for backward overflow jargon",
            "quantity_purchased": 2,
            "unit_price": 20,
            "item_price": 40,
            "item_total_price": 43.4,
            "item_tax_rates": [
                "tax_4iCyEKhCFaNBGGahn3Rn4i",
                "tax_TNpDwGRpCu2QbU5MDWexRa"
            ],
            "item_tax_amt": 3.4
        }
    },
    {
        "model": "timelyapp.order",
        "pk": "ord_SiEtCSfTMVp6m6uegCYafe",
        "fields": {
            "invoice": "inv_mz8QGQVdbZtkxPSHBxooyR",
            "discount_code": 1,
            "item_name": "Professional Services",
            "item_description": "Overpriced Legal/Technical/Medical services that you cannot afford to avoid.",
            "quantity_purchased": 1,
            "unit_price": 10,
            "item_price": 10,
            "item_total_price": 10.85,
            "item_tax_rates": [
                "tax_4iCyEKhCFaNBGGahn3Rn4i",
                "tax_TNpDwGRpCu2QbU5MDWexRa"
            ],
            "item_tax_amt": 0.85
        }
    },
    {
        "model": "timelyapp.order",
        "pk": "ord_HguEpggNUvaW2NJZfZKDCk",
        "fields": {
            "invoice": "inv_mz8QGQVdbZtkxPSHBxooyR",
            "discount_code": 1,
            "item_name": "Some Widget",
            "item_description": "A business widget for vertical synergy jargon",
            "quantity_purchased": 5,
            "unit_price": 10,
            "item_price": 50,
            "item_total_price": 54.25,
            "item_tax_rates": [
                "tax_4iCyEKhCFaNBGGahn3Rn4i",
                "tax_TNpDwGRpCu2QbU5MDWexRa"
            ],
            "item_tax_amt": 4.25
        }
    },
    {
        "model": "timelyapp.order",
        "pk": "ord_fwgneWjeCkgHCxyQ6hddFS",
        "fields": {
            "invoice": "inv_mz8QGQVdbZtkxPSHBxooyR",
            "discount_code": 1,
            "item_name": "A Different Widget",
            "item_description": "A widget for backward overflow jargon",
            "quantity_purchased": 10,
            "unit_price": 20,
            "item_price": 200,
            "item_total_price": 217.0,
            "item_tax_rates": [
                "tax_4iCyEKhCFaNBGGahn3Rn4i",
                "tax_TNpDwGRpCu2QbU5MDWexRa"
            ],
            "item_tax_amt": 17.0
        }
    },
    {
        "model": "timelyapp.invoice",
        "pk": "inv_mz8QGQVdbZtkxPSHBxooyR",
        "fields": {
            "invoice_name": "FS22000020",
            "date_sent": "2022-06-08",
            "date_due": "2022-09-06",
            "bill_from": "biz_D3FraiLKpJicT9CdJhwwYc",
            "bill_to": "biz_Cz9xETFw7mt6edtQdUYKhJ",
            "terms": "NET90",
            "invoice_price": 770.35,
            "invoice_tax_amt": 60.35,
            "invoice_total_price": 830.7,
            "currency": "USD",
            "is_flagged": true,
            "is_scheduled": false,
            "is_paid": false
        }
    }
]