[
    {
        "model": "timelyapp.business",
        "pk": "biz_4iCyEKhCFaNBGGahn3Rn4i",
        "fields": {
            "is_member": true,
            "is_individual": false,
            "managers": [
                "usr_ggAYZRZkbM2aqw4zR6k5wT"
            ],
            "owner": "usr_ggAYZRZkbM2aqw4zR6k5wT",
            "business_name": "Business A",
            "billing_address": 1,
            "shipping_address": null,
            "date_joined": "2021-03-01",
            "business_email": "nick.fournier@berkeley.edu",
            "business_phone": "555-555-5555",
            "business_fax": null,
            "stripe_act_id": "acct_1JDpru2Ex7Z79PyO",
            "stripe_cus_id": "cus_JvPwFpPMrKdrNU"
        }
    },
    {
        "model": "timelyapp.business",
        "pk": "biz_XhLAvUW63VuD4vfuCtEZKw",
        "fields": {
            "is_member": true,
            "is_individual": false,
            "managers": [
                "usr_C82raN5JFCoWVQGAeDLRxa"
            ],
            "owner": "usr_C82raN5JFCoWVQGAeDLRxa",
            "business_name": "Business B",
            "billing_address": 2,
            "shipping_address": null,
            "date_joined": "2021-03-01",
            "business_email": "omar.mohamed@berkeley.edu",
            "business_phone": "555-555-5555",
            "business_fax": null,
            "stripe_act_id": "acct_1JDcak2HzyuoAy7h",
            "stripe_cus_id": "cus_JvQ1UCAmTJt5nR"
        }
    },
    {
        "model": "timelyapp.business",
        "pk": "biz_Cz9xETFw7mt6edtQdUYKhJ",
        "fields": {
            "is_member": true,
            "is_individual": false,
            "managers": [
                "usr_hsgrVXy6qPYKLeq9Y7GaK2"
            ],
            "owner": "usr_hsgrVXy6qPYKLeq9Y7GaK2",
            "business_name": "Third Business",
            "billing_address": 3,
            "shipping_address": null,
            "date_joined": "2021-03-01",
            "business_email": "businessemail@three.com",
            "business_phone": "555-555-5555",
            "business_fax": null
        }
    },
    {
        "model": "timelyapp.business",
        "pk": "biz_D3FraiLKpJicT9CdJhwwYc",
        "fields": {
            "is_member": true,
            "is_individual": false,
            "managers": [
                "usr_BfTQQwPGfk9ubvskvx4uzB"
            ],
            "owner": "usr_BfTQQwPGfk9ubvskvx4uzB",
            "business_name": "Fourth Store",
            "billing_address": 4,
            "shipping_address": null,
            "date_joined": "2021-03-01",
            "business_email": "businessemail@FOUR.com",
            "business_phone": "555-555-5555",
            "business_fax": null
        }
    },
    {
        "model": "timelyapp.address",
        "pk": 1,
        "fields": {
            "address_1": "1880 Page St",
            "address_2": null,
            "city": "San Francisco",
            "state": "CA",
            "zip_code": "94117",
            "country": "USA"
        }
    },
    {
        "model": "timelyapp.address",
        "pk": 2,
        "fields": {
            "address_1": "1 Somewhere Ave",
            "address_2": null,
            "city": "Northcote",
            "state": "VIC",
            "zip_code": "3070",
            "country": "AU"
        }
    },
    {
        "model": "timelyapp.address",
        "pk": 3,
        "fields": {
            "address_1": "1 Powlett S",
            "address_2": null,
            "city": "East Melbourne",
            "state": "VIC",
            "zip_code": "3002",
            "country": "AU"
        }
    },
    {
        "model": "timelyapp.address",
        "pk": 4,
        "fields": {
            "address_1": "1 Commonwealth Ave",
            "address_2": null,
            "city": "Boston",
            "state": "MA",
            "zip_code": "02116",
            "country": "USA"
        }
    },
    {
        "model": "timelyapp.discount",
        "pk": 1,
        "fields": {
            "discount_code": "NONE",
            "description": "No discount",
            "discount_ratio": 1.0
        }
    },
    {
        "model": "timelyapp.payments",
        "pk": 1,
        "fields": {
            "type": "ACH"
        }
    },
    {
        "model": "timelyapp.payments",
        "pk": 2,
        "fields": {
            "type": "CREDIT"
        }
    },
    {
        "model": "timelyapp.payments",
        "pk": 3,
        "fields": {
            "type": "CHECK"
        }
    },
    {
        "model": "timelyapp.inventory",
        "pk": "itm_SZFxbfXaTJBWwjWExtnVfu",
        "fields": {
            "business": "biz_4iCyEKhCFaNBGGahn3Rn4i",
            "last_updated": "2021-03-03",
            "item_name": "Some Widget",
            "description": "A business widget for vertical synergy jargon",
            "quantity_in_stock": 1000,
            "item_unit": "pc",
            "item_price": 10,
            "currency": "USD"
        }
    },
    {
        "model": "timelyapp.inventory",
        "pk": "itm_VaDg3wAD9GaCWQQm3QyVNF",
        "fields": {
            "business": "biz_4iCyEKhCFaNBGGahn3Rn4i",
            "last_updated": "2021-03-03",
            "item_name": "A Different Widget",
            "description": "A widget for backward overflow jargon",
            "quantity_in_stock": 1000,
            "item_unit": "pc",
            "item_price": 20,
            "currency": "USD"
        }
    },
    {
        "model": "timelyapp.inventory",
        "pk": "itm_apbLZLTJKfECq39JKDhNVz",
        "fields": {
            "business": "biz_XhLAvUW63VuD4vfuCtEZKw",
            "last_updated": "2021-03-13",
            "item_name": "Professional Services",
            "description": "Overpriced Legal/Technical/Medical services that you cannot afford to avoid.",
            "quantity_in_stock": 1000,
            "item_unit": "hrs",
            "item_price": 10,
            "currency": "USD"
        }
    },
    {
        "model": "timelyapp.inventory",
        "pk": "itm_kiTehBv64Fay8LwZ7dHVHk",
        "fields": {
            "business": "biz_XhLAvUW63VuD4vfuCtEZKw",
            "last_updated": "2021-03-13",
            "item_name": "Infeasibility Consulting Study",
            "description": "A big useless report on what you want to hear",
            "quantity_in_stock": 1000,
            "item_unit": "hrs",
            "item_price": 20,
            "currency": "USD"
        }
    },
    {
        "model": "timelyapp.order",
        "pk": "ord_2qHr6HMgNarXRzBqrgFWyW",
        "fields": {
            "invoice": "inv_HkeuxfmJfLQ2krrgA4me7u",
            "discount_code": 1,
            "item_name": "Some Widget",
            "item_description": null,
            "quantity_purchased": 4,
            "item_price": 10,
            "item_total_price": 40
        }
    },
    {
        "model": "timelyapp.invoice",
        "pk": "inv_HkeuxfmJfLQ2krrgA4me7u",
        "fields": {
            "invoice_name": "BA21000001",
            "date_sent": "2021-03-30",
            "date_due": "2021-04-30",
            "bill_from": "biz_4iCyEKhCFaNBGGahn3Rn4i",
            "bill_to": "biz_XhLAvUW63VuD4vfuCtEZKw",
            "terms": "NET30",
            "invoice_total_price": 100,
            "currency": "USD",
            "is_flagged": false,
            "is_scheduled": false,
            "is_paid": false
        }
    },
    {
        "model": "timelyapp.customuser",
        "pk": "usr_ggAYZRZkbM2aqw4zR6k5wT",
        "fields": {
            "password": "pbkdf2_sha256$260000$IUq4JkpiyMAjtPI85AMuog$hr++YQCxhTKDW/LHfdSij1+qzgfyRexLouANDTa36VI=",
            "last_login": "2021-04-29T16:24:18.247Z",
            "is_superuser": false,
            "email": "nick@nick.com",
            "first_name": "Nick",
            "last_name": "Fournier",
            "role": "OWNER",
            "is_active": true,
            "date_joined": "2021-04-29T16:24:17.960Z",
            "groups": [],
            "user_permissions": []
        }
    },
    {
        "model": "account.emailaddress",
        "pk": 1,
        "fields": {
            "verified": true,
            "primary": true,
            "user_id": "usr_ggAYZRZkbM2aqw4zR6k5wT",
            "email": "nick@nick.com"
        }
    },
    {
        "model": "timelyapp.customuser",
        "pk": "usr_C82raN5JFCoWVQGAeDLRxa",
        "fields": {
            "password": "pbkdf2_sha256$260000$vZXc8TF9Kx01u0lVbEhj63$5qvugVywe6WMc1jftHcOY/g1KIBkYARFpbq2ic0Mwas=",
            "last_login": "2021-04-29T16:24:51.077Z",
            "is_superuser": false,
            "email": "omar@omar.com",
            "first_name": "Omar",
            "last_name": "Mohamed",
            "role": "OWNER",
            "is_active": true,
            "date_joined": "2021-04-29T16:24:50.849Z",
            "groups": [],
            "user_permissions": []
        }
    },
    {
        "model": "account.emailaddress",
        "pk": 2,
        "fields": {
            "verified": true,
            "primary": true,
            "user_id": "usr_C82raN5JFCoWVQGAeDLRxa",
            "email": "omar@omar.com"
        }
    },
    {
        "model": "timelyapp.customuser",
        "pk": "usr_hsgrVXy6qPYKLeq9Y7GaK2",
        "fields": {
            "password": "pbkdf2_sha256$260000$vZXc8TF9Kx01u0lVbEhj63$5qvugVywe6WMc1jftHcOY/g1KIBkYARFpbq2ic0Mwas=",
            "last_login": "2021-04-29T16:24:51.077Z",
            "is_superuser": false,
            "email": "adel@adel.com",
            "first_name": "Adel",
            "last_name": "Kafouri",
            "role": "OWNER",
            "is_active": true,
            "date_joined": "2021-04-29T16:24:50.849Z",
            "groups": [],
            "user_permissions": []
        }
    },
    {
        "model": "account.emailaddress",
        "pk": 3,
        "fields": {
            "verified": true,
            "primary": true,
            "user_id": "usr_hsgrVXy6qPYKLeq9Y7GaK2",
            "email": "adel@adel.com"
        }
    },
    {
        "model": "timelyapp.customuser",
        "pk": "usr_BfTQQwPGfk9ubvskvx4uzB",
        "fields": {
            "password": "pbkdf2_sha256$260000$vZXc8TF9Kx01u0lVbEhj63$5qvugVywe6WMc1jftHcOY/g1KIBkYARFpbq2ic0Mwas=",
            "last_login": "2021-04-29T16:24:51.077Z",
            "is_superuser": false,
            "email": "test@test.com",
            "first_name": "Test",
            "last_name": "Test",
            "role": "OWNER",
            "is_active": true,
            "date_joined": "2021-04-29T16:24:50.849Z",
            "groups": [],
            "user_permissions": []
        }
    },
    {
        "model": "account.emailaddress",
        "pk": 4,
        "fields": {
            "verified": true,
            "primary": true,
            "user_id": "usr_BfTQQwPGfk9ubvskvx4uzB",
            "email": "test@test.com"
        }
    },
    {
        "model": "timelyapp.order",
        "pk": "ord_CD7PgnfhtPR4ycxm7bJ3X8",
        "fields": {
            "invoice": "inv_cAofrEYwzTiTcuQj2YC8mt",
            "discount_code": 1,
            "item_name": "A Different Widget",
            "item_description": "A widget for backward overflow jargon",
            "quantity_purchased": 2,
            "item_price": 20,
            "item_total_price": 40
        }
    },
    {
        "model": "timelyapp.order",
        "pk": "ord_menThWiiaCiZmV3ZLEw5SG",
        "fields": {
            "invoice": "inv_cAofrEYwzTiTcuQj2YC8mt",
            "discount_code": 1,
            "item_name": "Professional Services",
            "item_description": "Overpriced Legal/Technical/Medical services that you cannot afford to avoid.",
            "quantity_purchased": 2,
            "item_price": 10,
            "item_total_price": 20
        }
    },
    {
        "model": "timelyapp.order",
        "pk": "ord_TX8xuB9EhyfZVg8yQKHhFR",
        "fields": {
            "invoice": "inv_cAofrEYwzTiTcuQj2YC8mt",
            "discount_code": 1,
            "item_name": "A Different Widget",
            "item_description": "A widget for backward overflow jargon",
            "quantity_purchased": 4,
            "item_price": 20,
            "item_total_price": 80
        }
    },
    {
        "model": "timelyapp.order",
        "pk": "ord_FGfwucrPcuvti4zyiSvAsD",
        "fields": {
            "invoice": "inv_cAofrEYwzTiTcuQj2YC8mt",
            "discount_code": 1,
            "item_name": "Infeasibility Consulting Study",
            "item_description": "A big useless report on what you want to hear",
            "quantity_purchased": 7,
            "item_price": 20,
            "item_total_price": 140
        }
    },
    {
        "model": "timelyapp.order",
        "pk": "ord_4syzQMWjw9gFuZR8q2x4uH",
        "fields": {
            "invoice": "inv_cAofrEYwzTiTcuQj2YC8mt",
            "discount_code": 1,
            "item_name": "Some Widget",
            "item_description": "A business widget for vertical synergy jargon",
            "quantity_purchased": 7,
            "item_price": 10,
            "item_total_price": 70
        }
    },
    {
        "model": "timelyapp.order",
        "pk": "ord_9TCTEPBLce4ht7LZhTXeYV",
        "fields": {
            "invoice": "inv_cAofrEYwzTiTcuQj2YC8mt",
            "discount_code": 1,
            "item_name": "A Different Widget",
            "item_description": "A widget for backward overflow jargon",
            "quantity_purchased": 2,
            "item_price": 20,
            "item_total_price": 40
        }
    },
    {
        "model": "timelyapp.order",
        "pk": "ord_Z8HgNbDDwmHefwRXVQU2aM",
        "fields": {
            "invoice": "inv_cAofrEYwzTiTcuQj2YC8mt",
            "discount_code": 1,
            "item_name": "Infeasibility Consulting Study",
            "item_description": "A big useless report on what you want to hear",
            "quantity_purchased": 3,
            "item_price": 20,
            "item_total_price": 60
        }
    },
    {
        "model": "timelyapp.invoice",
        "pk": "inv_cAofrEYwzTiTcuQj2YC8mt",
        "fields": {
            "invoice_name": "TB21000001",
            "date_sent": "2021-10-24",
            "date_due": "2021-10-24",
            "bill_from": "biz_Cz9xETFw7mt6edtQdUYKhJ",
            "bill_to": "biz_XhLAvUW63VuD4vfuCtEZKw",
            "terms": "CIA",
            "invoice_total_price": 450,
            "currency": "USD",
            "is_flagged": false,
            "is_scheduled": true,
            "is_paid": false
        }
    },
    {
        "model": "timelyapp.order",
        "pk": "ord_d7gJ4dmhYtcRhxXw9T93tx",
        "fields": {
            "invoice": "inv_JjWXRSURVb8BSU99hTSxJN",
            "discount_code": 1,
            "item_name": "Infeasibility Consulting Study",
            "item_description": "A big useless report on what you want to hear",
            "quantity_purchased": 9,
            "item_price": 20,
            "item_total_price": 180
        }
    },
    {
        "model": "timelyapp.order",
        "pk": "ord_MuKQioVpoviXsizPhrekVv",
        "fields": {
            "invoice": "inv_JjWXRSURVb8BSU99hTSxJN",
            "discount_code": 1,
            "item_name": "A Different Widget",
            "item_description": "A widget for backward overflow jargon",
            "quantity_purchased": 2,
            "item_price": 20,
            "item_total_price": 40
        }
    },
    {
        "model": "timelyapp.invoice",
        "pk": "inv_JjWXRSURVb8BSU99hTSxJN",
        "fields": {
            "invoice_name": "TB21000002",
            "date_sent": "2021-10-14",
            "date_due": "2022-01-12",
            "bill_from": "biz_Cz9xETFw7mt6edtQdUYKhJ",
            "bill_to": "biz_D3FraiLKpJicT9CdJhwwYc",
            "terms": "NET90",
            "invoice_total_price": 220,
            "currency": "USD",
            "is_flagged": true,
            "is_scheduled": false,
            "is_paid": false
        }
    },
    {
        "model": "timelyapp.order",
        "pk": "ord_7CjCQx9tvk5zovawGmAPEh",
        "fields": {
            "invoice": "inv_JXvsSu8pPy7gRws8JQDcxB",
            "discount_code": 1,
            "item_name": "Infeasibility Consulting Study",
            "item_description": "A big useless report on what you want to hear",
            "quantity_purchased": 1,
            "item_price": 20,
            "item_total_price": 20
        }
    },
    {
        "model": "timelyapp.order",
        "pk": "ord_72pYErGdQpGtKcrGzv3uy4",
        "fields": {
            "invoice": "inv_JXvsSu8pPy7gRws8JQDcxB",
            "discount_code": 1,
            "item_name": "A Different Widget",
            "item_description": "A widget for backward overflow jargon",
            "quantity_purchased": 6,
            "item_price": 20,
            "item_total_price": 120
        }
    },
    {
        "model": "timelyapp.order",
        "pk": "ord_kkSZD3cJHqmRY4hSDeVfkM",
        "fields": {
            "invoice": "inv_JXvsSu8pPy7gRws8JQDcxB",
            "discount_code": 1,
            "item_name": "A Different Widget",
            "item_description": "A widget for backward overflow jargon",
            "quantity_purchased": 1,
            "item_price": 20,
            "item_total_price": 20
        }
    },
    {
        "model": "timelyapp.order",
        "pk": "ord_oFqHm4eeZsQRB5frur9npY",
        "fields": {
            "invoice": "inv_JXvsSu8pPy7gRws8JQDcxB",
            "discount_code": 1,
            "item_name": "A Different Widget",
            "item_description": "A widget for backward overflow jargon",
            "quantity_purchased": 10,
            "item_price": 20,
            "item_total_price": 200
        }
    },
    {
        "model": "timelyapp.order",
        "pk": "ord_R5b3cY365opq4VDtYz5nYp",
        "fields": {
            "invoice": "inv_JXvsSu8pPy7gRws8JQDcxB",
            "discount_code": 1,
            "item_name": "Some Widget",
            "item_description": "A business widget for vertical synergy jargon",
            "quantity_purchased": 3,
            "item_price": 10,
            "item_total_price": 30
        }
    },
    {
        "model": "timelyapp.order",
        "pk": "ord_TpkikYctKubJV7yyxQqBLa",
        "fields": {
            "invoice": "inv_JXvsSu8pPy7gRws8JQDcxB",
            "discount_code": 1,
            "item_name": "A Different Widget",
            "item_description": "A widget for backward overflow jargon",
            "quantity_purchased": 9,
            "item_price": 20,
            "item_total_price": 180
        }
    },
    {
        "model": "timelyapp.order",
        "pk": "ord_hxSngEB6uqmpVpCuQP2wyt",
        "fields": {
            "invoice": "inv_JXvsSu8pPy7gRws8JQDcxB",
            "discount_code": 1,
            "item_name": "Professional Services",
            "item_description": "Overpriced Legal/Technical/Medical services that you cannot afford to avoid.",
            "quantity_purchased": 1,
            "item_price": 10,
            "item_total_price": 10
        }
    },
    {
        "model": "timelyapp.order",
        "pk": "ord_HfzDtrL3EuVKpv6eurX8u6",
        "fields": {
            "invoice": "inv_JXvsSu8pPy7gRws8JQDcxB",
            "discount_code": 1,
            "item_name": "Professional Services",
            "item_description": "Overpriced Legal/Technical/Medical services that you cannot afford to avoid.",
            "quantity_purchased": 9,
            "item_price": 10,
            "item_total_price": 90
        }
    },
    {
        "model": "timelyapp.order",
        "pk": "ord_Ur8XEfG9xdXcb3ofmp6stQ",
        "fields": {
            "invoice": "inv_JXvsSu8pPy7gRws8JQDcxB",
            "discount_code": 1,
            "item_name": "Infeasibility Consulting Study",
            "item_description": "A big useless report on what you want to hear",
            "quantity_purchased": 7,
            "item_price": 20,
            "item_total_price": 140
        }
    },
    {
        "model": "timelyapp.invoice",
        "pk": "inv_JXvsSu8pPy7gRws8JQDcxB",
        "fields": {
            "invoice_name": "FS21000003",
            "date_sent": "2022-02-05",
            "date_due": "2022-03-07",
            "bill_from": "biz_D3FraiLKpJicT9CdJhwwYc",
            "bill_to": "biz_Cz9xETFw7mt6edtQdUYKhJ",
            "terms": "NET30",
            "invoice_total_price": 810,
            "currency": "USD",
            "is_flagged": false,
            "is_scheduled": false,
            "is_paid": false
        }
    },
    {
        "model": "timelyapp.order",
        "pk": "ord_Hn3xZGQafpUACYczx35vPa",
        "fields": {
            "invoice": "inv_TPvVnrTeU2A7FkpZnnFHrC",
            "discount_code": 1,
            "item_name": "Infeasibility Consulting Study",
            "item_description": "A big useless report on what you want to hear",
            "quantity_purchased": 8,
            "item_price": 20,
            "item_total_price": 160
        }
    },
    {
        "model": "timelyapp.order",
        "pk": "ord_c4bcRwYzv6T2iTFgDhtXJW",
        "fields": {
            "invoice": "inv_TPvVnrTeU2A7FkpZnnFHrC",
            "discount_code": 1,
            "item_name": "Infeasibility Consulting Study",
            "item_description": "A big useless report on what you want to hear",
            "quantity_purchased": 6,
            "item_price": 20,
            "item_total_price": 120
        }
    },
    {
        "model": "timelyapp.order",
        "pk": "ord_hUKnFkkfVG3e3gGJovP3ZC",
        "fields": {
            "invoice": "inv_TPvVnrTeU2A7FkpZnnFHrC",
            "discount_code": 1,
            "item_name": "A Different Widget",
            "item_description": "A widget for backward overflow jargon",
            "quantity_purchased": 6,
            "item_price": 20,
            "item_total_price": 120
        }
    },
    {
        "model": "timelyapp.order",
        "pk": "ord_TFDDcnjd8tbCN8SNvbQEX8",
        "fields": {
            "invoice": "inv_TPvVnrTeU2A7FkpZnnFHrC",
            "discount_code": 1,
            "item_name": "Infeasibility Consulting Study",
            "item_description": "A big useless report on what you want to hear",
            "quantity_purchased": 3,
            "item_price": 20,
            "item_total_price": 60
        }
    },
    {
        "model": "timelyapp.order",
        "pk": "ord_2TGXoFFcXBTJPNpSHLoXgy",
        "fields": {
            "invoice": "inv_TPvVnrTeU2A7FkpZnnFHrC",
            "discount_code": 1,
            "item_name": "Some Widget",
            "item_description": "A business widget for vertical synergy jargon",
            "quantity_purchased": 3,
            "item_price": 10,
            "item_total_price": 30
        }
    },
    {
        "model": "timelyapp.order",
        "pk": "ord_YpzF4QWo9MLjrMGEsSaRUb",
        "fields": {
            "invoice": "inv_TPvVnrTeU2A7FkpZnnFHrC",
            "discount_code": 1,
            "item_name": "Professional Services",
            "item_description": "Overpriced Legal/Technical/Medical services that you cannot afford to avoid.",
            "quantity_purchased": 3,
            "item_price": 10,
            "item_total_price": 30
        }
    },
    {
        "model": "timelyapp.order",
        "pk": "ord_N3ad2FVDHkofMp2U37tdZZ",
        "fields": {
            "invoice": "inv_TPvVnrTeU2A7FkpZnnFHrC",
            "discount_code": 1,
            "item_name": "A Different Widget",
            "item_description": "A widget for backward overflow jargon",
            "quantity_purchased": 8,
            "item_price": 20,
            "item_total_price": 160
        }
    },
    {
        "model": "timelyapp.invoice",
        "pk": "inv_TPvVnrTeU2A7FkpZnnFHrC",
        "fields": {
            "invoice_name": "FS21000004",
            "date_sent": "2021-12-24",
            "date_due": "2022-02-22",
            "bill_from": "biz_D3FraiLKpJicT9CdJhwwYc",
            "bill_to": "biz_4iCyEKhCFaNBGGahn3Rn4i",
            "terms": "NET60",
            "invoice_total_price": 680,
            "currency": "USD",
            "is_flagged": true,
            "is_scheduled": true,
            "is_paid": false
        }
    },
    {
        "model": "timelyapp.order",
        "pk": "ord_byXNQxKVQz7bs3dZ8MXp6n",
        "fields": {
            "invoice": "inv_kXBS8RSqcWVFeSCKFd68DF",
            "discount_code": 1,
            "item_name": "Some Widget",
            "item_description": "A business widget for vertical synergy jargon",
            "quantity_purchased": 9,
            "item_price": 10,
            "item_total_price": 90
        }
    },
    {
        "model": "timelyapp.order",
        "pk": "ord_Zk4xEoWJhJmLLkrLBYL4KM",
        "fields": {
            "invoice": "inv_kXBS8RSqcWVFeSCKFd68DF",
            "discount_code": 1,
            "item_name": "Professional Services",
            "item_description": "Overpriced Legal/Technical/Medical services that you cannot afford to avoid.",
            "quantity_purchased": 7,
            "item_price": 10,
            "item_total_price": 70
        }
    },
    {
        "model": "timelyapp.order",
        "pk": "ord_7GGQZdA4Kq4a775jESfik9",
        "fields": {
            "invoice": "inv_kXBS8RSqcWVFeSCKFd68DF",
            "discount_code": 1,
            "item_name": "Some Widget",
            "item_description": "A business widget for vertical synergy jargon",
            "quantity_purchased": 4,
            "item_price": 10,
            "item_total_price": 40
        }
    },
    {
        "model": "timelyapp.order",
        "pk": "ord_FFYjcM9dKBHuHdgAZzua3g",
        "fields": {
            "invoice": "inv_kXBS8RSqcWVFeSCKFd68DF",
            "discount_code": 1,
            "item_name": "Infeasibility Consulting Study",
            "item_description": "A big useless report on what you want to hear",
            "quantity_purchased": 3,
            "item_price": 20,
            "item_total_price": 60
        }
    },
    {
        "model": "timelyapp.order",
        "pk": "ord_fF4LvDV44jniVGmqRKNjtK",
        "fields": {
            "invoice": "inv_kXBS8RSqcWVFeSCKFd68DF",
            "discount_code": 1,
            "item_name": "A Different Widget",
            "item_description": "A widget for backward overflow jargon",
            "quantity_purchased": 9,
            "item_price": 20,
            "item_total_price": 180
        }
    },
    {
        "model": "timelyapp.order",
        "pk": "ord_Exieks44cTvFpgvfd6WQJM",
        "fields": {
            "invoice": "inv_kXBS8RSqcWVFeSCKFd68DF",
            "discount_code": 1,
            "item_name": "A Different Widget",
            "item_description": "A widget for backward overflow jargon",
            "quantity_purchased": 2,
            "item_price": 20,
            "item_total_price": 40
        }
    },
    {
        "model": "timelyapp.order",
        "pk": "ord_RT9jzHQoXWDYe47QWTp44k",
        "fields": {
            "invoice": "inv_kXBS8RSqcWVFeSCKFd68DF",
            "discount_code": 1,
            "item_name": "A Different Widget",
            "item_description": "A widget for backward overflow jargon",
            "quantity_purchased": 8,
            "item_price": 20,
            "item_total_price": 160
        }
    },
    {
        "model": "timelyapp.invoice",
        "pk": "inv_kXBS8RSqcWVFeSCKFd68DF",
        "fields": {
            "invoice_name": "BB21000005",
            "date_sent": "2021-09-22",
            "date_due": "2021-11-21",
            "bill_from": "biz_XhLAvUW63VuD4vfuCtEZKw",
            "bill_to": "biz_Cz9xETFw7mt6edtQdUYKhJ",
            "terms": "NET60",
            "invoice_total_price": 640,
            "currency": "USD",
            "is_flagged": false,
            "is_scheduled": true,
            "is_paid": false
        }
    },
    {
        "model": "timelyapp.order",
        "pk": "ord_Ac89bcr8zB9UPpPSQzSWBC",
        "fields": {
            "invoice": "inv_DkETDTfyNY5M8GKimvY2g3",
            "discount_code": 1,
            "item_name": "Infeasibility Consulting Study",
            "item_description": "A big useless report on what you want to hear",
            "quantity_purchased": 1,
            "item_price": 20,
            "item_total_price": 20
        }
    },
    {
        "model": "timelyapp.order",
        "pk": "ord_maMQrAhr88PsxCnAnhxKRX",
        "fields": {
            "invoice": "inv_DkETDTfyNY5M8GKimvY2g3",
            "discount_code": 1,
            "item_name": "Some Widget",
            "item_description": "A business widget for vertical synergy jargon",
            "quantity_purchased": 10,
            "item_price": 10,
            "item_total_price": 100
        }
    },
    {
        "model": "timelyapp.order",
        "pk": "ord_AMJLUEtSeS7bSXFH8FDacH",
        "fields": {
            "invoice": "inv_DkETDTfyNY5M8GKimvY2g3",
            "discount_code": 1,
            "item_name": "Infeasibility Consulting Study",
            "item_description": "A big useless report on what you want to hear",
            "quantity_purchased": 1,
            "item_price": 20,
            "item_total_price": 20
        }
    },
    {
        "model": "timelyapp.order",
        "pk": "ord_Twhw4h82hbKMdCz5xv5Q7A",
        "fields": {
            "invoice": "inv_DkETDTfyNY5M8GKimvY2g3",
            "discount_code": 1,
            "item_name": "Some Widget",
            "item_description": "A business widget for vertical synergy jargon",
            "quantity_purchased": 5,
            "item_price": 10,
            "item_total_price": 50
        }
    },
    {
        "model": "timelyapp.order",
        "pk": "ord_XYSGg682ggBWRAu63BSXEy",
        "fields": {
            "invoice": "inv_DkETDTfyNY5M8GKimvY2g3",
            "discount_code": 1,
            "item_name": "Professional Services",
            "item_description": "Overpriced Legal/Technical/Medical services that you cannot afford to avoid.",
            "quantity_purchased": 6,
            "item_price": 10,
            "item_total_price": 60
        }
    },
    {
        "model": "timelyapp.order",
        "pk": "ord_2qfeHL67VjFPV8c4Y3dioc",
        "fields": {
            "invoice": "inv_DkETDTfyNY5M8GKimvY2g3",
            "discount_code": 1,
            "item_name": "Some Widget",
            "item_description": "A business widget for vertical synergy jargon",
            "quantity_purchased": 2,
            "item_price": 10,
            "item_total_price": 20
        }
    },
    {
        "model": "timelyapp.order",
        "pk": "ord_HUDjcFkSteZRvvGSdnQxGG",
        "fields": {
            "invoice": "inv_DkETDTfyNY5M8GKimvY2g3",
            "discount_code": 1,
            "item_name": "Professional Services",
            "item_description": "Overpriced Legal/Technical/Medical services that you cannot afford to avoid.",
            "quantity_purchased": 3,
            "item_price": 10,
            "item_total_price": 30
        }
    },
    {
        "model": "timelyapp.order",
        "pk": "ord_DBYKpMkp8hTxsumF4h7FuC",
        "fields": {
            "invoice": "inv_DkETDTfyNY5M8GKimvY2g3",
            "discount_code": 1,
            "item_name": "Professional Services",
            "item_description": "Overpriced Legal/Technical/Medical services that you cannot afford to avoid.",
            "quantity_purchased": 7,
            "item_price": 10,
            "item_total_price": 70
        }
    },
    {
        "model": "timelyapp.order",
        "pk": "ord_9up3cce2DwuafTAdD4BRtF",
        "fields": {
            "invoice": "inv_DkETDTfyNY5M8GKimvY2g3",
            "discount_code": 1,
            "item_name": "Some Widget",
            "item_description": "A business widget for vertical synergy jargon",
            "quantity_purchased": 8,
            "item_price": 10,
            "item_total_price": 80
        }
    },
    {
        "model": "timelyapp.order",
        "pk": "ord_ZiWGWs5GVUQijr26Pzs3HL",
        "fields": {
            "invoice": "inv_DkETDTfyNY5M8GKimvY2g3",
            "discount_code": 1,
            "item_name": "A Different Widget",
            "item_description": "A widget for backward overflow jargon",
            "quantity_purchased": 8,
            "item_price": 20,
            "item_total_price": 160
        }
    },
    {
        "model": "timelyapp.invoice",
        "pk": "inv_DkETDTfyNY5M8GKimvY2g3",
        "fields": {
            "invoice_name": "BA21000006",
            "date_sent": "2021-09-04",
            "date_due": "2021-09-04",
            "bill_from": "biz_4iCyEKhCFaNBGGahn3Rn4i",
            "bill_to": "biz_D3FraiLKpJicT9CdJhwwYc",
            "terms": "CIA",
            "invoice_total_price": 610,
            "currency": "USD",
            "is_flagged": true,
            "is_scheduled": false,
            "is_paid": false
        }
    },
    {
        "model": "timelyapp.order",
        "pk": "ord_oU4sNkKZWKD9pLi2jy6gBU",
        "fields": {
            "invoice": "inv_J7hnK4gw7dEDA3hWvsXy5D",
            "discount_code": 1,
            "item_name": "Infeasibility Consulting Study",
            "item_description": "A big useless report on what you want to hear",
            "quantity_purchased": 2,
            "item_price": 20,
            "item_total_price": 40
        }
    },
    {
        "model": "timelyapp.order",
        "pk": "ord_CrPCtCm3aX9VTL8oVt2mXc",
        "fields": {
            "invoice": "inv_J7hnK4gw7dEDA3hWvsXy5D",
            "discount_code": 1,
            "item_name": "Infeasibility Consulting Study",
            "item_description": "A big useless report on what you want to hear",
            "quantity_purchased": 8,
            "item_price": 20,
            "item_total_price": 160
        }
    },
    {
        "model": "timelyapp.order",
        "pk": "ord_BfipPimEwULSRkyN8mYBVK",
        "fields": {
            "invoice": "inv_J7hnK4gw7dEDA3hWvsXy5D",
            "discount_code": 1,
            "item_name": "Professional Services",
            "item_description": "Overpriced Legal/Technical/Medical services that you cannot afford to avoid.",
            "quantity_purchased": 8,
            "item_price": 10,
            "item_total_price": 80
        }
    },
    {
        "model": "timelyapp.order",
        "pk": "ord_oUMCjFXhq2PVL333NyJSuZ",
        "fields": {
            "invoice": "inv_J7hnK4gw7dEDA3hWvsXy5D",
            "discount_code": 1,
            "item_name": "A Different Widget",
            "item_description": "A widget for backward overflow jargon",
            "quantity_purchased": 9,
            "item_price": 20,
            "item_total_price": 180
        }
    },
    {
        "model": "timelyapp.order",
        "pk": "ord_XZV7dv5rMiJPiAv34C3NJp",
        "fields": {
            "invoice": "inv_J7hnK4gw7dEDA3hWvsXy5D",
            "discount_code": 1,
            "item_name": "Professional Services",
            "item_description": "Overpriced Legal/Technical/Medical services that you cannot afford to avoid.",
            "quantity_purchased": 2,
            "item_price": 10,
            "item_total_price": 20
        }
    },
    {
        "model": "timelyapp.invoice",
        "pk": "inv_J7hnK4gw7dEDA3hWvsXy5D",
        "fields": {
            "invoice_name": "BB21000007",
            "date_sent": "2022-02-11",
            "date_due": "2022-02-11",
            "bill_from": "biz_XhLAvUW63VuD4vfuCtEZKw",
            "bill_to": "biz_Cz9xETFw7mt6edtQdUYKhJ",
            "terms": "CIA",
            "invoice_total_price": 480,
            "currency": "USD",
            "is_flagged": false,
            "is_scheduled": false,
            "is_paid": false
        }
    },
    {
        "model": "timelyapp.order",
        "pk": "ord_nP7W7iXapX3r6iKP4MYgbp",
        "fields": {
            "invoice": "inv_Unis5vDRGqyEjJdZGLXUyR",
            "discount_code": 1,
            "item_name": "A Different Widget",
            "item_description": "A widget for backward overflow jargon",
            "quantity_purchased": 7,
            "item_price": 20,
            "item_total_price": 140
        }
    },
    {
        "model": "timelyapp.order",
        "pk": "ord_RQGAVVeWZ6AqFLiYkWFALy",
        "fields": {
            "invoice": "inv_Unis5vDRGqyEjJdZGLXUyR",
            "discount_code": 1,
            "item_name": "A Different Widget",
            "item_description": "A widget for backward overflow jargon",
            "quantity_purchased": 3,
            "item_price": 20,
            "item_total_price": 60
        }
    },
    {
        "model": "timelyapp.order",
        "pk": "ord_aBuRSa8TTV32gtHMPhgqPx",
        "fields": {
            "invoice": "inv_Unis5vDRGqyEjJdZGLXUyR",
            "discount_code": 1,
            "item_name": "A Different Widget",
            "item_description": "A widget for backward overflow jargon",
            "quantity_purchased": 1,
            "item_price": 20,
            "item_total_price": 20
        }
    },
    {
        "model": "timelyapp.order",
        "pk": "ord_gipXTArSUTDDUsZVaYmusj",
        "fields": {
            "invoice": "inv_Unis5vDRGqyEjJdZGLXUyR",
            "discount_code": 1,
            "item_name": "A Different Widget",
            "item_description": "A widget for backward overflow jargon",
            "quantity_purchased": 1,
            "item_price": 20,
            "item_total_price": 20
        }
    },
    {
        "model": "timelyapp.order",
        "pk": "ord_KWvXFea3j9sxy3QVeUSbJM",
        "fields": {
            "invoice": "inv_Unis5vDRGqyEjJdZGLXUyR",
            "discount_code": 1,
            "item_name": "Professional Services",
            "item_description": "Overpriced Legal/Technical/Medical services that you cannot afford to avoid.",
            "quantity_purchased": 10,
            "item_price": 10,
            "item_total_price": 100
        }
    },
    {
        "model": "timelyapp.order",
        "pk": "ord_bVdE2FLVr3MgcNGKU2eutN",
        "fields": {
            "invoice": "inv_Unis5vDRGqyEjJdZGLXUyR",
            "discount_code": 1,
            "item_name": "Infeasibility Consulting Study",
            "item_description": "A big useless report on what you want to hear",
            "quantity_purchased": 7,
            "item_price": 20,
            "item_total_price": 140
        }
    },
    {
        "model": "timelyapp.order",
        "pk": "ord_PKocmG5WwQpeAGA7Yzakx9",
        "fields": {
            "invoice": "inv_Unis5vDRGqyEjJdZGLXUyR",
            "discount_code": 1,
            "item_name": "A Different Widget",
            "item_description": "A widget for backward overflow jargon",
            "quantity_purchased": 1,
            "item_price": 20,
            "item_total_price": 20
        }
    },
    {
        "model": "timelyapp.order",
        "pk": "ord_WFaRx2HFgn9XBracNpUsNv",
        "fields": {
            "invoice": "inv_Unis5vDRGqyEjJdZGLXUyR",
            "discount_code": 1,
            "item_name": "A Different Widget",
            "item_description": "A widget for backward overflow jargon",
            "quantity_purchased": 6,
            "item_price": 20,
            "item_total_price": 120
        }
    },
    {
        "model": "timelyapp.order",
        "pk": "ord_UuPphs7TVGgok8hLegthkr",
        "fields": {
            "invoice": "inv_Unis5vDRGqyEjJdZGLXUyR",
            "discount_code": 1,
            "item_name": "Infeasibility Consulting Study",
            "item_description": "A big useless report on what you want to hear",
            "quantity_purchased": 5,
            "item_price": 20,
            "item_total_price": 100
        }
    },
    {
        "model": "timelyapp.invoice",
        "pk": "inv_Unis5vDRGqyEjJdZGLXUyR",
        "fields": {
            "invoice_name": "FS21000008",
            "date_sent": "2021-12-06",
            "date_due": "2021-12-16",
            "bill_from": "biz_D3FraiLKpJicT9CdJhwwYc",
            "bill_to": "biz_XhLAvUW63VuD4vfuCtEZKw",
            "terms": "NET10",
            "invoice_total_price": 720,
            "currency": "USD",
            "is_flagged": true,
            "is_scheduled": false,
            "is_paid": false
        }
    },
    {
        "model": "timelyapp.order",
        "pk": "ord_YZM6MEZrvGFSLi7D5w8uPX",
        "fields": {
            "invoice": "inv_cZFihvSnDLFM7mdyQpjn5m",
            "discount_code": 1,
            "item_name": "Professional Services",
            "item_description": "Overpriced Legal/Technical/Medical services that you cannot afford to avoid.",
            "quantity_purchased": 3,
            "item_price": 10,
            "item_total_price": 30
        }
    },
    {
        "model": "timelyapp.order",
        "pk": "ord_FFUo5GwmQqvkN9EoAWfhgU",
        "fields": {
            "invoice": "inv_cZFihvSnDLFM7mdyQpjn5m",
            "discount_code": 1,
            "item_name": "Professional Services",
            "item_description": "Overpriced Legal/Technical/Medical services that you cannot afford to avoid.",
            "quantity_purchased": 8,
            "item_price": 10,
            "item_total_price": 80
        }
    },
    {
        "model": "timelyapp.invoice",
        "pk": "inv_cZFihvSnDLFM7mdyQpjn5m",
        "fields": {
            "invoice_name": "TB21000009",
            "date_sent": "2022-02-26",
            "date_due": "2022-02-26",
            "bill_from": "biz_Cz9xETFw7mt6edtQdUYKhJ",
            "bill_to": "biz_XhLAvUW63VuD4vfuCtEZKw",
            "terms": "CIA",
            "invoice_total_price": 110,
            "currency": "USD",
            "is_flagged": true,
            "is_scheduled": false,
            "is_paid": false
        }
    },
    {
        "model": "timelyapp.order",
        "pk": "ord_KsrUebEMJiBgpKMP6dHXmt",
        "fields": {
            "invoice": "inv_6ZmXnECbwafP5iaJjDit4Y",
            "discount_code": 1,
            "item_name": "A Different Widget",
            "item_description": "A widget for backward overflow jargon",
            "quantity_purchased": 4,
            "item_price": 20,
            "item_total_price": 80
        }
    },
    {
        "model": "timelyapp.order",
        "pk": "ord_nTE9xtkYkijecwyyrgrgVx",
        "fields": {
            "invoice": "inv_6ZmXnECbwafP5iaJjDit4Y",
            "discount_code": 1,
            "item_name": "A Different Widget",
            "item_description": "A widget for backward overflow jargon",
            "quantity_purchased": 5,
            "item_price": 20,
            "item_total_price": 100
        }
    },
    {
        "model": "timelyapp.order",
        "pk": "ord_RHR4xkxMNfJyWksBAsexrE",
        "fields": {
            "invoice": "inv_6ZmXnECbwafP5iaJjDit4Y",
            "discount_code": 1,
            "item_name": "Professional Services",
            "item_description": "Overpriced Legal/Technical/Medical services that you cannot afford to avoid.",
            "quantity_purchased": 8,
            "item_price": 10,
            "item_total_price": 80
        }
    },
    {
        "model": "timelyapp.order",
        "pk": "ord_ksH89VbMTUa8gVqwNtBnTt",
        "fields": {
            "invoice": "inv_6ZmXnECbwafP5iaJjDit4Y",
            "discount_code": 1,
            "item_name": "Some Widget",
            "item_description": "A business widget for vertical synergy jargon",
            "quantity_purchased": 4,
            "item_price": 10,
            "item_total_price": 40
        }
    },
    {
        "model": "timelyapp.invoice",
        "pk": "inv_6ZmXnECbwafP5iaJjDit4Y",
        "fields": {
            "invoice_name": "BA21000010",
            "date_sent": "2022-01-13",
            "date_due": "2022-05-13",
            "bill_from": "biz_4iCyEKhCFaNBGGahn3Rn4i",
            "bill_to": "biz_4iCyEKhCFaNBGGahn3Rn4i",
            "terms": "NET120",
            "invoice_total_price": 300,
            "currency": "USD",
            "is_flagged": true,
            "is_scheduled": true,
            "is_paid": false
        }
    },
    {
        "model": "timelyapp.order",
        "pk": "ord_fiAEp8kA3E6EVuEXJx5iQk",
        "fields": {
            "invoice": "inv_njgkmoon27FJN2ZKFz7TFP",
            "discount_code": 1,
            "item_name": "A Different Widget",
            "item_description": "A widget for backward overflow jargon",
            "quantity_purchased": 4,
            "item_price": 20,
            "item_total_price": 80
        }
    },
    {
        "model": "timelyapp.order",
        "pk": "ord_XGN52pqC2m5RezLYvUK4z7",
        "fields": {
            "invoice": "inv_njgkmoon27FJN2ZKFz7TFP",
            "discount_code": 1,
            "item_name": "Infeasibility Consulting Study",
            "item_description": "A big useless report on what you want to hear",
            "quantity_purchased": 3,
            "item_price": 20,
            "item_total_price": 60
        }
    },
    {
        "model": "timelyapp.invoice",
        "pk": "inv_njgkmoon27FJN2ZKFz7TFP",
        "fields": {
            "invoice_name": "FS21000011",
            "date_sent": "2021-10-14",
            "date_due": "2021-12-13",
            "bill_from": "biz_D3FraiLKpJicT9CdJhwwYc",
            "bill_to": "biz_Cz9xETFw7mt6edtQdUYKhJ",
            "terms": "NET60",
            "invoice_total_price": 140,
            "currency": "USD",
            "is_flagged": false,
            "is_scheduled": false,
            "is_paid": false
        }
    },
    {
        "model": "timelyapp.order",
        "pk": "ord_VWzAMkwPahcuPsH4RYDxGE",
        "fields": {
            "invoice": "inv_oFKAa8t8sEN6y2wCCzpyam",
            "discount_code": 1,
            "item_name": "Some Widget",
            "item_description": "A business widget for vertical synergy jargon",
            "quantity_purchased": 10,
            "item_price": 10,
            "item_total_price": 100
        }
    },
    {
        "model": "timelyapp.order",
        "pk": "ord_HCxDGBE8rwBpLUHVgzusdB",
        "fields": {
            "invoice": "inv_oFKAa8t8sEN6y2wCCzpyam",
            "discount_code": 1,
            "item_name": "Infeasibility Consulting Study",
            "item_description": "A big useless report on what you want to hear",
            "quantity_purchased": 8,
            "item_price": 20,
            "item_total_price": 160
        }
    },
    {
        "model": "timelyapp.order",
        "pk": "ord_3UZmUHxaDmdTFBHoGJsWbB",
        "fields": {
            "invoice": "inv_oFKAa8t8sEN6y2wCCzpyam",
            "discount_code": 1,
            "item_name": "Infeasibility Consulting Study",
            "item_description": "A big useless report on what you want to hear",
            "quantity_purchased": 8,
            "item_price": 20,
            "item_total_price": 160
        }
    },
    {
        "model": "timelyapp.order",
        "pk": "ord_PGHMg9w6XPmcvSdv2jheAm",
        "fields": {
            "invoice": "inv_oFKAa8t8sEN6y2wCCzpyam",
            "discount_code": 1,
            "item_name": "Professional Services",
            "item_description": "Overpriced Legal/Technical/Medical services that you cannot afford to avoid.",
            "quantity_purchased": 8,
            "item_price": 10,
            "item_total_price": 80
        }
    },
    {
        "model": "timelyapp.invoice",
        "pk": "inv_oFKAa8t8sEN6y2wCCzpyam",
        "fields": {
            "invoice_name": "FS21000012",
            "date_sent": "2022-02-04",
            "date_due": null,
            "bill_from": "biz_D3FraiLKpJicT9CdJhwwYc",
            "bill_to": "biz_Cz9xETFw7mt6edtQdUYKhJ",
            "terms": "COD",
            "invoice_total_price": 500,
            "currency": "USD",
            "is_flagged": false,
            "is_scheduled": false,
            "is_paid": false
        }
    },
    {
        "model": "timelyapp.order",
        "pk": "ord_eypkKZsUKhCi6ax2oupZkr",
        "fields": {
            "invoice": "inv_JDo3B5uG4Z3LrqoKRwy2sA",
            "discount_code": 1,
            "item_name": "Infeasibility Consulting Study",
            "item_description": "A big useless report on what you want to hear",
            "quantity_purchased": 2,
            "item_price": 20,
            "item_total_price": 40
        }
    },
    {
        "model": "timelyapp.order",
        "pk": "ord_XckZqYdfSquJvJisFq4bBr",
        "fields": {
            "invoice": "inv_JDo3B5uG4Z3LrqoKRwy2sA",
            "discount_code": 1,
            "item_name": "Some Widget",
            "item_description": "A business widget for vertical synergy jargon",
            "quantity_purchased": 9,
            "item_price": 10,
            "item_total_price": 90
        }
    },
    {
        "model": "timelyapp.order",
        "pk": "ord_RMedJht4DacZWtsV5fDtMJ",
        "fields": {
            "invoice": "inv_JDo3B5uG4Z3LrqoKRwy2sA",
            "discount_code": 1,
            "item_name": "A Different Widget",
            "item_description": "A widget for backward overflow jargon",
            "quantity_purchased": 10,
            "item_price": 20,
            "item_total_price": 200
        }
    },
    {
        "model": "timelyapp.order",
        "pk": "ord_HTBmqHFu25tnXgaT4vPn9m",
        "fields": {
            "invoice": "inv_JDo3B5uG4Z3LrqoKRwy2sA",
            "discount_code": 1,
            "item_name": "Professional Services",
            "item_description": "Overpriced Legal/Technical/Medical services that you cannot afford to avoid.",
            "quantity_purchased": 2,
            "item_price": 10,
            "item_total_price": 20
        }
    },
    {
        "model": "timelyapp.order",
        "pk": "ord_QccMP8QGN2YF848vLhyLnA",
        "fields": {
            "invoice": "inv_JDo3B5uG4Z3LrqoKRwy2sA",
            "discount_code": 1,
            "item_name": "A Different Widget",
            "item_description": "A widget for backward overflow jargon",
            "quantity_purchased": 2,
            "item_price": 20,
            "item_total_price": 40
        }
    },
    {
        "model": "timelyapp.order",
        "pk": "ord_JpjTSd4MzKMP94sTUYNP5N",
        "fields": {
            "invoice": "inv_JDo3B5uG4Z3LrqoKRwy2sA",
            "discount_code": 1,
            "item_name": "Infeasibility Consulting Study",
            "item_description": "A big useless report on what you want to hear",
            "quantity_purchased": 2,
            "item_price": 20,
            "item_total_price": 40
        }
    },
    {
        "model": "timelyapp.invoice",
        "pk": "inv_JDo3B5uG4Z3LrqoKRwy2sA",
        "fields": {
            "invoice_name": "TB21000013",
            "date_sent": "2021-09-04",
            "date_due": "2021-09-14",
            "bill_from": "biz_Cz9xETFw7mt6edtQdUYKhJ",
            "bill_to": "biz_D3FraiLKpJicT9CdJhwwYc",
            "terms": "NET10",
            "invoice_total_price": 430,
            "currency": "USD",
            "is_flagged": true,
            "is_scheduled": false,
            "is_paid": false
        }
    },
    {
        "model": "timelyapp.order",
        "pk": "ord_hqjtgv6WrfdCYsATchursH",
        "fields": {
            "invoice": "inv_YrCUC82VjvN5uRzj2yA3mU",
            "discount_code": 1,
            "item_name": "A Different Widget",
            "item_description": "A widget for backward overflow jargon",
            "quantity_purchased": 4,
            "item_price": 20,
            "item_total_price": 80
        }
    },
    {
        "model": "timelyapp.invoice",
        "pk": "inv_YrCUC82VjvN5uRzj2yA3mU",
        "fields": {
            "invoice_name": "BB21000014",
            "date_sent": "2021-11-29",
            "date_due": "2022-01-28",
            "bill_from": "biz_XhLAvUW63VuD4vfuCtEZKw",
            "bill_to": "biz_XhLAvUW63VuD4vfuCtEZKw",
            "terms": "NET60",
            "invoice_total_price": 80,
            "currency": "USD",
            "is_flagged": false,
            "is_scheduled": false,
            "is_paid": false
        }
    },
    {
        "model": "timelyapp.order",
        "pk": "ord_YadkZjuJurKZCY5pGae32Q",
        "fields": {
            "invoice": "inv_NyKBVXNtoBjQtThAHfEbyw",
            "discount_code": 1,
            "item_name": "Infeasibility Consulting Study",
            "item_description": "A big useless report on what you want to hear",
            "quantity_purchased": 3,
            "item_price": 20,
            "item_total_price": 60
        }
    },
    {
        "model": "timelyapp.order",
        "pk": "ord_ndf4Mdphf7gGhhMUsDVA9f",
        "fields": {
            "invoice": "inv_NyKBVXNtoBjQtThAHfEbyw",
            "discount_code": 1,
            "item_name": "A Different Widget",
            "item_description": "A widget for backward overflow jargon",
            "quantity_purchased": 8,
            "item_price": 20,
            "item_total_price": 160
        }
    },
    {
        "model": "timelyapp.order",
        "pk": "ord_GVzzGZn5hQ25f74bVJBtgS",
        "fields": {
            "invoice": "inv_NyKBVXNtoBjQtThAHfEbyw",
            "discount_code": 1,
            "item_name": "Some Widget",
            "item_description": "A business widget for vertical synergy jargon",
            "quantity_purchased": 9,
            "item_price": 10,
            "item_total_price": 90
        }
    },
    {
        "model": "timelyapp.order",
        "pk": "ord_G33Hq8atiyc4YC7US82Eg2",
        "fields": {
            "invoice": "inv_NyKBVXNtoBjQtThAHfEbyw",
            "discount_code": 1,
            "item_name": "A Different Widget",
            "item_description": "A widget for backward overflow jargon",
            "quantity_purchased": 2,
            "item_price": 20,
            "item_total_price": 40
        }
    },
    {
        "model": "timelyapp.order",
        "pk": "ord_oWXpsEQurWNA5yGZ4LNrua",
        "fields": {
            "invoice": "inv_NyKBVXNtoBjQtThAHfEbyw",
            "discount_code": 1,
            "item_name": "Professional Services",
            "item_description": "Overpriced Legal/Technical/Medical services that you cannot afford to avoid.",
            "quantity_purchased": 4,
            "item_price": 10,
            "item_total_price": 40
        }
    },
    {
        "model": "timelyapp.order",
        "pk": "ord_fSRVgYLBsAhC9uNU6V9jBJ",
        "fields": {
            "invoice": "inv_NyKBVXNtoBjQtThAHfEbyw",
            "discount_code": 1,
            "item_name": "Infeasibility Consulting Study",
            "item_description": "A big useless report on what you want to hear",
            "quantity_purchased": 3,
            "item_price": 20,
            "item_total_price": 60
        }
    },
    {
        "model": "timelyapp.order",
        "pk": "ord_6zyaRcHQdpLKxXZaMDsLsL",
        "fields": {
            "invoice": "inv_NyKBVXNtoBjQtThAHfEbyw",
            "discount_code": 1,
            "item_name": "Some Widget",
            "item_description": "A business widget for vertical synergy jargon",
            "quantity_purchased": 4,
            "item_price": 10,
            "item_total_price": 40
        }
    },
    {
        "model": "timelyapp.invoice",
        "pk": "inv_NyKBVXNtoBjQtThAHfEbyw",
        "fields": {
            "invoice_name": "BA21000015",
            "date_sent": "2022-01-09",
            "date_due": "2022-03-10",
            "bill_from": "biz_4iCyEKhCFaNBGGahn3Rn4i",
            "bill_to": "biz_XhLAvUW63VuD4vfuCtEZKw",
            "terms": "NET60",
            "invoice_total_price": 490,
            "currency": "USD",
            "is_flagged": true,
            "is_scheduled": false,
            "is_paid": false
        }
    },
    {
        "model": "timelyapp.order",
        "pk": "ord_idaAJfsiLzrqR7zsEta8wn",
        "fields": {
            "invoice": "inv_fu5biGkzwic9edgSr39VMV",
            "discount_code": 1,
            "item_name": "Professional Services",
            "item_description": "Overpriced Legal/Technical/Medical services that you cannot afford to avoid.",
            "quantity_purchased": 8,
            "item_price": 10,
            "item_total_price": 80
        }
    },
    {
        "model": "timelyapp.invoice",
        "pk": "inv_fu5biGkzwic9edgSr39VMV",
        "fields": {
            "invoice_name": "BA21000016",
            "date_sent": "2021-12-16",
            "date_due": "2021-12-23",
            "bill_from": "biz_4iCyEKhCFaNBGGahn3Rn4i",
            "bill_to": "biz_4iCyEKhCFaNBGGahn3Rn4i",
            "terms": "NET7",
            "invoice_total_price": 80,
            "currency": "USD",
            "is_flagged": true,
            "is_scheduled": false,
            "is_paid": false
        }
    },
    {
        "model": "timelyapp.order",
        "pk": "ord_cQuDFdrCBRsSjM566aNRei",
        "fields": {
            "invoice": "inv_D2hZzjdi2eQV3n2Cqv2Tkb",
            "discount_code": 1,
            "item_name": "Infeasibility Consulting Study",
            "item_description": "A big useless report on what you want to hear",
            "quantity_purchased": 6,
            "item_price": 20,
            "item_total_price": 120
        }
    },
    {
        "model": "timelyapp.order",
        "pk": "ord_f6v32BRRF9RevVsqXKKvzu",
        "fields": {
            "invoice": "inv_D2hZzjdi2eQV3n2Cqv2Tkb",
            "discount_code": 1,
            "item_name": "Professional Services",
            "item_description": "Overpriced Legal/Technical/Medical services that you cannot afford to avoid.",
            "quantity_purchased": 6,
            "item_price": 10,
            "item_total_price": 60
        }
    },
    {
        "model": "timelyapp.order",
        "pk": "ord_TVBQPvEfmYB6tQNqqzfawW",
        "fields": {
            "invoice": "inv_D2hZzjdi2eQV3n2Cqv2Tkb",
            "discount_code": 1,
            "item_name": "Professional Services",
            "item_description": "Overpriced Legal/Technical/Medical services that you cannot afford to avoid.",
            "quantity_purchased": 5,
            "item_price": 10,
            "item_total_price": 50
        }
    },
    {
        "model": "timelyapp.order",
        "pk": "ord_4gJDti2CmJ2CfmTqyyRuLN",
        "fields": {
            "invoice": "inv_D2hZzjdi2eQV3n2Cqv2Tkb",
            "discount_code": 1,
            "item_name": "A Different Widget",
            "item_description": "A widget for backward overflow jargon",
            "quantity_purchased": 3,
            "item_price": 20,
            "item_total_price": 60
        }
    },
    {
        "model": "timelyapp.order",
        "pk": "ord_FLGomuVFHkXgiE9Z3XASdM",
        "fields": {
            "invoice": "inv_D2hZzjdi2eQV3n2Cqv2Tkb",
            "discount_code": 1,
            "item_name": "A Different Widget",
            "item_description": "A widget for backward overflow jargon",
            "quantity_purchased": 5,
            "item_price": 20,
            "item_total_price": 100
        }
    },
    {
        "model": "timelyapp.order",
        "pk": "ord_kbc3UuCU3Z8qSqR5BTTkyF",
        "fields": {
            "invoice": "inv_D2hZzjdi2eQV3n2Cqv2Tkb",
            "discount_code": 1,
            "item_name": "Professional Services",
            "item_description": "Overpriced Legal/Technical/Medical services that you cannot afford to avoid.",
            "quantity_purchased": 9,
            "item_price": 10,
            "item_total_price": 90
        }
    },
    {
        "model": "timelyapp.invoice",
        "pk": "inv_D2hZzjdi2eQV3n2Cqv2Tkb",
        "fields": {
            "invoice_name": "BA21000017",
            "date_sent": "2021-12-26",
            "date_due": "2022-02-24",
            "bill_from": "biz_4iCyEKhCFaNBGGahn3Rn4i",
            "bill_to": "biz_4iCyEKhCFaNBGGahn3Rn4i",
            "terms": "NET60",
            "invoice_total_price": 480,
            "currency": "USD",
            "is_flagged": false,
            "is_scheduled": true,
            "is_paid": false
        }
    },
    {
        "model": "timelyapp.order",
        "pk": "ord_AZK2xx92XMCAMnAWfgTdqk",
        "fields": {
            "invoice": "inv_aNthdRADx7MrJPYXytTsKX",
            "discount_code": 1,
            "item_name": "Some Widget",
            "item_description": "A business widget for vertical synergy jargon",
            "quantity_purchased": 7,
            "item_price": 10,
            "item_total_price": 70
        }
    },
    {
        "model": "timelyapp.invoice",
        "pk": "inv_aNthdRADx7MrJPYXytTsKX",
        "fields": {
            "invoice_name": "TB21000018",
            "date_sent": "2022-01-21",
            "date_due": "2022-03-22",
            "bill_from": "biz_Cz9xETFw7mt6edtQdUYKhJ",
            "bill_to": "biz_XhLAvUW63VuD4vfuCtEZKw",
            "terms": "NET60",
            "invoice_total_price": 70,
            "currency": "USD",
            "is_flagged": false,
            "is_scheduled": false,
            "is_paid": false
        }
    },
    {
        "model": "timelyapp.order",
        "pk": "ord_avayTZvMoVweg9n8Nwa2R7",
        "fields": {
            "invoice": "inv_RCWgAxFCPBTDYTMVr6TjJf",
            "discount_code": 1,
            "item_name": "Infeasibility Consulting Study",
            "item_description": "A big useless report on what you want to hear",
            "quantity_purchased": 8,
            "item_price": 20,
            "item_total_price": 160
        }
    },
    {
        "model": "timelyapp.order",
        "pk": "ord_XZqgeNcbCXKWpEgJCmiuE8",
        "fields": {
            "invoice": "inv_RCWgAxFCPBTDYTMVr6TjJf",
            "discount_code": 1,
            "item_name": "Professional Services",
            "item_description": "Overpriced Legal/Technical/Medical services that you cannot afford to avoid.",
            "quantity_purchased": 10,
            "item_price": 10,
            "item_total_price": 100
        }
    },
    {
        "model": "timelyapp.order",
        "pk": "ord_aMeky3ry2sNs422dgiJyeY",
        "fields": {
            "invoice": "inv_RCWgAxFCPBTDYTMVr6TjJf",
            "discount_code": 1,
            "item_name": "Infeasibility Consulting Study",
            "item_description": "A big useless report on what you want to hear",
            "quantity_purchased": 1,
            "item_price": 20,
            "item_total_price": 20
        }
    },
    {
        "model": "timelyapp.order",
        "pk": "ord_h4NgtcbpdhsqkqjQ6ZAKAZ",
        "fields": {
            "invoice": "inv_RCWgAxFCPBTDYTMVr6TjJf",
            "discount_code": 1,
            "item_name": "Professional Services",
            "item_description": "Overpriced Legal/Technical/Medical services that you cannot afford to avoid.",
            "quantity_purchased": 1,
            "item_price": 10,
            "item_total_price": 10
        }
    },
    {
        "model": "timelyapp.order",
        "pk": "ord_U7tTTaTw8Refo3TKnGKbfV",
        "fields": {
            "invoice": "inv_RCWgAxFCPBTDYTMVr6TjJf",
            "discount_code": 1,
            "item_name": "Professional Services",
            "item_description": "Overpriced Legal/Technical/Medical services that you cannot afford to avoid.",
            "quantity_purchased": 4,
            "item_price": 10,
            "item_total_price": 40
        }
    },
    {
        "model": "timelyapp.order",
        "pk": "ord_KLpVGkPPrgBtREtxRTUDDk",
        "fields": {
            "invoice": "inv_RCWgAxFCPBTDYTMVr6TjJf",
            "discount_code": 1,
            "item_name": "Infeasibility Consulting Study",
            "item_description": "A big useless report on what you want to hear",
            "quantity_purchased": 8,
            "item_price": 20,
            "item_total_price": 160
        }
    },
    {
        "model": "timelyapp.order",
        "pk": "ord_cKeQkGVSXy9RfbWNMPeMw8",
        "fields": {
            "invoice": "inv_RCWgAxFCPBTDYTMVr6TjJf",
            "discount_code": 1,
            "item_name": "A Different Widget",
            "item_description": "A widget for backward overflow jargon",
            "quantity_purchased": 5,
            "item_price": 20,
            "item_total_price": 100
        }
    },
    {
        "model": "timelyapp.order",
        "pk": "ord_bfsDcyQrmupvtrYKnxTw29",
        "fields": {
            "invoice": "inv_RCWgAxFCPBTDYTMVr6TjJf",
            "discount_code": 1,
            "item_name": "Infeasibility Consulting Study",
            "item_description": "A big useless report on what you want to hear",
            "quantity_purchased": 4,
            "item_price": 20,
            "item_total_price": 80
        }
    },
    {
        "model": "timelyapp.invoice",
        "pk": "inv_RCWgAxFCPBTDYTMVr6TjJf",
        "fields": {
            "invoice_name": "FS21000019",
            "date_sent": "2021-11-21",
            "date_due": "2022-01-20",
            "bill_from": "biz_D3FraiLKpJicT9CdJhwwYc",
            "bill_to": "biz_Cz9xETFw7mt6edtQdUYKhJ",
            "terms": "NET60",
            "invoice_total_price": 670,
            "currency": "USD",
            "is_flagged": true,
            "is_scheduled": true,
            "is_paid": false
        }
    },
    {
        "model": "timelyapp.order",
        "pk": "ord_ZE3t96b6ZrfuYX9bmmf94b",
        "fields": {
            "invoice": "inv_7q5EkTCmX3pT4CcA233yiZ",
            "discount_code": 1,
            "item_name": "A Different Widget",
            "item_description": "A widget for backward overflow jargon",
            "quantity_purchased": 4,
            "item_price": 20,
            "item_total_price": 80
        }
    },
    {
        "model": "timelyapp.order",
        "pk": "ord_PrhdFADAZKzsyXtvBpYZ6U",
        "fields": {
            "invoice": "inv_7q5EkTCmX3pT4CcA233yiZ",
            "discount_code": 1,
            "item_name": "A Different Widget",
            "item_description": "A widget for backward overflow jargon",
            "quantity_purchased": 10,
            "item_price": 20,
            "item_total_price": 200
        }
    },
    {
        "model": "timelyapp.order",
        "pk": "ord_NYNyTW9tdrJRAhqbXkQwSo",
        "fields": {
            "invoice": "inv_7q5EkTCmX3pT4CcA233yiZ",
            "discount_code": 1,
            "item_name": "Professional Services",
            "item_description": "Overpriced Legal/Technical/Medical services that you cannot afford to avoid.",
            "quantity_purchased": 1,
            "item_price": 10,
            "item_total_price": 10
        }
    },
    {
        "model": "timelyapp.order",
        "pk": "ord_ZunqMLRLJQRKne2SKRpTpM",
        "fields": {
            "invoice": "inv_7q5EkTCmX3pT4CcA233yiZ",
            "discount_code": 1,
            "item_name": "Professional Services",
            "item_description": "Overpriced Legal/Technical/Medical services that you cannot afford to avoid.",
            "quantity_purchased": 3,
            "item_price": 10,
            "item_total_price": 30
        }
    },
    {
        "model": "timelyapp.invoice",
        "pk": "inv_7q5EkTCmX3pT4CcA233yiZ",
        "fields": {
            "invoice_name": "BA21000020",
            "date_sent": "2021-09-24",
            "date_due": null,
            "bill_from": "biz_4iCyEKhCFaNBGGahn3Rn4i",
            "bill_to": "biz_XhLAvUW63VuD4vfuCtEZKw",
            "terms": "COD",
            "invoice_total_price": 320,
            "currency": "USD",
            "is_flagged": false,
            "is_scheduled": true,
            "is_paid": false
        }
    }
]