[
    {
        "model": "timelyapp.business",
        "pk": "biz_4iCyEKhCFaNBGGahn3Rn4i",
        "fields": {
            "is_member": true,
            "is_individual": false,
            "business_name": "Acme Supplies",
            "billing_address": 1,
            "shipping_address": null,
            "date_joined": "2021-03-01",
            "business_email": "nick.fournier@berkeley.edu",
            "business_phone": "555-555-5555",
            "business_fax": null,
            "stripe_act_id": "acct_1JDpru2Ex7Z79PyO",
            "stripe_cus_id": "cus_JvPwFpPMrKdrNU"
        }
    },
    {
        "model": "timelyapp.business",
        "pk": "biz_XhLAvUW63VuD4vfuCtEZKw",
        "fields": {
            "is_member": true,
            "is_individual": false,
            "business_name": "Beehive Co.",
            "billing_address": 2,
            "shipping_address": null,
            "date_joined": "2021-03-01",
            "business_email": "omar.mohamed@berkeley.edu",
            "business_phone": "555-555-5555",
            "business_fax": null,
            "stripe_act_id": "acct_1JDcak2HzyuoAy7h",
            "stripe_cus_id": "cus_JvQ1UCAmTJt5nR"
        }
    },
    {
        "model": "timelyapp.business",
        "pk": "biz_Cz9xETFw7mt6edtQdUYKhJ",
        "fields": {
            "is_member": true,
            "is_individual": false,
            "business_name": "Third National Business",
            "billing_address": 3,
            "shipping_address": null,
            "date_joined": "2021-03-01",
            "business_email": "businessemail@three.com",
            "business_phone": "555-555-5555",
            "business_fax": null
        }
    },
    {
        "model": "timelyapp.business",
        "pk": "biz_D3FraiLKpJicT9CdJhwwYc",
        "fields": {
            "is_member": true,
            "is_individual": false,
            "business_name": "Fourth Street Store",
            "billing_address": 4,
            "shipping_address": null,
            "date_joined": "2021-03-01",
            "business_email": "businessemail@FOUR.com",
            "business_phone": "555-555-5555",
            "business_fax": null
        }
    },
    {
        "model": "timelyapp.address",
        "pk": 1,
        "fields": {
            "address_1": "1880 Page St",
            "address_2": null,
            "city": "San Francisco",
            "state": "CA",
            "zip_code": "94117",
            "country": "USA"
        }
    },
    {
        "model": "timelyapp.address",
        "pk": 2,
        "fields": {
            "address_1": "1 Somewhere Ave",
            "address_2": null,
            "city": "Northcote",
            "state": "VIC",
            "zip_code": "3070",
            "country": "AU"
        }
    },
    {
        "model": "timelyapp.address",
        "pk": 3,
        "fields": {
            "address_1": "1 Powlett S",
            "address_2": null,
            "city": "East Melbourne",
            "state": "VIC",
            "zip_code": "3002",
            "country": "AU"
        }
    },
    {
        "model": "timelyapp.address",
        "pk": 4,
        "fields": {
            "address_1": "1 Commonwealth Ave",
            "address_2": null,
            "city": "Boston",
            "state": "MA",
            "zip_code": "02116",
            "country": "USA"
        }
    },
    {
        "model": "timelyapp.discount",
        "pk": 1,
        "fields": {
            "discount_code": "NONE",
            "description": "No discount",
            "discount_ratio": 1.0
        }
    },
    {
        "model": "timelyapp.payments",
        "pk": 1,
        "fields": {
            "type": "ACH"
        }
    },
    {
        "model": "timelyapp.payments",
        "pk": 2,
        "fields": {
            "type": "CREDIT"
        }
    },
    {
        "model": "timelyapp.payments",
        "pk": 3,
        "fields": {
            "type": "CHECK"
        }
    },
    {
        "model": "timelyapp.inventory",
        "pk": "itm_SZFxbfXaTJBWwjWExtnVfu",
        "fields": {
            "business": "biz_4iCyEKhCFaNBGGahn3Rn4i",
            "last_updated": "2021-03-03",
            "item_name": "Some Widget",
            "description": "A business widget for vertical synergy jargon",
            "quantity_in_stock": 1000,
            "item_unit": "pc",
            "item_price": 10,
            "currency": "USD"
        }
    },
    {
        "model": "timelyapp.inventory",
        "pk": "itm_VaDg3wAD9GaCWQQm3QyVNF",
        "fields": {
            "business": "biz_4iCyEKhCFaNBGGahn3Rn4i",
            "last_updated": "2021-03-03",
            "item_name": "A Different Widget",
            "description": "A widget for backward overflow jargon",
            "quantity_in_stock": 1000,
            "item_unit": "pc",
            "item_price": 20,
            "currency": "USD"
        }
    },
    {
        "model": "timelyapp.inventory",
        "pk": "itm_apbLZLTJKfECq39JKDhNVz",
        "fields": {
            "business": "biz_XhLAvUW63VuD4vfuCtEZKw",
            "last_updated": "2021-03-13",
            "item_name": "Professional Services",
            "description": "Overpriced Legal/Technical/Medical services that you cannot afford to avoid.",
            "quantity_in_stock": 1000,
            "item_unit": "hrs",
            "item_price": 10,
            "currency": "USD"
        }
    },
    {
        "model": "timelyapp.inventory",
        "pk": "itm_kiTehBv64Fay8LwZ7dHVHk",
        "fields": {
            "business": "biz_XhLAvUW63VuD4vfuCtEZKw",
            "last_updated": "2021-03-13",
            "item_name": "Infeasibility Consulting Study",
            "description": "A big useless report on what you want to hear",
            "quantity_in_stock": 1000,
            "item_unit": "hrs",
            "item_price": 20,
            "currency": "USD"
        }
    },
    {
        "model": "timelyapp.customuser",
        "pk": "usr_ggAYZRZkbM2aqw4zR6k5wT",
        "fields": {
            "business": "biz_4iCyEKhCFaNBGGahn3Rn4i",
            "password": "pbkdf2_sha256$260000$IUq4JkpiyMAjtPI85AMuog$hr++YQCxhTKDW/LHfdSij1+qzgfyRexLouANDTa36VI=",
            "last_login": "2021-04-29T16:24:18.247Z",
            "is_superuser": false,
            "email": "nick@nick.com",
            "first_name": "Nick",
            "last_name": "Fournier",
            "role": "OWNER",
            "is_active": true,
            "date_joined": "2021-04-29T16:24:17.960Z",
            "groups": [],
            "user_permissions": []
        }
    },
    {
        "model": "account.emailaddress",
        "pk": 1,
        "fields": {
            "verified": true,
            "primary": true,
            "user_id": "usr_ggAYZRZkbM2aqw4zR6k5wT",
            "email": "nick@nick.com"
        }
    },
    {
        "model": "timelyapp.customuser",
        "pk": "usr_C82raN5JFCoWVQGAeDLRxa",
        "fields": {
            "business": "biz_XhLAvUW63VuD4vfuCtEZKw",
            "password": "pbkdf2_sha256$260000$vZXc8TF9Kx01u0lVbEhj63$5qvugVywe6WMc1jftHcOY/g1KIBkYARFpbq2ic0Mwas=",
            "last_login": "2021-04-29T16:24:51.077Z",
            "is_superuser": false,
            "email": "omar@omar.com",
            "first_name": "Omar",
            "last_name": "Mohamed",
            "role": "OWNER",
            "is_active": true,
            "date_joined": "2021-04-29T16:24:50.849Z",
            "groups": [],
            "user_permissions": []
        }
    },
    {
        "model": "account.emailaddress",
        "pk": 2,
        "fields": {
            "verified": true,
            "primary": true,
            "user_id": "usr_C82raN5JFCoWVQGAeDLRxa",
            "email": "omar@omar.com"
        }
    },
    {
        "model": "timelyapp.customuser",
        "pk": "usr_hsgrVXy6qPYKLeq9Y7GaK2",
        "fields": {
            "business": "biz_Cz9xETFw7mt6edtQdUYKhJ",
            "password": "pbkdf2_sha256$260000$vZXc8TF9Kx01u0lVbEhj63$5qvugVywe6WMc1jftHcOY/g1KIBkYARFpbq2ic0Mwas=",
            "last_login": "2021-04-29T16:24:51.077Z",
            "is_superuser": false,
            "email": "adel@adel.com",
            "first_name": "Adel",
            "last_name": "Kafouri",
            "role": "OWNER",
            "is_active": true,
            "date_joined": "2021-04-29T16:24:50.849Z",
            "groups": [],
            "user_permissions": []
        }
    },
    {
        "model": "account.emailaddress",
        "pk": 3,
        "fields": {
            "verified": true,
            "primary": true,
            "user_id": "usr_hsgrVXy6qPYKLeq9Y7GaK2",
            "email": "adel@adel.com"
        }
    },
    {
        "model": "timelyapp.customuser",
        "pk": "usr_BfTQQwPGfk9ubvskvx4uzB",
        "fields": {
            "business": "biz_D3FraiLKpJicT9CdJhwwYc",
            "password": "pbkdf2_sha256$260000$vZXc8TF9Kx01u0lVbEhj63$5qvugVywe6WMc1jftHcOY/g1KIBkYARFpbq2ic0Mwas=",
            "last_login": "2021-04-29T16:24:51.077Z",
            "is_superuser": false,
            "email": "test@test.com",
            "first_name": "Test",
            "last_name": "Test",
            "role": "OWNER",
            "is_active": true,
            "date_joined": "2021-04-29T16:24:50.849Z",
            "groups": [],
            "user_permissions": []
        }
    },
    {
        "model": "account.emailaddress",
        "pk": 4,
        "fields": {
            "verified": true,
            "primary": true,
            "user_id": "usr_BfTQQwPGfk9ubvskvx4uzB",
            "email": "test@test.com"
        }
    },
    {
        "model": "timelyapp.order",
        "pk": "ord_nnv872ENj3pbWn79TL6DFb",
        "fields": {
            "invoice": "inv_a7t453FopmVHzuy9PsFPFx",
            "discount_code": 1,
            "item_name": "Infeasibility Consulting Study",
            "item_description": "A big useless report on what you want to hear",
            "quantity_purchased": 2,
            "item_price": 20,
            "item_total_price": 40,
            "item_tax_rate": 5,
            "item_total_tax": 2.0
        }
    },
    {
        "model": "timelyapp.invoice",
        "pk": "inv_a7t453FopmVHzuy9PsFPFx",
        "fields": {
            "invoice_name": "BC21000001",
            "date_sent": "2022-01-10",
            "date_due": "2022-01-10",
            "bill_from": "biz_XhLAvUW63VuD4vfuCtEZKw",
            "bill_to": "biz_4iCyEKhCFaNBGGahn3Rn4i",
            "terms": "CIA",
            "invoice_price": 40,
            "invoice_tax": 2.0,
            "invoice_total_price": 42.0,
            "currency": "USD",
            "is_flagged": false,
            "is_scheduled": true,
            "is_paid": false
        }
    },
    {
        "model": "timelyapp.order",
        "pk": "ord_VrzgdV9HRCpURpahJSqvJH",
        "fields": {
            "invoice": "inv_T9kyWnP58JCsLE6Cto3BKR",
            "discount_code": 1,
            "item_name": "A Different Widget",
            "item_description": "A widget for backward overflow jargon",
            "quantity_purchased": 1,
            "item_price": 20,
            "item_total_price": 20,
            "item_tax_rate": 5,
            "item_total_tax": 1.0
        }
    },
    {
        "model": "timelyapp.invoice",
        "pk": "inv_T9kyWnP58JCsLE6Cto3BKR",
        "fields": {
            "invoice_name": "BC21000002",
            "date_sent": "2022-04-14",
            "date_due": "2022-04-14",
            "bill_from": "biz_XhLAvUW63VuD4vfuCtEZKw",
            "bill_to": "biz_XhLAvUW63VuD4vfuCtEZKw",
            "terms": "CIA",
            "invoice_price": 20,
            "invoice_tax": 1.0,
            "invoice_total_price": 21.0,
            "currency": "USD",
            "is_flagged": true,
            "is_scheduled": false,
            "is_paid": false
        }
    },
    {
        "model": "timelyapp.order",
        "pk": "ord_hu7szDeqpPsZMtcY5qrj58",
        "fields": {
            "invoice": "inv_DzvRQ6CZq62BJ3ssM3inHj",
            "discount_code": 1,
            "item_name": "Some Widget",
            "item_description": "A business widget for vertical synergy jargon",
            "quantity_purchased": 6,
            "item_price": 10,
            "item_total_price": 60,
            "item_tax_rate": 5,
            "item_total_tax": 3.0
        }
    },
    {
        "model": "timelyapp.order",
        "pk": "ord_8kRQvMCMLwRPQUotrwo2Ey",
        "fields": {
            "invoice": "inv_DzvRQ6CZq62BJ3ssM3inHj",
            "discount_code": 1,
            "item_name": "Some Widget",
            "item_description": "A business widget for vertical synergy jargon",
            "quantity_purchased": 6,
            "item_price": 10,
            "item_total_price": 60,
            "item_tax_rate": 5,
            "item_total_tax": 3.0
        }
    },
    {
        "model": "timelyapp.order",
        "pk": "ord_SxzTkFYg2vG5ADhettzgpe",
        "fields": {
            "invoice": "inv_DzvRQ6CZq62BJ3ssM3inHj",
            "discount_code": 1,
            "item_name": "Infeasibility Consulting Study",
            "item_description": "A big useless report on what you want to hear",
            "quantity_purchased": 8,
            "item_price": 20,
            "item_total_price": 160,
            "item_tax_rate": 5,
            "item_total_tax": 8.0
        }
    },
    {
        "model": "timelyapp.invoice",
        "pk": "inv_DzvRQ6CZq62BJ3ssM3inHj",
        "fields": {
            "invoice_name": "AS21000003",
            "date_sent": "2022-01-19",
            "date_due": "2022-01-26",
            "bill_from": "biz_4iCyEKhCFaNBGGahn3Rn4i",
            "bill_to": "biz_4iCyEKhCFaNBGGahn3Rn4i",
            "terms": "NET7",
            "invoice_price": 280,
            "invoice_tax": 14.0,
            "invoice_total_price": 294.0,
            "currency": "USD",
            "is_flagged": true,
            "is_scheduled": true,
            "is_paid": false
        }
    },
    {
        "model": "timelyapp.order",
        "pk": "ord_GffaLRb65jdzd3a96hPpF8",
        "fields": {
            "invoice": "inv_KY6LRewBXpRQtHYSjW8Mwr",
            "discount_code": 1,
            "item_name": "Some Widget",
            "item_description": "A business widget for vertical synergy jargon",
            "quantity_purchased": 10,
            "item_price": 10,
            "item_total_price": 100,
            "item_tax_rate": 5,
            "item_total_tax": 5.0
        }
    },
    {
        "model": "timelyapp.order",
        "pk": "ord_jC2NyGRFKhfcnpu6Gn9n46",
        "fields": {
            "invoice": "inv_KY6LRewBXpRQtHYSjW8Mwr",
            "discount_code": 1,
            "item_name": "Infeasibility Consulting Study",
            "item_description": "A big useless report on what you want to hear",
            "quantity_purchased": 3,
            "item_price": 20,
            "item_total_price": 60,
            "item_tax_rate": 5,
            "item_total_tax": 3.0
        }
    },
    {
        "model": "timelyapp.order",
        "pk": "ord_M3p8bVdrYZ8eYp4iMbqhSh",
        "fields": {
            "invoice": "inv_KY6LRewBXpRQtHYSjW8Mwr",
            "discount_code": 1,
            "item_name": "A Different Widget",
            "item_description": "A widget for backward overflow jargon",
            "quantity_purchased": 7,
            "item_price": 20,
            "item_total_price": 140,
            "item_tax_rate": 5,
            "item_total_tax": 7.0
        }
    },
    {
        "model": "timelyapp.order",
        "pk": "ord_NBWJW8kmCrYJnCQohfHSCm",
        "fields": {
            "invoice": "inv_KY6LRewBXpRQtHYSjW8Mwr",
            "discount_code": 1,
            "item_name": "Professional Services",
            "item_description": "Overpriced Legal/Technical/Medical services that you cannot afford to avoid.",
            "quantity_purchased": 3,
            "item_price": 10,
            "item_total_price": 30,
            "item_tax_rate": 5,
            "item_total_tax": 1.5
        }
    },
    {
        "model": "timelyapp.order",
        "pk": "ord_SbrMSCJuiwUJf5dP67p9kQ",
        "fields": {
            "invoice": "inv_KY6LRewBXpRQtHYSjW8Mwr",
            "discount_code": 1,
            "item_name": "Infeasibility Consulting Study",
            "item_description": "A big useless report on what you want to hear",
            "quantity_purchased": 3,
            "item_price": 20,
            "item_total_price": 60,
            "item_tax_rate": 5,
            "item_total_tax": 3.0
        }
    },
    {
        "model": "timelyapp.invoice",
        "pk": "inv_KY6LRewBXpRQtHYSjW8Mwr",
        "fields": {
            "invoice_name": "FS21000004",
            "date_sent": "2022-05-23",
            "date_due": "2022-05-30",
            "bill_from": "biz_D3FraiLKpJicT9CdJhwwYc",
            "bill_to": "biz_4iCyEKhCFaNBGGahn3Rn4i",
            "terms": "NET7",
            "invoice_price": 390,
            "invoice_tax": 19.5,
            "invoice_total_price": 409.5,
            "currency": "USD",
            "is_flagged": false,
            "is_scheduled": false,
            "is_paid": false
        }
    },
    {
        "model": "timelyapp.order",
        "pk": "ord_6xi72JEC7MozND5CrEbZ2s",
        "fields": {
            "invoice": "inv_d6gBCKeeZnLQE5RAQ2jWkA",
            "discount_code": 1,
            "item_name": "A Different Widget",
            "item_description": "A widget for backward overflow jargon",
            "quantity_purchased": 9,
            "item_price": 20,
            "item_total_price": 180,
            "item_tax_rate": 5,
            "item_total_tax": 9.0
        }
    },
    {
        "model": "timelyapp.order",
        "pk": "ord_goAQPMzcY3Ukc6jhA3xRHz",
        "fields": {
            "invoice": "inv_d6gBCKeeZnLQE5RAQ2jWkA",
            "discount_code": 1,
            "item_name": "A Different Widget",
            "item_description": "A widget for backward overflow jargon",
            "quantity_purchased": 5,
            "item_price": 20,
            "item_total_price": 100,
            "item_tax_rate": 5,
            "item_total_tax": 5.0
        }
    },
    {
        "model": "timelyapp.order",
        "pk": "ord_NGHdVPazfFxwofFTmdZrdn",
        "fields": {
            "invoice": "inv_d6gBCKeeZnLQE5RAQ2jWkA",
            "discount_code": 1,
            "item_name": "Some Widget",
            "item_description": "A business widget for vertical synergy jargon",
            "quantity_purchased": 8,
            "item_price": 10,
            "item_total_price": 80,
            "item_tax_rate": 5,
            "item_total_tax": 4.0
        }
    },
    {
        "model": "timelyapp.order",
        "pk": "ord_XrBAySLfXiiqjnNc3diTTb",
        "fields": {
            "invoice": "inv_d6gBCKeeZnLQE5RAQ2jWkA",
            "discount_code": 1,
            "item_name": "Some Widget",
            "item_description": "A business widget for vertical synergy jargon",
            "quantity_purchased": 4,
            "item_price": 10,
            "item_total_price": 40,
            "item_tax_rate": 5,
            "item_total_tax": 2.0
        }
    },
    {
        "model": "timelyapp.order",
        "pk": "ord_kFK3LxToM7fseWsLcYHMXn",
        "fields": {
            "invoice": "inv_d6gBCKeeZnLQE5RAQ2jWkA",
            "discount_code": 1,
            "item_name": "Professional Services",
            "item_description": "Overpriced Legal/Technical/Medical services that you cannot afford to avoid.",
            "quantity_purchased": 4,
            "item_price": 10,
            "item_total_price": 40,
            "item_tax_rate": 5,
            "item_total_tax": 2.0
        }
    },
    {
        "model": "timelyapp.order",
        "pk": "ord_kVx586CkfRdeNvsBZt7RPU",
        "fields": {
            "invoice": "inv_d6gBCKeeZnLQE5RAQ2jWkA",
            "discount_code": 1,
            "item_name": "Professional Services",
            "item_description": "Overpriced Legal/Technical/Medical services that you cannot afford to avoid.",
            "quantity_purchased": 8,
            "item_price": 10,
            "item_total_price": 80,
            "item_tax_rate": 5,
            "item_total_tax": 4.0
        }
    },
    {
        "model": "timelyapp.order",
        "pk": "ord_X9vn6GH74wmfrcqBGjRYyU",
        "fields": {
            "invoice": "inv_d6gBCKeeZnLQE5RAQ2jWkA",
            "discount_code": 1,
            "item_name": "Professional Services",
            "item_description": "Overpriced Legal/Technical/Medical services that you cannot afford to avoid.",
            "quantity_purchased": 4,
            "item_price": 10,
            "item_total_price": 40,
            "item_tax_rate": 5,
            "item_total_tax": 2.0
        }
    },
    {
        "model": "timelyapp.order",
        "pk": "ord_jAHfic9Zz9kSEYR4TGf8Ct",
        "fields": {
            "invoice": "inv_d6gBCKeeZnLQE5RAQ2jWkA",
            "discount_code": 1,
            "item_name": "A Different Widget",
            "item_description": "A widget for backward overflow jargon",
            "quantity_purchased": 4,
            "item_price": 20,
            "item_total_price": 80,
            "item_tax_rate": 5,
            "item_total_tax": 4.0
        }
    },
    {
        "model": "timelyapp.order",
        "pk": "ord_Tfz6wmeFRGM7urt8z9m5xV",
        "fields": {
            "invoice": "inv_d6gBCKeeZnLQE5RAQ2jWkA",
            "discount_code": 1,
            "item_name": "A Different Widget",
            "item_description": "A widget for backward overflow jargon",
            "quantity_purchased": 2,
            "item_price": 20,
            "item_total_price": 40,
            "item_tax_rate": 5,
            "item_total_tax": 2.0
        }
    },
    {
        "model": "timelyapp.invoice",
        "pk": "inv_d6gBCKeeZnLQE5RAQ2jWkA",
        "fields": {
            "invoice_name": "FS21000005",
            "date_sent": "2022-06-03",
            "date_due": "2022-06-03",
            "bill_from": "biz_D3FraiLKpJicT9CdJhwwYc",
            "bill_to": "biz_Cz9xETFw7mt6edtQdUYKhJ",
            "terms": "CIA",
            "invoice_price": 680,
            "invoice_tax": 34.0,
            "invoice_total_price": 714.0,
            "currency": "USD",
            "is_flagged": true,
            "is_scheduled": true,
            "is_paid": false
        }
    },
    {
        "model": "timelyapp.order",
        "pk": "ord_aTWHjAvB4vf6jbLwPy9wvP",
        "fields": {
            "invoice": "inv_hMJR3wJnx9xsxs33U9eBA6",
            "discount_code": 1,
            "item_name": "Some Widget",
            "item_description": "A business widget for vertical synergy jargon",
            "quantity_purchased": 8,
            "item_price": 10,
            "item_total_price": 80,
            "item_tax_rate": 5,
            "item_total_tax": 4.0
        }
    },
    {
        "model": "timelyapp.order",
        "pk": "ord_KoMW5R2bwN2dpdRYYjbU7u",
        "fields": {
            "invoice": "inv_hMJR3wJnx9xsxs33U9eBA6",
            "discount_code": 1,
            "item_name": "A Different Widget",
            "item_description": "A widget for backward overflow jargon",
            "quantity_purchased": 9,
            "item_price": 20,
            "item_total_price": 180,
            "item_tax_rate": 5,
            "item_total_tax": 9.0
        }
    },
    {
        "model": "timelyapp.order",
        "pk": "ord_eo8vGax7chixDwPxynA5XA",
        "fields": {
            "invoice": "inv_hMJR3wJnx9xsxs33U9eBA6",
            "discount_code": 1,
            "item_name": "Professional Services",
            "item_description": "Overpriced Legal/Technical/Medical services that you cannot afford to avoid.",
            "quantity_purchased": 8,
            "item_price": 10,
            "item_total_price": 80,
            "item_tax_rate": 5,
            "item_total_tax": 4.0
        }
    },
    {
        "model": "timelyapp.order",
        "pk": "ord_STEMRKiAaQYhiJ3FWhHo9P",
        "fields": {
            "invoice": "inv_hMJR3wJnx9xsxs33U9eBA6",
            "discount_code": 1,
            "item_name": "A Different Widget",
            "item_description": "A widget for backward overflow jargon",
            "quantity_purchased": 3,
            "item_price": 20,
            "item_total_price": 60,
            "item_tax_rate": 5,
            "item_total_tax": 3.0
        }
    },
    {
        "model": "timelyapp.order",
        "pk": "ord_HJv9gHgRacyiHnAtXCUN4m",
        "fields": {
            "invoice": "inv_hMJR3wJnx9xsxs33U9eBA6",
            "discount_code": 1,
            "item_name": "Professional Services",
            "item_description": "Overpriced Legal/Technical/Medical services that you cannot afford to avoid.",
            "quantity_purchased": 2,
            "item_price": 10,
            "item_total_price": 20,
            "item_tax_rate": 5,
            "item_total_tax": 1.0
        }
    },
    {
        "model": "timelyapp.order",
        "pk": "ord_mXyEuGAYT5oUHUiYpFgXZt",
        "fields": {
            "invoice": "inv_hMJR3wJnx9xsxs33U9eBA6",
            "discount_code": 1,
            "item_name": "Professional Services",
            "item_description": "Overpriced Legal/Technical/Medical services that you cannot afford to avoid.",
            "quantity_purchased": 2,
            "item_price": 10,
            "item_total_price": 20,
            "item_tax_rate": 5,
            "item_total_tax": 1.0
        }
    },
    {
        "model": "timelyapp.order",
        "pk": "ord_gcecqUQdSY6PQ65idBJeeB",
        "fields": {
            "invoice": "inv_hMJR3wJnx9xsxs33U9eBA6",
            "discount_code": 1,
            "item_name": "Infeasibility Consulting Study",
            "item_description": "A big useless report on what you want to hear",
            "quantity_purchased": 3,
            "item_price": 20,
            "item_total_price": 60,
            "item_tax_rate": 5,
            "item_total_tax": 3.0
        }
    },
    {
        "model": "timelyapp.order",
        "pk": "ord_TgjQe2UfWuzLkaoP9YVoQA",
        "fields": {
            "invoice": "inv_hMJR3wJnx9xsxs33U9eBA6",
            "discount_code": 1,
            "item_name": "A Different Widget",
            "item_description": "A widget for backward overflow jargon",
            "quantity_purchased": 9,
            "item_price": 20,
            "item_total_price": 180,
            "item_tax_rate": 5,
            "item_total_tax": 9.0
        }
    },
    {
        "model": "timelyapp.order",
        "pk": "ord_ZXTQdjBEBxZnG7DhaKLdQh",
        "fields": {
            "invoice": "inv_hMJR3wJnx9xsxs33U9eBA6",
            "discount_code": 1,
            "item_name": "Some Widget",
            "item_description": "A business widget for vertical synergy jargon",
            "quantity_purchased": 5,
            "item_price": 10,
            "item_total_price": 50,
            "item_tax_rate": 5,
            "item_total_tax": 2.5
        }
    },
    {
        "model": "timelyapp.invoice",
        "pk": "inv_hMJR3wJnx9xsxs33U9eBA6",
        "fields": {
            "invoice_name": "BC21000006",
            "date_sent": "2022-02-03",
            "date_due": "2022-02-10",
            "bill_from": "biz_XhLAvUW63VuD4vfuCtEZKw",
            "bill_to": "biz_D3FraiLKpJicT9CdJhwwYc",
            "terms": "NET7",
            "invoice_price": 730,
            "invoice_tax": 36.5,
            "invoice_total_price": 766.5,
            "currency": "USD",
            "is_flagged": false,
            "is_scheduled": true,
            "is_paid": false
        }
    },
    {
        "model": "timelyapp.order",
        "pk": "ord_TXxNyukjBP5e9FBD6NkREB",
        "fields": {
            "invoice": "inv_9TuHWPMcT8JFgughpLRnri",
            "discount_code": 1,
            "item_name": "Professional Services",
            "item_description": "Overpriced Legal/Technical/Medical services that you cannot afford to avoid.",
            "quantity_purchased": 1,
            "item_price": 10,
            "item_total_price": 10,
            "item_tax_rate": 5,
            "item_total_tax": 0.5
        }
    },
    {
        "model": "timelyapp.order",
        "pk": "ord_bCUcmK3sSgFSLMmpFE6L7B",
        "fields": {
            "invoice": "inv_9TuHWPMcT8JFgughpLRnri",
            "discount_code": 1,
            "item_name": "A Different Widget",
            "item_description": "A widget for backward overflow jargon",
            "quantity_purchased": 10,
            "item_price": 20,
            "item_total_price": 200,
            "item_tax_rate": 5,
            "item_total_tax": 10.0
        }
    },
    {
        "model": "timelyapp.order",
        "pk": "ord_9B2SGDayh7jWLjr9m8dt6j",
        "fields": {
            "invoice": "inv_9TuHWPMcT8JFgughpLRnri",
            "discount_code": 1,
            "item_name": "Infeasibility Consulting Study",
            "item_description": "A big useless report on what you want to hear",
            "quantity_purchased": 1,
            "item_price": 20,
            "item_total_price": 20,
            "item_tax_rate": 5,
            "item_total_tax": 1.0
        }
    },
    {
        "model": "timelyapp.order",
        "pk": "ord_F9X5LmCWw5ssezV7UB49pC",
        "fields": {
            "invoice": "inv_9TuHWPMcT8JFgughpLRnri",
            "discount_code": 1,
            "item_name": "Some Widget",
            "item_description": "A business widget for vertical synergy jargon",
            "quantity_purchased": 2,
            "item_price": 10,
            "item_total_price": 20,
            "item_tax_rate": 5,
            "item_total_tax": 1.0
        }
    },
    {
        "model": "timelyapp.order",
        "pk": "ord_WuQbigUFHgrokS8NvffnKn",
        "fields": {
            "invoice": "inv_9TuHWPMcT8JFgughpLRnri",
            "discount_code": 1,
            "item_name": "A Different Widget",
            "item_description": "A widget for backward overflow jargon",
            "quantity_purchased": 4,
            "item_price": 20,
            "item_total_price": 80,
            "item_tax_rate": 5,
            "item_total_tax": 4.0
        }
    },
    {
        "model": "timelyapp.order",
        "pk": "ord_as7YaHUVbGCw9zyh5JUHDx",
        "fields": {
            "invoice": "inv_9TuHWPMcT8JFgughpLRnri",
            "discount_code": 1,
            "item_name": "Some Widget",
            "item_description": "A business widget for vertical synergy jargon",
            "quantity_purchased": 4,
            "item_price": 10,
            "item_total_price": 40,
            "item_tax_rate": 5,
            "item_total_tax": 2.0
        }
    },
    {
        "model": "timelyapp.order",
        "pk": "ord_UCCfYp6nFufxngvyR62Gms",
        "fields": {
            "invoice": "inv_9TuHWPMcT8JFgughpLRnri",
            "discount_code": 1,
            "item_name": "A Different Widget",
            "item_description": "A widget for backward overflow jargon",
            "quantity_purchased": 10,
            "item_price": 20,
            "item_total_price": 200,
            "item_tax_rate": 5,
            "item_total_tax": 10.0
        }
    },
    {
        "model": "timelyapp.order",
        "pk": "ord_nereTzGgitoR6x4DSZS5mi",
        "fields": {
            "invoice": "inv_9TuHWPMcT8JFgughpLRnri",
            "discount_code": 1,
            "item_name": "A Different Widget",
            "item_description": "A widget for backward overflow jargon",
            "quantity_purchased": 10,
            "item_price": 20,
            "item_total_price": 200,
            "item_tax_rate": 5,
            "item_total_tax": 10.0
        }
    },
    {
        "model": "timelyapp.order",
        "pk": "ord_PT89zJhpcPfc6DcQC2A2ii",
        "fields": {
            "invoice": "inv_9TuHWPMcT8JFgughpLRnri",
            "discount_code": 1,
            "item_name": "Infeasibility Consulting Study",
            "item_description": "A big useless report on what you want to hear",
            "quantity_purchased": 2,
            "item_price": 20,
            "item_total_price": 40,
            "item_tax_rate": 5,
            "item_total_tax": 2.0
        }
    },
    {
        "model": "timelyapp.order",
        "pk": "ord_UUBExonuDXr4KapRJzbXGU",
        "fields": {
            "invoice": "inv_9TuHWPMcT8JFgughpLRnri",
            "discount_code": 1,
            "item_name": "Some Widget",
            "item_description": "A business widget for vertical synergy jargon",
            "quantity_purchased": 10,
            "item_price": 10,
            "item_total_price": 100,
            "item_tax_rate": 5,
            "item_total_tax": 5.0
        }
    },
    {
        "model": "timelyapp.invoice",
        "pk": "inv_9TuHWPMcT8JFgughpLRnri",
        "fields": {
            "invoice_name": "BC21000007",
            "date_sent": "2022-04-30",
            "date_due": "2022-05-10",
            "bill_from": "biz_XhLAvUW63VuD4vfuCtEZKw",
            "bill_to": "biz_4iCyEKhCFaNBGGahn3Rn4i",
            "terms": "NET10",
            "invoice_price": 910,
            "invoice_tax": 45.5,
            "invoice_total_price": 955.5,
            "currency": "USD",
            "is_flagged": true,
            "is_scheduled": false,
            "is_paid": false
        }
    },
    {
        "model": "timelyapp.order",
        "pk": "ord_GCkwJaanJoT2iwKVTQAQ2w",
        "fields": {
            "invoice": "inv_gFecCLiu8jpJmTguVpSysp",
            "discount_code": 1,
            "item_name": "Some Widget",
            "item_description": "A business widget for vertical synergy jargon",
            "quantity_purchased": 10,
            "item_price": 10,
            "item_total_price": 100,
            "item_tax_rate": 5,
            "item_total_tax": 5.0
        }
    },
    {
        "model": "timelyapp.order",
        "pk": "ord_apxgyh54c43L7yh96zhWAP",
        "fields": {
            "invoice": "inv_gFecCLiu8jpJmTguVpSysp",
            "discount_code": 1,
            "item_name": "Professional Services",
            "item_description": "Overpriced Legal/Technical/Medical services that you cannot afford to avoid.",
            "quantity_purchased": 2,
            "item_price": 10,
            "item_total_price": 20,
            "item_tax_rate": 5,
            "item_total_tax": 1.0
        }
    },
    {
        "model": "timelyapp.order",
        "pk": "ord_4hMZsYNxLETqDeeFDFFj7r",
        "fields": {
            "invoice": "inv_gFecCLiu8jpJmTguVpSysp",
            "discount_code": 1,
            "item_name": "Professional Services",
            "item_description": "Overpriced Legal/Technical/Medical services that you cannot afford to avoid.",
            "quantity_purchased": 8,
            "item_price": 10,
            "item_total_price": 80,
            "item_tax_rate": 5,
            "item_total_tax": 4.0
        }
    },
    {
        "model": "timelyapp.order",
        "pk": "ord_96csTSn7BuEmrPLSAeqUAd",
        "fields": {
            "invoice": "inv_gFecCLiu8jpJmTguVpSysp",
            "discount_code": 1,
            "item_name": "Some Widget",
            "item_description": "A business widget for vertical synergy jargon",
            "quantity_purchased": 9,
            "item_price": 10,
            "item_total_price": 90,
            "item_tax_rate": 5,
            "item_total_tax": 4.5
        }
    },
    {
        "model": "timelyapp.order",
        "pk": "ord_S7DHWML9JMqD427HhnSXpk",
        "fields": {
            "invoice": "inv_gFecCLiu8jpJmTguVpSysp",
            "discount_code": 1,
            "item_name": "Some Widget",
            "item_description": "A business widget for vertical synergy jargon",
            "quantity_purchased": 4,
            "item_price": 10,
            "item_total_price": 40,
            "item_tax_rate": 5,
            "item_total_tax": 2.0
        }
    },
    {
        "model": "timelyapp.order",
        "pk": "ord_Mnc6ud67eoUgKytG27Xpqd",
        "fields": {
            "invoice": "inv_gFecCLiu8jpJmTguVpSysp",
            "discount_code": 1,
            "item_name": "Professional Services",
            "item_description": "Overpriced Legal/Technical/Medical services that you cannot afford to avoid.",
            "quantity_purchased": 10,
            "item_price": 10,
            "item_total_price": 100,
            "item_tax_rate": 5,
            "item_total_tax": 5.0
        }
    },
    {
        "model": "timelyapp.invoice",
        "pk": "inv_gFecCLiu8jpJmTguVpSysp",
        "fields": {
            "invoice_name": "BC21000008",
            "date_sent": "2022-05-03",
            "date_due": "2022-06-02",
            "bill_from": "biz_XhLAvUW63VuD4vfuCtEZKw",
            "bill_to": "biz_Cz9xETFw7mt6edtQdUYKhJ",
            "terms": "NET30",
            "invoice_price": 430,
            "invoice_tax": 21.5,
            "invoice_total_price": 451.5,
            "currency": "USD",
            "is_flagged": true,
            "is_scheduled": true,
            "is_paid": false
        }
    },
    {
        "model": "timelyapp.order",
        "pk": "ord_hxsVU7MRX2yFNBaHtrK8Tf",
        "fields": {
            "invoice": "inv_nf5kHXn7UDhdbc5xVM7EuQ",
            "discount_code": 1,
            "item_name": "Some Widget",
            "item_description": "A business widget for vertical synergy jargon",
            "quantity_purchased": 6,
            "item_price": 10,
            "item_total_price": 60,
            "item_tax_rate": 5,
            "item_total_tax": 3.0
        }
    },
    {
        "model": "timelyapp.order",
        "pk": "ord_XvPCYfM75ADaiJAx9bjRyP",
        "fields": {
            "invoice": "inv_nf5kHXn7UDhdbc5xVM7EuQ",
            "discount_code": 1,
            "item_name": "Some Widget",
            "item_description": "A business widget for vertical synergy jargon",
            "quantity_purchased": 7,
            "item_price": 10,
            "item_total_price": 70,
            "item_tax_rate": 5,
            "item_total_tax": 3.5
        }
    },
    {
        "model": "timelyapp.order",
        "pk": "ord_9BpsWem6uMh2TNPngTyCz2",
        "fields": {
            "invoice": "inv_nf5kHXn7UDhdbc5xVM7EuQ",
            "discount_code": 1,
            "item_name": "Professional Services",
            "item_description": "Overpriced Legal/Technical/Medical services that you cannot afford to avoid.",
            "quantity_purchased": 3,
            "item_price": 10,
            "item_total_price": 30,
            "item_tax_rate": 5,
            "item_total_tax": 1.5
        }
    },
    {
        "model": "timelyapp.order",
        "pk": "ord_TfbBh7f8nXrjuwMCSFzoN2",
        "fields": {
            "invoice": "inv_nf5kHXn7UDhdbc5xVM7EuQ",
            "discount_code": 1,
            "item_name": "Some Widget",
            "item_description": "A business widget for vertical synergy jargon",
            "quantity_purchased": 6,
            "item_price": 10,
            "item_total_price": 60,
            "item_tax_rate": 5,
            "item_total_tax": 3.0
        }
    },
    {
        "model": "timelyapp.order",
        "pk": "ord_YPJjgtyHe3unMwtajwTc3K",
        "fields": {
            "invoice": "inv_nf5kHXn7UDhdbc5xVM7EuQ",
            "discount_code": 1,
            "item_name": "Infeasibility Consulting Study",
            "item_description": "A big useless report on what you want to hear",
            "quantity_purchased": 3,
            "item_price": 20,
            "item_total_price": 60,
            "item_tax_rate": 5,
            "item_total_tax": 3.0
        }
    },
    {
        "model": "timelyapp.invoice",
        "pk": "inv_nf5kHXn7UDhdbc5xVM7EuQ",
        "fields": {
            "invoice_name": "BC21000009",
            "date_sent": "2022-01-12",
            "date_due": null,
            "bill_from": "biz_XhLAvUW63VuD4vfuCtEZKw",
            "bill_to": "biz_4iCyEKhCFaNBGGahn3Rn4i",
            "terms": "COD",
            "invoice_price": 280,
            "invoice_tax": 14.0,
            "invoice_total_price": 294.0,
            "currency": "USD",
            "is_flagged": false,
            "is_scheduled": true,
            "is_paid": false
        }
    },
    {
        "model": "timelyapp.order",
        "pk": "ord_KCZnddDPG6GgZWE97z3yVs",
        "fields": {
            "invoice": "inv_czDaAmeD4iJCY7Qz2hot6g",
            "discount_code": 1,
            "item_name": "Infeasibility Consulting Study",
            "item_description": "A big useless report on what you want to hear",
            "quantity_purchased": 6,
            "item_price": 20,
            "item_total_price": 120,
            "item_tax_rate": 5,
            "item_total_tax": 6.0
        }
    },
    {
        "model": "timelyapp.order",
        "pk": "ord_QSNE5LZjKMtEebm5a72Xmc",
        "fields": {
            "invoice": "inv_czDaAmeD4iJCY7Qz2hot6g",
            "discount_code": 1,
            "item_name": "Infeasibility Consulting Study",
            "item_description": "A big useless report on what you want to hear",
            "quantity_purchased": 3,
            "item_price": 20,
            "item_total_price": 60,
            "item_tax_rate": 5,
            "item_total_tax": 3.0
        }
    },
    {
        "model": "timelyapp.order",
        "pk": "ord_aYh6PDuUBuhvPmQKq6TZJ4",
        "fields": {
            "invoice": "inv_czDaAmeD4iJCY7Qz2hot6g",
            "discount_code": 1,
            "item_name": "Professional Services",
            "item_description": "Overpriced Legal/Technical/Medical services that you cannot afford to avoid.",
            "quantity_purchased": 2,
            "item_price": 10,
            "item_total_price": 20,
            "item_tax_rate": 5,
            "item_total_tax": 1.0
        }
    },
    {
        "model": "timelyapp.order",
        "pk": "ord_iBf4S5oDRNCAehXW2WZ9Lf",
        "fields": {
            "invoice": "inv_czDaAmeD4iJCY7Qz2hot6g",
            "discount_code": 1,
            "item_name": "Professional Services",
            "item_description": "Overpriced Legal/Technical/Medical services that you cannot afford to avoid.",
            "quantity_purchased": 8,
            "item_price": 10,
            "item_total_price": 80,
            "item_tax_rate": 5,
            "item_total_tax": 4.0
        }
    },
    {
        "model": "timelyapp.order",
        "pk": "ord_fcC48ka5rBDpfXA8hBiPzH",
        "fields": {
            "invoice": "inv_czDaAmeD4iJCY7Qz2hot6g",
            "discount_code": 1,
            "item_name": "A Different Widget",
            "item_description": "A widget for backward overflow jargon",
            "quantity_purchased": 2,
            "item_price": 20,
            "item_total_price": 40,
            "item_tax_rate": 5,
            "item_total_tax": 2.0
        }
    },
    {
        "model": "timelyapp.order",
        "pk": "ord_XXkZz9jKN5vFpHaAnhfuPb",
        "fields": {
            "invoice": "inv_czDaAmeD4iJCY7Qz2hot6g",
            "discount_code": 1,
            "item_name": "Infeasibility Consulting Study",
            "item_description": "A big useless report on what you want to hear",
            "quantity_purchased": 8,
            "item_price": 20,
            "item_total_price": 160,
            "item_tax_rate": 5,
            "item_total_tax": 8.0
        }
    },
    {
        "model": "timelyapp.order",
        "pk": "ord_C2LGLe7YtexA7k7rvSRebU",
        "fields": {
            "invoice": "inv_czDaAmeD4iJCY7Qz2hot6g",
            "discount_code": 1,
            "item_name": "Infeasibility Consulting Study",
            "item_description": "A big useless report on what you want to hear",
            "quantity_purchased": 7,
            "item_price": 20,
            "item_total_price": 140,
            "item_tax_rate": 5,
            "item_total_tax": 7.0
        }
    },
    {
        "model": "timelyapp.order",
        "pk": "ord_EzBUkSAd8PAFHKJ9AidYT2",
        "fields": {
            "invoice": "inv_czDaAmeD4iJCY7Qz2hot6g",
            "discount_code": 1,
            "item_name": "Infeasibility Consulting Study",
            "item_description": "A big useless report on what you want to hear",
            "quantity_purchased": 10,
            "item_price": 20,
            "item_total_price": 200,
            "item_tax_rate": 5,
            "item_total_tax": 10.0
        }
    },
    {
        "model": "timelyapp.order",
        "pk": "ord_R5RHkddCz63e29VXMSV5MS",
        "fields": {
            "invoice": "inv_czDaAmeD4iJCY7Qz2hot6g",
            "discount_code": 1,
            "item_name": "Professional Services",
            "item_description": "Overpriced Legal/Technical/Medical services that you cannot afford to avoid.",
            "quantity_purchased": 4,
            "item_price": 10,
            "item_total_price": 40,
            "item_tax_rate": 5,
            "item_total_tax": 2.0
        }
    },
    {
        "model": "timelyapp.order",
        "pk": "ord_K2cR7LEsUaLrPRKB4t9mvw",
        "fields": {
            "invoice": "inv_czDaAmeD4iJCY7Qz2hot6g",
            "discount_code": 1,
            "item_name": "Some Widget",
            "item_description": "A business widget for vertical synergy jargon",
            "quantity_purchased": 1,
            "item_price": 10,
            "item_total_price": 10,
            "item_tax_rate": 5,
            "item_total_tax": 0.5
        }
    },
    {
        "model": "timelyapp.invoice",
        "pk": "inv_czDaAmeD4iJCY7Qz2hot6g",
        "fields": {
            "invoice_name": "TN21000010",
            "date_sent": "2022-04-01",
            "date_due": "2022-04-08",
            "bill_from": "biz_Cz9xETFw7mt6edtQdUYKhJ",
            "bill_to": "biz_Cz9xETFw7mt6edtQdUYKhJ",
            "terms": "NET7",
            "invoice_price": 870,
            "invoice_tax": 43.5,
            "invoice_total_price": 913.5,
            "currency": "USD",
            "is_flagged": false,
            "is_scheduled": true,
            "is_paid": false
        }
    },
    {
        "model": "timelyapp.order",
        "pk": "ord_MC3x5BQ8ZtHcbYbd5F9wr9",
        "fields": {
            "invoice": "inv_Q6vXmEAhRNuMcRzkcS4mp2",
            "discount_code": 1,
            "item_name": "Professional Services",
            "item_description": "Overpriced Legal/Technical/Medical services that you cannot afford to avoid.",
            "quantity_purchased": 8,
            "item_price": 10,
            "item_total_price": 80,
            "item_tax_rate": 5,
            "item_total_tax": 4.0
        }
    },
    {
        "model": "timelyapp.order",
        "pk": "ord_fDQBAjhByYCQw4hNyugPzn",
        "fields": {
            "invoice": "inv_Q6vXmEAhRNuMcRzkcS4mp2",
            "discount_code": 1,
            "item_name": "Some Widget",
            "item_description": "A business widget for vertical synergy jargon",
            "quantity_purchased": 5,
            "item_price": 10,
            "item_total_price": 50,
            "item_tax_rate": 5,
            "item_total_tax": 2.5
        }
    },
    {
        "model": "timelyapp.order",
        "pk": "ord_MB63ZHdgfhPUEWhk5AtHDu",
        "fields": {
            "invoice": "inv_Q6vXmEAhRNuMcRzkcS4mp2",
            "discount_code": 1,
            "item_name": "A Different Widget",
            "item_description": "A widget for backward overflow jargon",
            "quantity_purchased": 9,
            "item_price": 20,
            "item_total_price": 180,
            "item_tax_rate": 5,
            "item_total_tax": 9.0
        }
    },
    {
        "model": "timelyapp.order",
        "pk": "ord_DpRmMJqLVetBy2hzgNSKg8",
        "fields": {
            "invoice": "inv_Q6vXmEAhRNuMcRzkcS4mp2",
            "discount_code": 1,
            "item_name": "Infeasibility Consulting Study",
            "item_description": "A big useless report on what you want to hear",
            "quantity_purchased": 1,
            "item_price": 20,
            "item_total_price": 20,
            "item_tax_rate": 5,
            "item_total_tax": 1.0
        }
    },
    {
        "model": "timelyapp.order",
        "pk": "ord_f9ednxgo3Ba6Lq4whkjASJ",
        "fields": {
            "invoice": "inv_Q6vXmEAhRNuMcRzkcS4mp2",
            "discount_code": 1,
            "item_name": "A Different Widget",
            "item_description": "A widget for backward overflow jargon",
            "quantity_purchased": 2,
            "item_price": 20,
            "item_total_price": 40,
            "item_tax_rate": 5,
            "item_total_tax": 2.0
        }
    },
    {
        "model": "timelyapp.order",
        "pk": "ord_RyzWKTEfjh5CDjpi5iV6Pi",
        "fields": {
            "invoice": "inv_Q6vXmEAhRNuMcRzkcS4mp2",
            "discount_code": 1,
            "item_name": "Professional Services",
            "item_description": "Overpriced Legal/Technical/Medical services that you cannot afford to avoid.",
            "quantity_purchased": 3,
            "item_price": 10,
            "item_total_price": 30,
            "item_tax_rate": 5,
            "item_total_tax": 1.5
        }
    },
    {
        "model": "timelyapp.invoice",
        "pk": "inv_Q6vXmEAhRNuMcRzkcS4mp2",
        "fields": {
            "invoice_name": "AS21000011",
            "date_sent": "2022-04-14",
            "date_due": "2022-05-14",
            "bill_from": "biz_4iCyEKhCFaNBGGahn3Rn4i",
            "bill_to": "biz_XhLAvUW63VuD4vfuCtEZKw",
            "terms": "NET30",
            "invoice_price": 400,
            "invoice_tax": 20.0,
            "invoice_total_price": 420.0,
            "currency": "USD",
            "is_flagged": true,
            "is_scheduled": false,
            "is_paid": false
        }
    },
    {
        "model": "timelyapp.order",
        "pk": "ord_aavnzMs5kiZHHZ5FCqZcGC",
        "fields": {
            "invoice": "inv_ATdifGgx9ZWJx9fXcpvuVv",
            "discount_code": 1,
            "item_name": "Professional Services",
            "item_description": "Overpriced Legal/Technical/Medical services that you cannot afford to avoid.",
            "quantity_purchased": 4,
            "item_price": 10,
            "item_total_price": 40,
            "item_tax_rate": 5,
            "item_total_tax": 2.0
        }
    },
    {
        "model": "timelyapp.order",
        "pk": "ord_BWuPg4chu2LwHS3atGcTd7",
        "fields": {
            "invoice": "inv_ATdifGgx9ZWJx9fXcpvuVv",
            "discount_code": 1,
            "item_name": "Infeasibility Consulting Study",
            "item_description": "A big useless report on what you want to hear",
            "quantity_purchased": 5,
            "item_price": 20,
            "item_total_price": 100,
            "item_tax_rate": 5,
            "item_total_tax": 5.0
        }
    },
    {
        "model": "timelyapp.order",
        "pk": "ord_HjgZ5ySGuRELh4WEu8fyEH",
        "fields": {
            "invoice": "inv_ATdifGgx9ZWJx9fXcpvuVv",
            "discount_code": 1,
            "item_name": "Some Widget",
            "item_description": "A business widget for vertical synergy jargon",
            "quantity_purchased": 8,
            "item_price": 10,
            "item_total_price": 80,
            "item_tax_rate": 5,
            "item_total_tax": 4.0
        }
    },
    {
        "model": "timelyapp.order",
        "pk": "ord_LqmFduSjvkLCzccmxaPpDn",
        "fields": {
            "invoice": "inv_ATdifGgx9ZWJx9fXcpvuVv",
            "discount_code": 1,
            "item_name": "A Different Widget",
            "item_description": "A widget for backward overflow jargon",
            "quantity_purchased": 5,
            "item_price": 20,
            "item_total_price": 100,
            "item_tax_rate": 5,
            "item_total_tax": 5.0
        }
    },
    {
        "model": "timelyapp.order",
        "pk": "ord_BSkYvDmycNYF8yPB4zrvt7",
        "fields": {
            "invoice": "inv_ATdifGgx9ZWJx9fXcpvuVv",
            "discount_code": 1,
            "item_name": "A Different Widget",
            "item_description": "A widget for backward overflow jargon",
            "quantity_purchased": 10,
            "item_price": 20,
            "item_total_price": 200,
            "item_tax_rate": 5,
            "item_total_tax": 10.0
        }
    },
    {
        "model": "timelyapp.order",
        "pk": "ord_PxgekoNgvXRWVoJHJqVifg",
        "fields": {
            "invoice": "inv_ATdifGgx9ZWJx9fXcpvuVv",
            "discount_code": 1,
            "item_name": "Professional Services",
            "item_description": "Overpriced Legal/Technical/Medical services that you cannot afford to avoid.",
            "quantity_purchased": 4,
            "item_price": 10,
            "item_total_price": 40,
            "item_tax_rate": 5,
            "item_total_tax": 2.0
        }
    },
    {
        "model": "timelyapp.invoice",
        "pk": "inv_ATdifGgx9ZWJx9fXcpvuVv",
        "fields": {
            "invoice_name": "TN21000012",
            "date_sent": "2022-04-24",
            "date_due": "2022-08-22",
            "bill_from": "biz_Cz9xETFw7mt6edtQdUYKhJ",
            "bill_to": "biz_Cz9xETFw7mt6edtQdUYKhJ",
            "terms": "NET120",
            "invoice_price": 560,
            "invoice_tax": 28.0,
            "invoice_total_price": 588.0,
            "currency": "USD",
            "is_flagged": true,
            "is_scheduled": true,
            "is_paid": false
        }
    },
    {
        "model": "timelyapp.order",
        "pk": "ord_R3DXKiBomZcgHucFoKhV8c",
        "fields": {
            "invoice": "inv_K6Qfwjn5nW9y7casT54RJ4",
            "discount_code": 1,
            "item_name": "Some Widget",
            "item_description": "A business widget for vertical synergy jargon",
            "quantity_purchased": 7,
            "item_price": 10,
            "item_total_price": 70,
            "item_tax_rate": 5,
            "item_total_tax": 3.5
        }
    },
    {
        "model": "timelyapp.order",
        "pk": "ord_9AVj5AVvoH8KtLz2YFfoaz",
        "fields": {
            "invoice": "inv_K6Qfwjn5nW9y7casT54RJ4",
            "discount_code": 1,
            "item_name": "A Different Widget",
            "item_description": "A widget for backward overflow jargon",
            "quantity_purchased": 10,
            "item_price": 20,
            "item_total_price": 200,
            "item_tax_rate": 5,
            "item_total_tax": 10.0
        }
    },
    {
        "model": "timelyapp.invoice",
        "pk": "inv_K6Qfwjn5nW9y7casT54RJ4",
        "fields": {
            "invoice_name": "TN21000013",
            "date_sent": "2022-06-09",
            "date_due": "2022-07-09",
            "bill_from": "biz_Cz9xETFw7mt6edtQdUYKhJ",
            "bill_to": "biz_XhLAvUW63VuD4vfuCtEZKw",
            "terms": "NET30",
            "invoice_price": 270,
            "invoice_tax": 13.5,
            "invoice_total_price": 283.5,
            "currency": "USD",
            "is_flagged": true,
            "is_scheduled": true,
            "is_paid": false
        }
    },
    {
        "model": "timelyapp.order",
        "pk": "ord_msxvwSMXoeWfBh9ykny5aN",
        "fields": {
            "invoice": "inv_gQDtRPeEXtwGHt2g7XcTYG",
            "discount_code": 1,
            "item_name": "A Different Widget",
            "item_description": "A widget for backward overflow jargon",
            "quantity_purchased": 9,
            "item_price": 20,
            "item_total_price": 180,
            "item_tax_rate": 5,
            "item_total_tax": 9.0
        }
    },
    {
        "model": "timelyapp.order",
        "pk": "ord_QbmumjaX6KhHWJureVk8Go",
        "fields": {
            "invoice": "inv_gQDtRPeEXtwGHt2g7XcTYG",
            "discount_code": 1,
            "item_name": "Infeasibility Consulting Study",
            "item_description": "A big useless report on what you want to hear",
            "quantity_purchased": 1,
            "item_price": 20,
            "item_total_price": 20,
            "item_tax_rate": 5,
            "item_total_tax": 1.0
        }
    },
    {
        "model": "timelyapp.order",
        "pk": "ord_PoPbMTzzYqsk6uL3ZAP39J",
        "fields": {
            "invoice": "inv_gQDtRPeEXtwGHt2g7XcTYG",
            "discount_code": 1,
            "item_name": "Some Widget",
            "item_description": "A business widget for vertical synergy jargon",
            "quantity_purchased": 3,
            "item_price": 10,
            "item_total_price": 30,
            "item_tax_rate": 5,
            "item_total_tax": 1.5
        }
    },
    {
        "model": "timelyapp.order",
        "pk": "ord_42HJCrBpYVN2CHXuFJTPTz",
        "fields": {
            "invoice": "inv_gQDtRPeEXtwGHt2g7XcTYG",
            "discount_code": 1,
            "item_name": "Infeasibility Consulting Study",
            "item_description": "A big useless report on what you want to hear",
            "quantity_purchased": 9,
            "item_price": 20,
            "item_total_price": 180,
            "item_tax_rate": 5,
            "item_total_tax": 9.0
        }
    },
    {
        "model": "timelyapp.order",
        "pk": "ord_8g7xNCNBWmZioBdwwczpe2",
        "fields": {
            "invoice": "inv_gQDtRPeEXtwGHt2g7XcTYG",
            "discount_code": 1,
            "item_name": "Some Widget",
            "item_description": "A business widget for vertical synergy jargon",
            "quantity_purchased": 1,
            "item_price": 10,
            "item_total_price": 10,
            "item_tax_rate": 5,
            "item_total_tax": 0.5
        }
    },
    {
        "model": "timelyapp.invoice",
        "pk": "inv_gQDtRPeEXtwGHt2g7XcTYG",
        "fields": {
            "invoice_name": "FS21000014",
            "date_sent": "2022-04-09",
            "date_due": "2022-05-09",
            "bill_from": "biz_D3FraiLKpJicT9CdJhwwYc",
            "bill_to": "biz_4iCyEKhCFaNBGGahn3Rn4i",
            "terms": "NET30",
            "invoice_price": 420,
            "invoice_tax": 21.0,
            "invoice_total_price": 441.0,
            "currency": "USD",
            "is_flagged": false,
            "is_scheduled": true,
            "is_paid": false
        }
    },
    {
        "model": "timelyapp.order",
        "pk": "ord_A4s8xbgfn6AWBJCnTW9hvp",
        "fields": {
            "invoice": "inv_76jGVr6VLZSxS5EVTu2LGY",
            "discount_code": 1,
            "item_name": "Infeasibility Consulting Study",
            "item_description": "A big useless report on what you want to hear",
            "quantity_purchased": 4,
            "item_price": 20,
            "item_total_price": 80,
            "item_tax_rate": 5,
            "item_total_tax": 4.0
        }
    },
    {
        "model": "timelyapp.order",
        "pk": "ord_4ZPB63zemb9kHuWfzf9j9a",
        "fields": {
            "invoice": "inv_76jGVr6VLZSxS5EVTu2LGY",
            "discount_code": 1,
            "item_name": "Professional Services",
            "item_description": "Overpriced Legal/Technical/Medical services that you cannot afford to avoid.",
            "quantity_purchased": 7,
            "item_price": 10,
            "item_total_price": 70,
            "item_tax_rate": 5,
            "item_total_tax": 3.5
        }
    },
    {
        "model": "timelyapp.order",
        "pk": "ord_TpXLGcvCnqDWaC26GJrgwv",
        "fields": {
            "invoice": "inv_76jGVr6VLZSxS5EVTu2LGY",
            "discount_code": 1,
            "item_name": "Some Widget",
            "item_description": "A business widget for vertical synergy jargon",
            "quantity_purchased": 8,
            "item_price": 10,
            "item_total_price": 80,
            "item_tax_rate": 5,
            "item_total_tax": 4.0
        }
    },
    {
        "model": "timelyapp.order",
        "pk": "ord_9HhkUEzgiuft59KdFqHoR7",
        "fields": {
            "invoice": "inv_76jGVr6VLZSxS5EVTu2LGY",
            "discount_code": 1,
            "item_name": "Professional Services",
            "item_description": "Overpriced Legal/Technical/Medical services that you cannot afford to avoid.",
            "quantity_purchased": 9,
            "item_price": 10,
            "item_total_price": 90,
            "item_tax_rate": 5,
            "item_total_tax": 4.5
        }
    },
    {
        "model": "timelyapp.order",
        "pk": "ord_Y4T2p3mv28cpLSsHhreU93",
        "fields": {
            "invoice": "inv_76jGVr6VLZSxS5EVTu2LGY",
            "discount_code": 1,
            "item_name": "Professional Services",
            "item_description": "Overpriced Legal/Technical/Medical services that you cannot afford to avoid.",
            "quantity_purchased": 10,
            "item_price": 10,
            "item_total_price": 100,
            "item_tax_rate": 5,
            "item_total_tax": 5.0
        }
    },
    {
        "model": "timelyapp.order",
        "pk": "ord_4BfssnWAouhirtRnnW4MaS",
        "fields": {
            "invoice": "inv_76jGVr6VLZSxS5EVTu2LGY",
            "discount_code": 1,
            "item_name": "A Different Widget",
            "item_description": "A widget for backward overflow jargon",
            "quantity_purchased": 9,
            "item_price": 20,
            "item_total_price": 180,
            "item_tax_rate": 5,
            "item_total_tax": 9.0
        }
    },
    {
        "model": "timelyapp.invoice",
        "pk": "inv_76jGVr6VLZSxS5EVTu2LGY",
        "fields": {
            "invoice_name": "FS21000015",
            "date_sent": "2022-03-04",
            "date_due": "2022-05-03",
            "bill_from": "biz_D3FraiLKpJicT9CdJhwwYc",
            "bill_to": "biz_XhLAvUW63VuD4vfuCtEZKw",
            "terms": "NET60",
            "invoice_price": 600,
            "invoice_tax": 30.0,
            "invoice_total_price": 630.0,
            "currency": "USD",
            "is_flagged": true,
            "is_scheduled": false,
            "is_paid": false
        }
    },
    {
        "model": "timelyapp.order",
        "pk": "ord_Hbv7ueURbZYXvWLdSDZXrS",
        "fields": {
            "invoice": "inv_BXBWuUXcs6hbiR8vN2y2UE",
            "discount_code": 1,
            "item_name": "Some Widget",
            "item_description": "A business widget for vertical synergy jargon",
            "quantity_purchased": 1,
            "item_price": 10,
            "item_total_price": 10,
            "item_tax_rate": 5,
            "item_total_tax": 0.5
        }
    },
    {
        "model": "timelyapp.order",
        "pk": "ord_R9uRwc36Vs7ZFBxYDSeok7",
        "fields": {
            "invoice": "inv_BXBWuUXcs6hbiR8vN2y2UE",
            "discount_code": 1,
            "item_name": "Some Widget",
            "item_description": "A business widget for vertical synergy jargon",
            "quantity_purchased": 3,
            "item_price": 10,
            "item_total_price": 30,
            "item_tax_rate": 5,
            "item_total_tax": 1.5
        }
    },
    {
        "model": "timelyapp.order",
        "pk": "ord_acERWWFM5hDrS7zZ4WZyoj",
        "fields": {
            "invoice": "inv_BXBWuUXcs6hbiR8vN2y2UE",
            "discount_code": 1,
            "item_name": "Professional Services",
            "item_description": "Overpriced Legal/Technical/Medical services that you cannot afford to avoid.",
            "quantity_purchased": 1,
            "item_price": 10,
            "item_total_price": 10,
            "item_tax_rate": 5,
            "item_total_tax": 0.5
        }
    },
    {
        "model": "timelyapp.order",
        "pk": "ord_NFADhzS4jRetKpFgDXZF5a",
        "fields": {
            "invoice": "inv_BXBWuUXcs6hbiR8vN2y2UE",
            "discount_code": 1,
            "item_name": "Professional Services",
            "item_description": "Overpriced Legal/Technical/Medical services that you cannot afford to avoid.",
            "quantity_purchased": 3,
            "item_price": 10,
            "item_total_price": 30,
            "item_tax_rate": 5,
            "item_total_tax": 1.5
        }
    },
    {
        "model": "timelyapp.order",
        "pk": "ord_VMPGFt98jmUJquyGEdpWV5",
        "fields": {
            "invoice": "inv_BXBWuUXcs6hbiR8vN2y2UE",
            "discount_code": 1,
            "item_name": "Professional Services",
            "item_description": "Overpriced Legal/Technical/Medical services that you cannot afford to avoid.",
            "quantity_purchased": 8,
            "item_price": 10,
            "item_total_price": 80,
            "item_tax_rate": 5,
            "item_total_tax": 4.0
        }
    },
    {
        "model": "timelyapp.order",
        "pk": "ord_kbNLWb8HeDG8XoFKVhXez8",
        "fields": {
            "invoice": "inv_BXBWuUXcs6hbiR8vN2y2UE",
            "discount_code": 1,
            "item_name": "Infeasibility Consulting Study",
            "item_description": "A big useless report on what you want to hear",
            "quantity_purchased": 6,
            "item_price": 20,
            "item_total_price": 120,
            "item_tax_rate": 5,
            "item_total_tax": 6.0
        }
    },
    {
        "model": "timelyapp.order",
        "pk": "ord_ewv6CECzfyLJni7mxcpgbP",
        "fields": {
            "invoice": "inv_BXBWuUXcs6hbiR8vN2y2UE",
            "discount_code": 1,
            "item_name": "Some Widget",
            "item_description": "A business widget for vertical synergy jargon",
            "quantity_purchased": 6,
            "item_price": 10,
            "item_total_price": 60,
            "item_tax_rate": 5,
            "item_total_tax": 3.0
        }
    },
    {
        "model": "timelyapp.order",
        "pk": "ord_L7JW2HNZ9cLNQqVqDmYo7E",
        "fields": {
            "invoice": "inv_BXBWuUXcs6hbiR8vN2y2UE",
            "discount_code": 1,
            "item_name": "Infeasibility Consulting Study",
            "item_description": "A big useless report on what you want to hear",
            "quantity_purchased": 4,
            "item_price": 20,
            "item_total_price": 80,
            "item_tax_rate": 5,
            "item_total_tax": 4.0
        }
    },
    {
        "model": "timelyapp.order",
        "pk": "ord_HQqCuVDWkh58NGkCfj4P5f",
        "fields": {
            "invoice": "inv_BXBWuUXcs6hbiR8vN2y2UE",
            "discount_code": 1,
            "item_name": "Some Widget",
            "item_description": "A business widget for vertical synergy jargon",
            "quantity_purchased": 7,
            "item_price": 10,
            "item_total_price": 70,
            "item_tax_rate": 5,
            "item_total_tax": 3.5
        }
    },
    {
        "model": "timelyapp.invoice",
        "pk": "inv_BXBWuUXcs6hbiR8vN2y2UE",
        "fields": {
            "invoice_name": "AS21000016",
            "date_sent": "2022-03-06",
            "date_due": "2022-05-05",
            "bill_from": "biz_4iCyEKhCFaNBGGahn3Rn4i",
            "bill_to": "biz_XhLAvUW63VuD4vfuCtEZKw",
            "terms": "NET60",
            "invoice_price": 490,
            "invoice_tax": 24.5,
            "invoice_total_price": 514.5,
            "currency": "USD",
            "is_flagged": false,
            "is_scheduled": false,
            "is_paid": false
        }
    },
    {
        "model": "timelyapp.order",
        "pk": "ord_XWergW5ubcqGVpt5gQgVMq",
        "fields": {
            "invoice": "inv_QxDNc7mdsRV4h9ygv3gi8a",
            "discount_code": 1,
            "item_name": "Some Widget",
            "item_description": "A business widget for vertical synergy jargon",
            "quantity_purchased": 4,
            "item_price": 10,
            "item_total_price": 40,
            "item_tax_rate": 5,
            "item_total_tax": 2.0
        }
    },
    {
        "model": "timelyapp.invoice",
        "pk": "inv_QxDNc7mdsRV4h9ygv3gi8a",
        "fields": {
            "invoice_name": "TN21000017",
            "date_sent": "2022-02-28",
            "date_due": "2022-05-29",
            "bill_from": "biz_Cz9xETFw7mt6edtQdUYKhJ",
            "bill_to": "biz_4iCyEKhCFaNBGGahn3Rn4i",
            "terms": "NET90",
            "invoice_price": 40,
            "invoice_tax": 2.0,
            "invoice_total_price": 42.0,
            "currency": "USD",
            "is_flagged": true,
            "is_scheduled": true,
            "is_paid": false
        }
    },
    {
        "model": "timelyapp.order",
        "pk": "ord_BczUWzbMiev7rALApJQT3J",
        "fields": {
            "invoice": "inv_65BiPQTgThTQKxr8VKWiKe",
            "discount_code": 1,
            "item_name": "A Different Widget",
            "item_description": "A widget for backward overflow jargon",
            "quantity_purchased": 5,
            "item_price": 20,
            "item_total_price": 100,
            "item_tax_rate": 5,
            "item_total_tax": 5.0
        }
    },
    {
        "model": "timelyapp.order",
        "pk": "ord_35B84aj3wVYvVZKuHKDz8j",
        "fields": {
            "invoice": "inv_65BiPQTgThTQKxr8VKWiKe",
            "discount_code": 1,
            "item_name": "A Different Widget",
            "item_description": "A widget for backward overflow jargon",
            "quantity_purchased": 1,
            "item_price": 20,
            "item_total_price": 20,
            "item_tax_rate": 5,
            "item_total_tax": 1.0
        }
    },
    {
        "model": "timelyapp.order",
        "pk": "ord_gRQtAu98gb2dq8JvoPTk6H",
        "fields": {
            "invoice": "inv_65BiPQTgThTQKxr8VKWiKe",
            "discount_code": 1,
            "item_name": "A Different Widget",
            "item_description": "A widget for backward overflow jargon",
            "quantity_purchased": 2,
            "item_price": 20,
            "item_total_price": 40,
            "item_tax_rate": 5,
            "item_total_tax": 2.0
        }
    },
    {
        "model": "timelyapp.order",
        "pk": "ord_JRThtAbCEmSgvaz5Wiy4hH",
        "fields": {
            "invoice": "inv_65BiPQTgThTQKxr8VKWiKe",
            "discount_code": 1,
            "item_name": "Some Widget",
            "item_description": "A business widget for vertical synergy jargon",
            "quantity_purchased": 7,
            "item_price": 10,
            "item_total_price": 70,
            "item_tax_rate": 5,
            "item_total_tax": 3.5
        }
    },
    {
        "model": "timelyapp.order",
        "pk": "ord_RjscGjfssRtvZSNNBts4Ki",
        "fields": {
            "invoice": "inv_65BiPQTgThTQKxr8VKWiKe",
            "discount_code": 1,
            "item_name": "Some Widget",
            "item_description": "A business widget for vertical synergy jargon",
            "quantity_purchased": 9,
            "item_price": 10,
            "item_total_price": 90,
            "item_tax_rate": 5,
            "item_total_tax": 4.5
        }
    },
    {
        "model": "timelyapp.invoice",
        "pk": "inv_65BiPQTgThTQKxr8VKWiKe",
        "fields": {
            "invoice_name": "AS21000018",
            "date_sent": "2022-05-06",
            "date_due": "2022-09-03",
            "bill_from": "biz_4iCyEKhCFaNBGGahn3Rn4i",
            "bill_to": "biz_Cz9xETFw7mt6edtQdUYKhJ",
            "terms": "NET120",
            "invoice_price": 320,
            "invoice_tax": 16.0,
            "invoice_total_price": 336.0,
            "currency": "USD",
            "is_flagged": true,
            "is_scheduled": false,
            "is_paid": false
        }
    },
    {
        "model": "timelyapp.order",
        "pk": "ord_jPbtgY5Zg8SGMjJnSXPvo8",
        "fields": {
            "invoice": "inv_F3Kz9P8sdK5aUZgweunGw8",
            "discount_code": 1,
            "item_name": "Infeasibility Consulting Study",
            "item_description": "A big useless report on what you want to hear",
            "quantity_purchased": 2,
            "item_price": 20,
            "item_total_price": 40,
            "item_tax_rate": 5,
            "item_total_tax": 2.0
        }
    },
    {
        "model": "timelyapp.order",
        "pk": "ord_9fNW2r3TXoBHqSUT8jM5a2",
        "fields": {
            "invoice": "inv_F3Kz9P8sdK5aUZgweunGw8",
            "discount_code": 1,
            "item_name": "Professional Services",
            "item_description": "Overpriced Legal/Technical/Medical services that you cannot afford to avoid.",
            "quantity_purchased": 10,
            "item_price": 10,
            "item_total_price": 100,
            "item_tax_rate": 5,
            "item_total_tax": 5.0
        }
    },
    {
        "model": "timelyapp.order",
        "pk": "ord_LmyLBsxNm63xL9BCXJpUrQ",
        "fields": {
            "invoice": "inv_F3Kz9P8sdK5aUZgweunGw8",
            "discount_code": 1,
            "item_name": "Infeasibility Consulting Study",
            "item_description": "A big useless report on what you want to hear",
            "quantity_purchased": 6,
            "item_price": 20,
            "item_total_price": 120,
            "item_tax_rate": 5,
            "item_total_tax": 6.0
        }
    },
    {
        "model": "timelyapp.order",
        "pk": "ord_TCNhAQZFVppnZek5Cha45j",
        "fields": {
            "invoice": "inv_F3Kz9P8sdK5aUZgweunGw8",
            "discount_code": 1,
            "item_name": "Infeasibility Consulting Study",
            "item_description": "A big useless report on what you want to hear",
            "quantity_purchased": 2,
            "item_price": 20,
            "item_total_price": 40,
            "item_tax_rate": 5,
            "item_total_tax": 2.0
        }
    },
    {
        "model": "timelyapp.order",
        "pk": "ord_ehPzidED2NrPeXbu2RhoT7",
        "fields": {
            "invoice": "inv_F3Kz9P8sdK5aUZgweunGw8",
            "discount_code": 1,
            "item_name": "Infeasibility Consulting Study",
            "item_description": "A big useless report on what you want to hear",
            "quantity_purchased": 3,
            "item_price": 20,
            "item_total_price": 60,
            "item_tax_rate": 5,
            "item_total_tax": 3.0
        }
    },
    {
        "model": "timelyapp.order",
        "pk": "ord_ersS7NDRH2Ba7sGUCHeuwD",
        "fields": {
            "invoice": "inv_F3Kz9P8sdK5aUZgweunGw8",
            "discount_code": 1,
            "item_name": "Some Widget",
            "item_description": "A business widget for vertical synergy jargon",
            "quantity_purchased": 9,
            "item_price": 10,
            "item_total_price": 90,
            "item_tax_rate": 5,
            "item_total_tax": 4.5
        }
    },
    {
        "model": "timelyapp.invoice",
        "pk": "inv_F3Kz9P8sdK5aUZgweunGw8",
        "fields": {
            "invoice_name": "BC21000019",
            "date_sent": "2021-12-23",
            "date_due": "2021-12-23",
            "bill_from": "biz_XhLAvUW63VuD4vfuCtEZKw",
            "bill_to": "biz_Cz9xETFw7mt6edtQdUYKhJ",
            "terms": "CIA",
            "invoice_price": 450,
            "invoice_tax": 22.5,
            "invoice_total_price": 472.5,
            "currency": "USD",
            "is_flagged": false,
            "is_scheduled": true,
            "is_paid": false
        }
    },
    {
        "model": "timelyapp.order",
        "pk": "ord_MH7XozyVz6DjTXpsSKUA9Q",
        "fields": {
            "invoice": "inv_mkv57nwXzqa3rFFriw6Nnf",
            "discount_code": 1,
            "item_name": "Infeasibility Consulting Study",
            "item_description": "A big useless report on what you want to hear",
            "quantity_purchased": 3,
            "item_price": 20,
            "item_total_price": 60,
            "item_tax_rate": 5,
            "item_total_tax": 3.0
        }
    },
    {
        "model": "timelyapp.order",
        "pk": "ord_7PZoBtBAGQZ24vQ4yhUimp",
        "fields": {
            "invoice": "inv_mkv57nwXzqa3rFFriw6Nnf",
            "discount_code": 1,
            "item_name": "A Different Widget",
            "item_description": "A widget for backward overflow jargon",
            "quantity_purchased": 8,
            "item_price": 20,
            "item_total_price": 160,
            "item_tax_rate": 5,
            "item_total_tax": 8.0
        }
    },
    {
        "model": "timelyapp.order",
        "pk": "ord_mHuzK8TT3QQsoYv895c8m8",
        "fields": {
            "invoice": "inv_mkv57nwXzqa3rFFriw6Nnf",
            "discount_code": 1,
            "item_name": "Infeasibility Consulting Study",
            "item_description": "A big useless report on what you want to hear",
            "quantity_purchased": 6,
            "item_price": 20,
            "item_total_price": 120,
            "item_tax_rate": 5,
            "item_total_tax": 6.0
        }
    },
    {
        "model": "timelyapp.order",
        "pk": "ord_A5xvtNjqSsa6hNA76Ge4Ma",
        "fields": {
            "invoice": "inv_mkv57nwXzqa3rFFriw6Nnf",
            "discount_code": 1,
            "item_name": "A Different Widget",
            "item_description": "A widget for backward overflow jargon",
            "quantity_purchased": 9,
            "item_price": 20,
            "item_total_price": 180,
            "item_tax_rate": 5,
            "item_total_tax": 9.0
        }
    },
    {
        "model": "timelyapp.order",
        "pk": "ord_W5oXCE3Y78XDSLyBB6vkJM",
        "fields": {
            "invoice": "inv_mkv57nwXzqa3rFFriw6Nnf",
            "discount_code": 1,
            "item_name": "Professional Services",
            "item_description": "Overpriced Legal/Technical/Medical services that you cannot afford to avoid.",
            "quantity_purchased": 4,
            "item_price": 10,
            "item_total_price": 40,
            "item_tax_rate": 5,
            "item_total_tax": 2.0
        }
    },
    {
        "model": "timelyapp.order",
        "pk": "ord_oDfN2zKsvNGtPZuzkf2VPx",
        "fields": {
            "invoice": "inv_mkv57nwXzqa3rFFriw6Nnf",
            "discount_code": 1,
            "item_name": "Infeasibility Consulting Study",
            "item_description": "A big useless report on what you want to hear",
            "quantity_purchased": 5,
            "item_price": 20,
            "item_total_price": 100,
            "item_tax_rate": 5,
            "item_total_tax": 5.0
        }
    },
    {
        "model": "timelyapp.invoice",
        "pk": "inv_mkv57nwXzqa3rFFriw6Nnf",
        "fields": {
            "invoice_name": "BC21000020",
            "date_sent": "2022-01-02",
            "date_due": "2022-04-02",
            "bill_from": "biz_XhLAvUW63VuD4vfuCtEZKw",
            "bill_to": "biz_4iCyEKhCFaNBGGahn3Rn4i",
            "terms": "NET90",
            "invoice_price": 660,
            "invoice_tax": 33.0,
            "invoice_total_price": 693.0,
            "currency": "USD",
            "is_flagged": false,
            "is_scheduled": false,
            "is_paid": false
        }
    }
]