[
    {
        "model": "timelyapp.business",
        "pk": "biz_4iCyEKhCFaNBGGahn3Rn4i",
        "fields": {
            "is_member": true,
            "is_individual": false,
            "business_name": "Acme Supplies",
            "billing_address": 1,
            "shipping_address": null,
            "date_joined": "2021-03-01",
            "business_email": "nick.fournier@berkeley.edu",
            "business_phone": "555-555-5555",
            "business_fax": null,
            "stripe_act_id": "acct_1JDpru2Ex7Z79PyO",
            "stripe_cus_id": "cus_JvPwFpPMrKdrNU"
        }
    },
    {
        "model": "timelyapp.business",
        "pk": "biz_XhLAvUW63VuD4vfuCtEZKw",
        "fields": {
            "is_member": true,
            "is_individual": false,
            "business_name": "Beehive Co.",
            "billing_address": 2,
            "shipping_address": null,
            "date_joined": "2021-03-01",
            "business_email": "omar.mohamed@berkeley.edu",
            "business_phone": "555-555-5555",
            "business_fax": null,
            "stripe_act_id": "acct_1JDcak2HzyuoAy7h",
            "stripe_cus_id": "cus_JvQ1UCAmTJt5nR"
        }
    },
    {
        "model": "timelyapp.business",
        "pk": "biz_Cz9xETFw7mt6edtQdUYKhJ",
        "fields": {
            "is_member": true,
            "is_individual": false,
            "business_name": "Third National Business",
            "billing_address": 3,
            "shipping_address": null,
            "date_joined": "2021-03-01",
            "business_email": "businessemail@three.com",
            "business_phone": "555-555-5555",
            "business_fax": null
        }
    },
    {
        "model": "timelyapp.business",
        "pk": "biz_D3FraiLKpJicT9CdJhwwYc",
        "fields": {
            "is_member": true,
            "is_individual": false,
            "business_name": "Fourth Street Store",
            "billing_address": 4,
            "shipping_address": null,
            "date_joined": "2021-03-01",
            "business_email": "businessemail@FOUR.com",
            "business_phone": "555-555-5555",
            "business_fax": null
        }
    },
    {
        "model": "timelyapp.address",
        "pk": 1,
        "fields": {
            "address_1": "1880 Page St",
            "address_2": null,
            "city": "San Francisco",
            "state": "CA",
            "zip_code": "94117",
            "country": "USA"
        }
    },
    {
        "model": "timelyapp.address",
        "pk": 2,
        "fields": {
            "address_1": "1 Somewhere Ave",
            "address_2": null,
            "city": "Northcote",
            "state": "VIC",
            "zip_code": "3070",
            "country": "AU"
        }
    },
    {
        "model": "timelyapp.address",
        "pk": 3,
        "fields": {
            "address_1": "1 Powlett S",
            "address_2": null,
            "city": "East Melbourne",
            "state": "VIC",
            "zip_code": "3002",
            "country": "AU"
        }
    },
    {
        "model": "timelyapp.address",
        "pk": 4,
        "fields": {
            "address_1": "1 Commonwealth Ave",
            "address_2": null,
            "city": "Boston",
            "state": "MA",
            "zip_code": "02116",
            "country": "USA"
        }
    },
    {
        "model": "timelyapp.discount",
        "pk": 1,
        "fields": {
            "discount_code": "NONE",
            "description": "No discount",
            "discount_ratio": 1.0
        }
    },
    {
        "model": "timelyapp.payments",
        "pk": 1,
        "fields": {
            "type": "ACH"
        }
    },
    {
        "model": "timelyapp.payments",
        "pk": 2,
        "fields": {
            "type": "CREDIT"
        }
    },
    {
        "model": "timelyapp.payments",
        "pk": 3,
        "fields": {
            "type": "CHECK"
        }
    },
    {
        "model": "timelyapp.inventory",
        "pk": "itm_SZFxbfXaTJBWwjWExtnVfu",
        "fields": {
            "business": "biz_4iCyEKhCFaNBGGahn3Rn4i",
            "last_updated": "2021-03-03",
            "item_name": "Some Widget",
            "description": "A business widget for vertical synergy jargon",
            "quantity_in_stock": 1000,
            "item_unit": "pc",
            "item_price": 10,
            "currency": "USD"
        }
    },
    {
        "model": "timelyapp.inventory",
        "pk": "itm_VaDg3wAD9GaCWQQm3QyVNF",
        "fields": {
            "business": "biz_4iCyEKhCFaNBGGahn3Rn4i",
            "last_updated": "2021-03-03",
            "item_name": "A Different Widget",
            "description": "A widget for backward overflow jargon",
            "quantity_in_stock": 1000,
            "item_unit": "pc",
            "item_price": 20,
            "currency": "USD"
        }
    },
    {
        "model": "timelyapp.inventory",
        "pk": "itm_apbLZLTJKfECq39JKDhNVz",
        "fields": {
            "business": "biz_XhLAvUW63VuD4vfuCtEZKw",
            "last_updated": "2021-03-13",
            "item_name": "Professional Services",
            "description": "Overpriced Legal/Technical/Medical services that you cannot afford to avoid.",
            "quantity_in_stock": 1000,
            "item_unit": "hrs",
            "item_price": 10,
            "currency": "USD"
        }
    },
    {
        "model": "timelyapp.inventory",
        "pk": "itm_kiTehBv64Fay8LwZ7dHVHk",
        "fields": {
            "business": "biz_XhLAvUW63VuD4vfuCtEZKw",
            "last_updated": "2021-03-13",
            "item_name": "Infeasibility Consulting Study",
            "description": "A big useless report on what you want to hear",
            "quantity_in_stock": 1000,
            "item_unit": "hrs",
            "item_price": 20,
            "currency": "USD"
        }
    },
    {
        "model": "timelyapp.customuser",
        "pk": "usr_ggAYZRZkbM2aqw4zR6k5wT",
        "fields": {
            "business": "biz_4iCyEKhCFaNBGGahn3Rn4i",
            "password": "pbkdf2_sha256$260000$IUq4JkpiyMAjtPI85AMuog$hr++YQCxhTKDW/LHfdSij1+qzgfyRexLouANDTa36VI=",
            "last_login": "2021-04-29T16:24:18.247Z",
            "is_superuser": false,
            "email": "nick@nick.com",
            "first_name": "Nick",
            "last_name": "Fournier",
            "role": "OWNER",
            "is_active": true,
            "date_joined": "2021-04-29T16:24:17.960Z",
            "groups": [],
            "user_permissions": []
        }
    },
    {
        "model": "account.emailaddress",
        "pk": 1,
        "fields": {
            "verified": true,
            "primary": true,
            "user_id": "usr_ggAYZRZkbM2aqw4zR6k5wT",
            "email": "nick@nick.com"
        }
    },
    {
        "model": "timelyapp.customuser",
        "pk": "usr_C82raN5JFCoWVQGAeDLRxa",
        "fields": {
            "business": "biz_XhLAvUW63VuD4vfuCtEZKw",
            "password": "pbkdf2_sha256$260000$vZXc8TF9Kx01u0lVbEhj63$5qvugVywe6WMc1jftHcOY/g1KIBkYARFpbq2ic0Mwas=",
            "last_login": "2021-04-29T16:24:51.077Z",
            "is_superuser": false,
            "email": "omar@omar.com",
            "first_name": "Omar",
            "last_name": "Mohamed",
            "role": "OWNER",
            "is_active": true,
            "date_joined": "2021-04-29T16:24:50.849Z",
            "groups": [],
            "user_permissions": []
        }
    },
    {
        "model": "account.emailaddress",
        "pk": 2,
        "fields": {
            "verified": true,
            "primary": true,
            "user_id": "usr_C82raN5JFCoWVQGAeDLRxa",
            "email": "omar@omar.com"
        }
    },
    {
        "model": "timelyapp.customuser",
        "pk": "usr_hsgrVXy6qPYKLeq9Y7GaK2",
        "fields": {
            "business": "biz_Cz9xETFw7mt6edtQdUYKhJ",
            "password": "pbkdf2_sha256$260000$vZXc8TF9Kx01u0lVbEhj63$5qvugVywe6WMc1jftHcOY/g1KIBkYARFpbq2ic0Mwas=",
            "last_login": "2021-04-29T16:24:51.077Z",
            "is_superuser": false,
            "email": "adel@adel.com",
            "first_name": "Adel",
            "last_name": "Kafouri",
            "role": "OWNER",
            "is_active": true,
            "date_joined": "2021-04-29T16:24:50.849Z",
            "groups": [],
            "user_permissions": []
        }
    },
    {
        "model": "account.emailaddress",
        "pk": 3,
        "fields": {
            "verified": true,
            "primary": true,
            "user_id": "usr_hsgrVXy6qPYKLeq9Y7GaK2",
            "email": "adel@adel.com"
        }
    },
    {
        "model": "timelyapp.customuser",
        "pk": "usr_BfTQQwPGfk9ubvskvx4uzB",
        "fields": {
            "business": "biz_D3FraiLKpJicT9CdJhwwYc",
            "password": "pbkdf2_sha256$260000$vZXc8TF9Kx01u0lVbEhj63$5qvugVywe6WMc1jftHcOY/g1KIBkYARFpbq2ic0Mwas=",
            "last_login": "2021-04-29T16:24:51.077Z",
            "is_superuser": false,
            "email": "test@test.com",
            "first_name": "Test",
            "last_name": "Test",
            "role": "OWNER",
            "is_active": true,
            "date_joined": "2021-04-29T16:24:50.849Z",
            "groups": [],
            "user_permissions": []
        }
    },
    {
        "model": "account.emailaddress",
        "pk": 4,
        "fields": {
            "verified": true,
            "primary": true,
            "user_id": "usr_BfTQQwPGfk9ubvskvx4uzB",
            "email": "test@test.com"
        }
    },
    {
        "model": "timelyapp.order",
        "pk": "ord_NXMWijBthSKMobrv558gto",
        "fields": {
            "invoice": "inv_gzwJZc7bJ4ee5CiEYoQEGd",
            "discount_code": 1,
            "item_name": "A Different Widget",
            "item_description": "A widget for backward overflow jargon",
            "quantity_purchased": 2,
            "item_price": 20,
            "item_total_price": 40,
            "item_tax_rate": 5,
            "item_total_tax": 2.0
        }
    },
    {
        "model": "timelyapp.order",
        "pk": "ord_hgZetY3o5c5vCLuucZcABo",
        "fields": {
            "invoice": "inv_gzwJZc7bJ4ee5CiEYoQEGd",
            "discount_code": 1,
            "item_name": "Professional Services",
            "item_description": "Overpriced Legal/Technical/Medical services that you cannot afford to avoid.",
            "quantity_purchased": 3,
            "item_price": 10,
            "item_total_price": 30,
            "item_tax_rate": 5,
            "item_total_tax": 1.5
        }
    },
    {
        "model": "timelyapp.order",
        "pk": "ord_RpaD7DHVADG23DEHN2trur",
        "fields": {
            "invoice": "inv_gzwJZc7bJ4ee5CiEYoQEGd",
            "discount_code": 1,
            "item_name": "Some Widget",
            "item_description": "A business widget for vertical synergy jargon",
            "quantity_purchased": 8,
            "item_price": 10,
            "item_total_price": 80,
            "item_tax_rate": 5,
            "item_total_tax": 4.0
        }
    },
    {
        "model": "timelyapp.order",
        "pk": "ord_QS5PFPKuD2CSozaq2nwsxk",
        "fields": {
            "invoice": "inv_gzwJZc7bJ4ee5CiEYoQEGd",
            "discount_code": 1,
            "item_name": "A Different Widget",
            "item_description": "A widget for backward overflow jargon",
            "quantity_purchased": 10,
            "item_price": 20,
            "item_total_price": 200,
            "item_tax_rate": 5,
            "item_total_tax": 10.0
        }
    },
    {
        "model": "timelyapp.order",
        "pk": "ord_7JckopZRR47Rc9SXXugnH2",
        "fields": {
            "invoice": "inv_gzwJZc7bJ4ee5CiEYoQEGd",
            "discount_code": 1,
            "item_name": "A Different Widget",
            "item_description": "A widget for backward overflow jargon",
            "quantity_purchased": 1,
            "item_price": 20,
            "item_total_price": 20,
            "item_tax_rate": 5,
            "item_total_tax": 1.0
        }
    },
    {
        "model": "timelyapp.order",
        "pk": "ord_aBkaAfkqrDbecyCtVmNEex",
        "fields": {
            "invoice": "inv_gzwJZc7bJ4ee5CiEYoQEGd",
            "discount_code": 1,
            "item_name": "A Different Widget",
            "item_description": "A widget for backward overflow jargon",
            "quantity_purchased": 2,
            "item_price": 20,
            "item_total_price": 40,
            "item_tax_rate": 5,
            "item_total_tax": 2.0
        }
    },
    {
        "model": "timelyapp.order",
        "pk": "ord_gghnd5nPGntTMVcBjRRDR3",
        "fields": {
            "invoice": "inv_gzwJZc7bJ4ee5CiEYoQEGd",
            "discount_code": 1,
            "item_name": "Professional Services",
            "item_description": "Overpriced Legal/Technical/Medical services that you cannot afford to avoid.",
            "quantity_purchased": 7,
            "item_price": 10,
            "item_total_price": 70,
            "item_tax_rate": 5,
            "item_total_tax": 3.5
        }
    },
    {
        "model": "timelyapp.invoice",
        "pk": "inv_gzwJZc7bJ4ee5CiEYoQEGd",
        "fields": {
            "invoice_name": "FS21000001",
            "date_sent": "2022-04-24",
            "date_due": null,
            "bill_from": "biz_D3FraiLKpJicT9CdJhwwYc",
            "bill_to": "biz_4iCyEKhCFaNBGGahn3Rn4i",
            "terms": "COD",
            "invoice_total_price": 504.0,
            "invoice_total_tax": 24.0,
            "currency": "USD",
            "is_flagged": false,
            "is_scheduled": true,
            "is_paid": false
        }
    },
    {
        "model": "timelyapp.order",
        "pk": "ord_StCc6CVHD37rWrKFcHCG8s",
        "fields": {
            "invoice": "inv_A9x8vvpK72aiFQHsAYcr47",
            "discount_code": 1,
            "item_name": "A Different Widget",
            "item_description": "A widget for backward overflow jargon",
            "quantity_purchased": 1,
            "item_price": 20,
            "item_total_price": 20,
            "item_tax_rate": 5,
            "item_total_tax": 1.0
        }
    },
    {
        "model": "timelyapp.order",
        "pk": "ord_82oDrsjaDWzZYbwehLZSz3",
        "fields": {
            "invoice": "inv_A9x8vvpK72aiFQHsAYcr47",
            "discount_code": 1,
            "item_name": "Some Widget",
            "item_description": "A business widget for vertical synergy jargon",
            "quantity_purchased": 4,
            "item_price": 10,
            "item_total_price": 40,
            "item_tax_rate": 5,
            "item_total_tax": 2.0
        }
    },
    {
        "model": "timelyapp.order",
        "pk": "ord_3W4TkEKRSmG5ueyPPvjyDA",
        "fields": {
            "invoice": "inv_A9x8vvpK72aiFQHsAYcr47",
            "discount_code": 1,
            "item_name": "A Different Widget",
            "item_description": "A widget for backward overflow jargon",
            "quantity_purchased": 3,
            "item_price": 20,
            "item_total_price": 60,
            "item_tax_rate": 5,
            "item_total_tax": 3.0
        }
    },
    {
        "model": "timelyapp.order",
        "pk": "ord_3u4mXshpYikYFhJ3qYKRMB",
        "fields": {
            "invoice": "inv_A9x8vvpK72aiFQHsAYcr47",
            "discount_code": 1,
            "item_name": "Infeasibility Consulting Study",
            "item_description": "A big useless report on what you want to hear",
            "quantity_purchased": 3,
            "item_price": 20,
            "item_total_price": 60,
            "item_tax_rate": 5,
            "item_total_tax": 3.0
        }
    },
    {
        "model": "timelyapp.invoice",
        "pk": "inv_A9x8vvpK72aiFQHsAYcr47",
        "fields": {
            "invoice_name": "TN21000002",
            "date_sent": "2022-03-08",
            "date_due": "2022-06-06",
            "bill_from": "biz_Cz9xETFw7mt6edtQdUYKhJ",
            "bill_to": "biz_Cz9xETFw7mt6edtQdUYKhJ",
            "terms": "NET90",
            "invoice_total_price": 189.0,
            "invoice_total_tax": 9.0,
            "currency": "USD",
            "is_flagged": false,
            "is_scheduled": false,
            "is_paid": false
        }
    },
    {
        "model": "timelyapp.order",
        "pk": "ord_5eZTkQVokpGiiH4VSVthFU",
        "fields": {
            "invoice": "inv_36aRCVN7LVvRDqEQW4kEjG",
            "discount_code": 1,
            "item_name": "A Different Widget",
            "item_description": "A widget for backward overflow jargon",
            "quantity_purchased": 1,
            "item_price": 20,
            "item_total_price": 20,
            "item_tax_rate": 5,
            "item_total_tax": 1.0
        }
    },
    {
        "model": "timelyapp.order",
        "pk": "ord_MirkHx4UMkEyHut3yumyCU",
        "fields": {
            "invoice": "inv_36aRCVN7LVvRDqEQW4kEjG",
            "discount_code": 1,
            "item_name": "Professional Services",
            "item_description": "Overpriced Legal/Technical/Medical services that you cannot afford to avoid.",
            "quantity_purchased": 10,
            "item_price": 10,
            "item_total_price": 100,
            "item_tax_rate": 5,
            "item_total_tax": 5.0
        }
    },
    {
        "model": "timelyapp.order",
        "pk": "ord_ZQHzagU5fhqL9BH59UwATB",
        "fields": {
            "invoice": "inv_36aRCVN7LVvRDqEQW4kEjG",
            "discount_code": 1,
            "item_name": "Some Widget",
            "item_description": "A business widget for vertical synergy jargon",
            "quantity_purchased": 1,
            "item_price": 10,
            "item_total_price": 10,
            "item_tax_rate": 5,
            "item_total_tax": 0.5
        }
    },
    {
        "model": "timelyapp.order",
        "pk": "ord_9U4yFpx44BEQjKsohd2V44",
        "fields": {
            "invoice": "inv_36aRCVN7LVvRDqEQW4kEjG",
            "discount_code": 1,
            "item_name": "Some Widget",
            "item_description": "A business widget for vertical synergy jargon",
            "quantity_purchased": 5,
            "item_price": 10,
            "item_total_price": 50,
            "item_tax_rate": 5,
            "item_total_tax": 2.5
        }
    },
    {
        "model": "timelyapp.order",
        "pk": "ord_VdBjLEbFTQhFAnn3rtuySQ",
        "fields": {
            "invoice": "inv_36aRCVN7LVvRDqEQW4kEjG",
            "discount_code": 1,
            "item_name": "A Different Widget",
            "item_description": "A widget for backward overflow jargon",
            "quantity_purchased": 1,
            "item_price": 20,
            "item_total_price": 20,
            "item_tax_rate": 5,
            "item_total_tax": 1.0
        }
    },
    {
        "model": "timelyapp.invoice",
        "pk": "inv_36aRCVN7LVvRDqEQW4kEjG",
        "fields": {
            "invoice_name": "TN21000003",
            "date_sent": "2022-04-09",
            "date_due": "2022-07-08",
            "bill_from": "biz_Cz9xETFw7mt6edtQdUYKhJ",
            "bill_to": "biz_D3FraiLKpJicT9CdJhwwYc",
            "terms": "NET90",
            "invoice_total_price": 210.0,
            "invoice_total_tax": 10.0,
            "currency": "USD",
            "is_flagged": true,
            "is_scheduled": false,
            "is_paid": false
        }
    },
    {
        "model": "timelyapp.order",
        "pk": "ord_V7sC4pHtfusMfjV8TzS4yn",
        "fields": {
            "invoice": "inv_PE6jtmtfhpeSSEShqqtrc5",
            "discount_code": 1,
            "item_name": "Infeasibility Consulting Study",
            "item_description": "A big useless report on what you want to hear",
            "quantity_purchased": 7,
            "item_price": 20,
            "item_total_price": 140,
            "item_tax_rate": 5,
            "item_total_tax": 7.0
        }
    },
    {
        "model": "timelyapp.order",
        "pk": "ord_4PXdJTdMRLyXU7Kq9mLTUp",
        "fields": {
            "invoice": "inv_PE6jtmtfhpeSSEShqqtrc5",
            "discount_code": 1,
            "item_name": "Professional Services",
            "item_description": "Overpriced Legal/Technical/Medical services that you cannot afford to avoid.",
            "quantity_purchased": 8,
            "item_price": 10,
            "item_total_price": 80,
            "item_tax_rate": 5,
            "item_total_tax": 4.0
        }
    },
    {
        "model": "timelyapp.order",
        "pk": "ord_epM9VFRqFCacXJnZwtUsQV",
        "fields": {
            "invoice": "inv_PE6jtmtfhpeSSEShqqtrc5",
            "discount_code": 1,
            "item_name": "Professional Services",
            "item_description": "Overpriced Legal/Technical/Medical services that you cannot afford to avoid.",
            "quantity_purchased": 6,
            "item_price": 10,
            "item_total_price": 60,
            "item_tax_rate": 5,
            "item_total_tax": 3.0
        }
    },
    {
        "model": "timelyapp.order",
        "pk": "ord_To9bKFK22VRWtczps2RNjT",
        "fields": {
            "invoice": "inv_PE6jtmtfhpeSSEShqqtrc5",
            "discount_code": 1,
            "item_name": "A Different Widget",
            "item_description": "A widget for backward overflow jargon",
            "quantity_purchased": 2,
            "item_price": 20,
            "item_total_price": 40,
            "item_tax_rate": 5,
            "item_total_tax": 2.0
        }
    },
    {
        "model": "timelyapp.order",
        "pk": "ord_DmgmrtRkbchURf7itdYRNb",
        "fields": {
            "invoice": "inv_PE6jtmtfhpeSSEShqqtrc5",
            "discount_code": 1,
            "item_name": "A Different Widget",
            "item_description": "A widget for backward overflow jargon",
            "quantity_purchased": 5,
            "item_price": 20,
            "item_total_price": 100,
            "item_tax_rate": 5,
            "item_total_tax": 5.0
        }
    },
    {
        "model": "timelyapp.order",
        "pk": "ord_DY9QytgcQimYJo4vsy5tfJ",
        "fields": {
            "invoice": "inv_PE6jtmtfhpeSSEShqqtrc5",
            "discount_code": 1,
            "item_name": "A Different Widget",
            "item_description": "A widget for backward overflow jargon",
            "quantity_purchased": 9,
            "item_price": 20,
            "item_total_price": 180,
            "item_tax_rate": 5,
            "item_total_tax": 9.0
        }
    },
    {
        "model": "timelyapp.order",
        "pk": "ord_TkDJmgEPmNE2o5VDVcXidA",
        "fields": {
            "invoice": "inv_PE6jtmtfhpeSSEShqqtrc5",
            "discount_code": 1,
            "item_name": "Infeasibility Consulting Study",
            "item_description": "A big useless report on what you want to hear",
            "quantity_purchased": 8,
            "item_price": 20,
            "item_total_price": 160,
            "item_tax_rate": 5,
            "item_total_tax": 8.0
        }
    },
    {
        "model": "timelyapp.invoice",
        "pk": "inv_PE6jtmtfhpeSSEShqqtrc5",
        "fields": {
            "invoice_name": "FS21000004",
            "date_sent": "2021-12-19",
            "date_due": "2022-02-17",
            "bill_from": "biz_D3FraiLKpJicT9CdJhwwYc",
            "bill_to": "biz_Cz9xETFw7mt6edtQdUYKhJ",
            "terms": "NET60",
            "invoice_total_price": 798.0,
            "invoice_total_tax": 38.0,
            "currency": "USD",
            "is_flagged": true,
            "is_scheduled": false,
            "is_paid": false
        }
    },
    {
        "model": "timelyapp.order",
        "pk": "ord_JTnyRpQMk9tLyQnMd6Z8GX",
        "fields": {
            "invoice": "inv_dxz97UJPsJLVMWbBWaVH65",
            "discount_code": 1,
            "item_name": "A Different Widget",
            "item_description": "A widget for backward overflow jargon",
            "quantity_purchased": 3,
            "item_price": 20,
            "item_total_price": 60,
            "item_tax_rate": 5,
            "item_total_tax": 3.0
        }
    },
    {
        "model": "timelyapp.order",
        "pk": "ord_egGu7VcWaPx5A7V4jyzM4M",
        "fields": {
            "invoice": "inv_dxz97UJPsJLVMWbBWaVH65",
            "discount_code": 1,
            "item_name": "Some Widget",
            "item_description": "A business widget for vertical synergy jargon",
            "quantity_purchased": 7,
            "item_price": 10,
            "item_total_price": 70,
            "item_tax_rate": 5,
            "item_total_tax": 3.5
        }
    },
    {
        "model": "timelyapp.order",
        "pk": "ord_9NNfiWsnG92nAwe4esNJKW",
        "fields": {
            "invoice": "inv_dxz97UJPsJLVMWbBWaVH65",
            "discount_code": 1,
            "item_name": "Some Widget",
            "item_description": "A business widget for vertical synergy jargon",
            "quantity_purchased": 5,
            "item_price": 10,
            "item_total_price": 50,
            "item_tax_rate": 5,
            "item_total_tax": 2.5
        }
    },
    {
        "model": "timelyapp.order",
        "pk": "ord_DuqVqbNemhqxh688bGxUcY",
        "fields": {
            "invoice": "inv_dxz97UJPsJLVMWbBWaVH65",
            "discount_code": 1,
            "item_name": "Some Widget",
            "item_description": "A business widget for vertical synergy jargon",
            "quantity_purchased": 7,
            "item_price": 10,
            "item_total_price": 70,
            "item_tax_rate": 5,
            "item_total_tax": 3.5
        }
    },
    {
        "model": "timelyapp.order",
        "pk": "ord_Zj44iFkLMrbPidsk2phMyh",
        "fields": {
            "invoice": "inv_dxz97UJPsJLVMWbBWaVH65",
            "discount_code": 1,
            "item_name": "Some Widget",
            "item_description": "A business widget for vertical synergy jargon",
            "quantity_purchased": 5,
            "item_price": 10,
            "item_total_price": 50,
            "item_tax_rate": 5,
            "item_total_tax": 2.5
        }
    },
    {
        "model": "timelyapp.order",
        "pk": "ord_58sYQWE3uGWWmg4h9fzf7i",
        "fields": {
            "invoice": "inv_dxz97UJPsJLVMWbBWaVH65",
            "discount_code": 1,
            "item_name": "A Different Widget",
            "item_description": "A widget for backward overflow jargon",
            "quantity_purchased": 9,
            "item_price": 20,
            "item_total_price": 180,
            "item_tax_rate": 5,
            "item_total_tax": 9.0
        }
    },
    {
        "model": "timelyapp.invoice",
        "pk": "inv_dxz97UJPsJLVMWbBWaVH65",
        "fields": {
            "invoice_name": "BC21000005",
            "date_sent": "2022-02-07",
            "date_due": "2022-04-08",
            "bill_from": "biz_XhLAvUW63VuD4vfuCtEZKw",
            "bill_to": "biz_XhLAvUW63VuD4vfuCtEZKw",
            "terms": "NET60",
            "invoice_total_price": 504.0,
            "invoice_total_tax": 24.0,
            "currency": "USD",
            "is_flagged": false,
            "is_scheduled": true,
            "is_paid": false
        }
    },
    {
        "model": "timelyapp.order",
        "pk": "ord_n4mX3LUsFMgLQTQFnHBQaz",
        "fields": {
            "invoice": "inv_oFnK8H9GW7iGAewoe7zbaY",
            "discount_code": 1,
            "item_name": "Some Widget",
            "item_description": "A business widget for vertical synergy jargon",
            "quantity_purchased": 2,
            "item_price": 10,
            "item_total_price": 20,
            "item_tax_rate": 5,
            "item_total_tax": 1.0
        }
    },
    {
        "model": "timelyapp.order",
        "pk": "ord_KiQVhSsKc7iTcb9uiGJaM7",
        "fields": {
            "invoice": "inv_oFnK8H9GW7iGAewoe7zbaY",
            "discount_code": 1,
            "item_name": "A Different Widget",
            "item_description": "A widget for backward overflow jargon",
            "quantity_purchased": 7,
            "item_price": 20,
            "item_total_price": 140,
            "item_tax_rate": 5,
            "item_total_tax": 7.0
        }
    },
    {
        "model": "timelyapp.order",
        "pk": "ord_e4xj52ABAxH7SccUZZJfu8",
        "fields": {
            "invoice": "inv_oFnK8H9GW7iGAewoe7zbaY",
            "discount_code": 1,
            "item_name": "A Different Widget",
            "item_description": "A widget for backward overflow jargon",
            "quantity_purchased": 4,
            "item_price": 20,
            "item_total_price": 80,
            "item_tax_rate": 5,
            "item_total_tax": 4.0
        }
    },
    {
        "model": "timelyapp.order",
        "pk": "ord_Ct6nuxDywiCpdQfcYTeREx",
        "fields": {
            "invoice": "inv_oFnK8H9GW7iGAewoe7zbaY",
            "discount_code": 1,
            "item_name": "Some Widget",
            "item_description": "A business widget for vertical synergy jargon",
            "quantity_purchased": 2,
            "item_price": 10,
            "item_total_price": 20,
            "item_tax_rate": 5,
            "item_total_tax": 1.0
        }
    },
    {
        "model": "timelyapp.order",
        "pk": "ord_SJb26YwuFXn5N7oT9xj8vu",
        "fields": {
            "invoice": "inv_oFnK8H9GW7iGAewoe7zbaY",
            "discount_code": 1,
            "item_name": "Some Widget",
            "item_description": "A business widget for vertical synergy jargon",
            "quantity_purchased": 6,
            "item_price": 10,
            "item_total_price": 60,
            "item_tax_rate": 5,
            "item_total_tax": 3.0
        }
    },
    {
        "model": "timelyapp.order",
        "pk": "ord_Ydj8sNXoFFokcGY7GpRQym",
        "fields": {
            "invoice": "inv_oFnK8H9GW7iGAewoe7zbaY",
            "discount_code": 1,
            "item_name": "A Different Widget",
            "item_description": "A widget for backward overflow jargon",
            "quantity_purchased": 1,
            "item_price": 20,
            "item_total_price": 20,
            "item_tax_rate": 5,
            "item_total_tax": 1.0
        }
    },
    {
        "model": "timelyapp.order",
        "pk": "ord_F8wT6VSZmQ6eheyqA9kazs",
        "fields": {
            "invoice": "inv_oFnK8H9GW7iGAewoe7zbaY",
            "discount_code": 1,
            "item_name": "Infeasibility Consulting Study",
            "item_description": "A big useless report on what you want to hear",
            "quantity_purchased": 2,
            "item_price": 20,
            "item_total_price": 40,
            "item_tax_rate": 5,
            "item_total_tax": 2.0
        }
    },
    {
        "model": "timelyapp.order",
        "pk": "ord_E8xntaSdv9iFYBomFqqhQB",
        "fields": {
            "invoice": "inv_oFnK8H9GW7iGAewoe7zbaY",
            "discount_code": 1,
            "item_name": "Some Widget",
            "item_description": "A business widget for vertical synergy jargon",
            "quantity_purchased": 5,
            "item_price": 10,
            "item_total_price": 50,
            "item_tax_rate": 5,
            "item_total_tax": 2.5
        }
    },
    {
        "model": "timelyapp.order",
        "pk": "ord_mJC6r6BZLGPskGoo7PWqzJ",
        "fields": {
            "invoice": "inv_oFnK8H9GW7iGAewoe7zbaY",
            "discount_code": 1,
            "item_name": "Some Widget",
            "item_description": "A business widget for vertical synergy jargon",
            "quantity_purchased": 10,
            "item_price": 10,
            "item_total_price": 100,
            "item_tax_rate": 5,
            "item_total_tax": 5.0
        }
    },
    {
        "model": "timelyapp.order",
        "pk": "ord_HBBEdtnmq3WLd9vZNJ45WC",
        "fields": {
            "invoice": "inv_oFnK8H9GW7iGAewoe7zbaY",
            "discount_code": 1,
            "item_name": "Infeasibility Consulting Study",
            "item_description": "A big useless report on what you want to hear",
            "quantity_purchased": 9,
            "item_price": 20,
            "item_total_price": 180,
            "item_tax_rate": 5,
            "item_total_tax": 9.0
        }
    },
    {
        "model": "timelyapp.invoice",
        "pk": "inv_oFnK8H9GW7iGAewoe7zbaY",
        "fields": {
            "invoice_name": "AS21000006",
            "date_sent": "2021-12-18",
            "date_due": "2021-12-18",
            "bill_from": "biz_4iCyEKhCFaNBGGahn3Rn4i",
            "bill_to": "biz_XhLAvUW63VuD4vfuCtEZKw",
            "terms": "CIA",
            "invoice_total_price": 745.5,
            "invoice_total_tax": 35.5,
            "currency": "USD",
            "is_flagged": true,
            "is_scheduled": false,
            "is_paid": false
        }
    },
    {
        "model": "timelyapp.order",
        "pk": "ord_mz3EN2SVbMyTzfTwz74xNW",
        "fields": {
            "invoice": "inv_CR5rM6ZSXeXXSBfbizKn5o",
            "discount_code": 1,
            "item_name": "Infeasibility Consulting Study",
            "item_description": "A big useless report on what you want to hear",
            "quantity_purchased": 8,
            "item_price": 20,
            "item_total_price": 160,
            "item_tax_rate": 5,
            "item_total_tax": 8.0
        }
    },
    {
        "model": "timelyapp.order",
        "pk": "ord_6KJJRaiuQZy6PWmE84YpeF",
        "fields": {
            "invoice": "inv_CR5rM6ZSXeXXSBfbizKn5o",
            "discount_code": 1,
            "item_name": "Professional Services",
            "item_description": "Overpriced Legal/Technical/Medical services that you cannot afford to avoid.",
            "quantity_purchased": 5,
            "item_price": 10,
            "item_total_price": 50,
            "item_tax_rate": 5,
            "item_total_tax": 2.5
        }
    },
    {
        "model": "timelyapp.invoice",
        "pk": "inv_CR5rM6ZSXeXXSBfbizKn5o",
        "fields": {
            "invoice_name": "BC21000007",
            "date_sent": "2022-01-04",
            "date_due": "2022-05-04",
            "bill_from": "biz_XhLAvUW63VuD4vfuCtEZKw",
            "bill_to": "biz_XhLAvUW63VuD4vfuCtEZKw",
            "terms": "NET120",
            "invoice_total_price": 220.5,
            "invoice_total_tax": 10.5,
            "currency": "USD",
            "is_flagged": false,
            "is_scheduled": true,
            "is_paid": false
        }
    },
    {
        "model": "timelyapp.order",
        "pk": "ord_dgKPG5s8VnFAB93zyCUGQ6",
        "fields": {
            "invoice": "inv_BZGKFXS6uLmgQyZdopXCsU",
            "discount_code": 1,
            "item_name": "A Different Widget",
            "item_description": "A widget for backward overflow jargon",
            "quantity_purchased": 1,
            "item_price": 20,
            "item_total_price": 20,
            "item_tax_rate": 5,
            "item_total_tax": 1.0
        }
    },
    {
        "model": "timelyapp.invoice",
        "pk": "inv_BZGKFXS6uLmgQyZdopXCsU",
        "fields": {
            "invoice_name": "TN21000008",
            "date_sent": "2022-02-27",
            "date_due": null,
            "bill_from": "biz_Cz9xETFw7mt6edtQdUYKhJ",
            "bill_to": "biz_Cz9xETFw7mt6edtQdUYKhJ",
            "terms": "COD",
            "invoice_total_price": 21.0,
            "invoice_total_tax": 1.0,
            "currency": "USD",
            "is_flagged": false,
            "is_scheduled": true,
            "is_paid": false
        }
    },
    {
        "model": "timelyapp.order",
        "pk": "ord_7pLqZmZGibPrJhSDRFxM3C",
        "fields": {
            "invoice": "inv_fkabj6uM5NbqH9qqsVomzv",
            "discount_code": 1,
            "item_name": "Some Widget",
            "item_description": "A business widget for vertical synergy jargon",
            "quantity_purchased": 4,
            "item_price": 10,
            "item_total_price": 40,
            "item_tax_rate": 5,
            "item_total_tax": 2.0
        }
    },
    {
        "model": "timelyapp.order",
        "pk": "ord_R9LZNRtFJuaYr9oFfAEABw",
        "fields": {
            "invoice": "inv_fkabj6uM5NbqH9qqsVomzv",
            "discount_code": 1,
            "item_name": "Infeasibility Consulting Study",
            "item_description": "A big useless report on what you want to hear",
            "quantity_purchased": 4,
            "item_price": 20,
            "item_total_price": 80,
            "item_tax_rate": 5,
            "item_total_tax": 4.0
        }
    },
    {
        "model": "timelyapp.order",
        "pk": "ord_YdcTnuRiU6njGLRBok8Qa4",
        "fields": {
            "invoice": "inv_fkabj6uM5NbqH9qqsVomzv",
            "discount_code": 1,
            "item_name": "A Different Widget",
            "item_description": "A widget for backward overflow jargon",
            "quantity_purchased": 7,
            "item_price": 20,
            "item_total_price": 140,
            "item_tax_rate": 5,
            "item_total_tax": 7.0
        }
    },
    {
        "model": "timelyapp.order",
        "pk": "ord_j4pcMS3iwfDYg4j6bWzwzM",
        "fields": {
            "invoice": "inv_fkabj6uM5NbqH9qqsVomzv",
            "discount_code": 1,
            "item_name": "Infeasibility Consulting Study",
            "item_description": "A big useless report on what you want to hear",
            "quantity_purchased": 3,
            "item_price": 20,
            "item_total_price": 60,
            "item_tax_rate": 5,
            "item_total_tax": 3.0
        }
    },
    {
        "model": "timelyapp.order",
        "pk": "ord_Vu9KfmCgPP9rtrDn8SjNKm",
        "fields": {
            "invoice": "inv_fkabj6uM5NbqH9qqsVomzv",
            "discount_code": 1,
            "item_name": "A Different Widget",
            "item_description": "A widget for backward overflow jargon",
            "quantity_purchased": 10,
            "item_price": 20,
            "item_total_price": 200,
            "item_tax_rate": 5,
            "item_total_tax": 10.0
        }
    },
    {
        "model": "timelyapp.order",
        "pk": "ord_f8nz4RWKg359YXmpk5JGyr",
        "fields": {
            "invoice": "inv_fkabj6uM5NbqH9qqsVomzv",
            "discount_code": 1,
            "item_name": "A Different Widget",
            "item_description": "A widget for backward overflow jargon",
            "quantity_purchased": 1,
            "item_price": 20,
            "item_total_price": 20,
            "item_tax_rate": 5,
            "item_total_tax": 1.0
        }
    },
    {
        "model": "timelyapp.invoice",
        "pk": "inv_fkabj6uM5NbqH9qqsVomzv",
        "fields": {
            "invoice_name": "AS21000009",
            "date_sent": "2022-06-05",
            "date_due": "2022-08-04",
            "bill_from": "biz_4iCyEKhCFaNBGGahn3Rn4i",
            "bill_to": "biz_XhLAvUW63VuD4vfuCtEZKw",
            "terms": "NET60",
            "invoice_total_price": 567.0,
            "invoice_total_tax": 27.0,
            "currency": "USD",
            "is_flagged": true,
            "is_scheduled": false,
            "is_paid": false
        }
    },
    {
        "model": "timelyapp.order",
        "pk": "ord_AWPAVmoMCwtRPe2BuPLLjY",
        "fields": {
            "invoice": "inv_LiLHzLSQ8AQCuRZTpTePA6",
            "discount_code": 1,
            "item_name": "Some Widget",
            "item_description": "A business widget for vertical synergy jargon",
            "quantity_purchased": 6,
            "item_price": 10,
            "item_total_price": 60,
            "item_tax_rate": 5,
            "item_total_tax": 3.0
        }
    },
    {
        "model": "timelyapp.order",
        "pk": "ord_fsPrEV8NXWCDfibmwxjjKY",
        "fields": {
            "invoice": "inv_LiLHzLSQ8AQCuRZTpTePA6",
            "discount_code": 1,
            "item_name": "Infeasibility Consulting Study",
            "item_description": "A big useless report on what you want to hear",
            "quantity_purchased": 4,
            "item_price": 20,
            "item_total_price": 80,
            "item_tax_rate": 5,
            "item_total_tax": 4.0
        }
    },
    {
        "model": "timelyapp.order",
        "pk": "ord_Cp2L8tCoCw6PkbsCqmywEF",
        "fields": {
            "invoice": "inv_LiLHzLSQ8AQCuRZTpTePA6",
            "discount_code": 1,
            "item_name": "Professional Services",
            "item_description": "Overpriced Legal/Technical/Medical services that you cannot afford to avoid.",
            "quantity_purchased": 9,
            "item_price": 10,
            "item_total_price": 90,
            "item_tax_rate": 5,
            "item_total_tax": 4.5
        }
    },
    {
        "model": "timelyapp.order",
        "pk": "ord_5GSRuTnFitXH82skoHAKsb",
        "fields": {
            "invoice": "inv_LiLHzLSQ8AQCuRZTpTePA6",
            "discount_code": 1,
            "item_name": "Infeasibility Consulting Study",
            "item_description": "A big useless report on what you want to hear",
            "quantity_purchased": 9,
            "item_price": 20,
            "item_total_price": 180,
            "item_tax_rate": 5,
            "item_total_tax": 9.0
        }
    },
    {
        "model": "timelyapp.invoice",
        "pk": "inv_LiLHzLSQ8AQCuRZTpTePA6",
        "fields": {
            "invoice_name": "TN21000010",
            "date_sent": "2022-02-09",
            "date_due": "2022-05-10",
            "bill_from": "biz_Cz9xETFw7mt6edtQdUYKhJ",
            "bill_to": "biz_D3FraiLKpJicT9CdJhwwYc",
            "terms": "NET90",
            "invoice_total_price": 430.5,
            "invoice_total_tax": 20.5,
            "currency": "USD",
            "is_flagged": false,
            "is_scheduled": true,
            "is_paid": false
        }
    },
    {
        "model": "timelyapp.order",
        "pk": "ord_Wq9s4zz2XsHRU3Qr2sZjaq",
        "fields": {
            "invoice": "inv_TrDTZXuUa2Tidqdsxryp2d",
            "discount_code": 1,
            "item_name": "Professional Services",
            "item_description": "Overpriced Legal/Technical/Medical services that you cannot afford to avoid.",
            "quantity_purchased": 8,
            "item_price": 10,
            "item_total_price": 80,
            "item_tax_rate": 5,
            "item_total_tax": 4.0
        }
    },
    {
        "model": "timelyapp.invoice",
        "pk": "inv_TrDTZXuUa2Tidqdsxryp2d",
        "fields": {
            "invoice_name": "AS21000011",
            "date_sent": "2022-03-01",
            "date_due": "2022-05-30",
            "bill_from": "biz_4iCyEKhCFaNBGGahn3Rn4i",
            "bill_to": "biz_Cz9xETFw7mt6edtQdUYKhJ",
            "terms": "NET90",
            "invoice_total_price": 84.0,
            "invoice_total_tax": 4.0,
            "currency": "USD",
            "is_flagged": true,
            "is_scheduled": true,
            "is_paid": false
        }
    },
    {
        "model": "timelyapp.order",
        "pk": "ord_TZhFENdXHuDEgDrBssouh6",
        "fields": {
            "invoice": "inv_2tbRp8coS8GDibtsUmkEmN",
            "discount_code": 1,
            "item_name": "Some Widget",
            "item_description": "A business widget for vertical synergy jargon",
            "quantity_purchased": 1,
            "item_price": 10,
            "item_total_price": 10,
            "item_tax_rate": 5,
            "item_total_tax": 0.5
        }
    },
    {
        "model": "timelyapp.order",
        "pk": "ord_fjcPrwCHYi2uHhJkvsXdNu",
        "fields": {
            "invoice": "inv_2tbRp8coS8GDibtsUmkEmN",
            "discount_code": 1,
            "item_name": "A Different Widget",
            "item_description": "A widget for backward overflow jargon",
            "quantity_purchased": 9,
            "item_price": 20,
            "item_total_price": 180,
            "item_tax_rate": 5,
            "item_total_tax": 9.0
        }
    },
    {
        "model": "timelyapp.order",
        "pk": "ord_ZmsF3TVaso2RHZkKxToZJF",
        "fields": {
            "invoice": "inv_2tbRp8coS8GDibtsUmkEmN",
            "discount_code": 1,
            "item_name": "Some Widget",
            "item_description": "A business widget for vertical synergy jargon",
            "quantity_purchased": 1,
            "item_price": 10,
            "item_total_price": 10,
            "item_tax_rate": 5,
            "item_total_tax": 0.5
        }
    },
    {
        "model": "timelyapp.order",
        "pk": "ord_9tbuhT2pi6CLeiz7NjPMpm",
        "fields": {
            "invoice": "inv_2tbRp8coS8GDibtsUmkEmN",
            "discount_code": 1,
            "item_name": "Professional Services",
            "item_description": "Overpriced Legal/Technical/Medical services that you cannot afford to avoid.",
            "quantity_purchased": 7,
            "item_price": 10,
            "item_total_price": 70,
            "item_tax_rate": 5,
            "item_total_tax": 3.5
        }
    },
    {
        "model": "timelyapp.order",
        "pk": "ord_5VYncmZUq3vrrR2nFTR7ji",
        "fields": {
            "invoice": "inv_2tbRp8coS8GDibtsUmkEmN",
            "discount_code": 1,
            "item_name": "A Different Widget",
            "item_description": "A widget for backward overflow jargon",
            "quantity_purchased": 5,
            "item_price": 20,
            "item_total_price": 100,
            "item_tax_rate": 5,
            "item_total_tax": 5.0
        }
    },
    {
        "model": "timelyapp.order",
        "pk": "ord_RuHRKCjbEcwMbfYa9UkY48",
        "fields": {
            "invoice": "inv_2tbRp8coS8GDibtsUmkEmN",
            "discount_code": 1,
            "item_name": "A Different Widget",
            "item_description": "A widget for backward overflow jargon",
            "quantity_purchased": 2,
            "item_price": 20,
            "item_total_price": 40,
            "item_tax_rate": 5,
            "item_total_tax": 2.0
        }
    },
    {
        "model": "timelyapp.invoice",
        "pk": "inv_2tbRp8coS8GDibtsUmkEmN",
        "fields": {
            "invoice_name": "AS21000012",
            "date_sent": "2022-05-24",
            "date_due": "2022-06-03",
            "bill_from": "biz_4iCyEKhCFaNBGGahn3Rn4i",
            "bill_to": "biz_XhLAvUW63VuD4vfuCtEZKw",
            "terms": "NET10",
            "invoice_total_price": 430.5,
            "invoice_total_tax": 20.5,
            "currency": "USD",
            "is_flagged": true,
            "is_scheduled": true,
            "is_paid": false
        }
    },
    {
        "model": "timelyapp.order",
        "pk": "ord_JTQ5yBsEyRz9CymZtb4t55",
        "fields": {
            "invoice": "inv_VErQnYkBGNQ2uYMN9GVZhR",
            "discount_code": 1,
            "item_name": "Professional Services",
            "item_description": "Overpriced Legal/Technical/Medical services that you cannot afford to avoid.",
            "quantity_purchased": 9,
            "item_price": 10,
            "item_total_price": 90,
            "item_tax_rate": 5,
            "item_total_tax": 4.5
        }
    },
    {
        "model": "timelyapp.order",
        "pk": "ord_gqcFnXxFFxE3nWSo6cvHRo",
        "fields": {
            "invoice": "inv_VErQnYkBGNQ2uYMN9GVZhR",
            "discount_code": 1,
            "item_name": "A Different Widget",
            "item_description": "A widget for backward overflow jargon",
            "quantity_purchased": 8,
            "item_price": 20,
            "item_total_price": 160,
            "item_tax_rate": 5,
            "item_total_tax": 8.0
        }
    },
    {
        "model": "timelyapp.invoice",
        "pk": "inv_VErQnYkBGNQ2uYMN9GVZhR",
        "fields": {
            "invoice_name": "BC21000013",
            "date_sent": "2021-12-22",
            "date_due": "2022-04-21",
            "bill_from": "biz_XhLAvUW63VuD4vfuCtEZKw",
            "bill_to": "biz_XhLAvUW63VuD4vfuCtEZKw",
            "terms": "NET120",
            "invoice_total_price": 262.5,
            "invoice_total_tax": 12.5,
            "currency": "USD",
            "is_flagged": false,
            "is_scheduled": false,
            "is_paid": false
        }
    },
    {
        "model": "timelyapp.order",
        "pk": "ord_Xm5HcGSmiSWKvULmTJ6Hdo",
        "fields": {
            "invoice": "inv_WmQyhgzAsNa7xrVvvCcM7Z",
            "discount_code": 1,
            "item_name": "A Different Widget",
            "item_description": "A widget for backward overflow jargon",
            "quantity_purchased": 6,
            "item_price": 20,
            "item_total_price": 120,
            "item_tax_rate": 5,
            "item_total_tax": 6.0
        }
    },
    {
        "model": "timelyapp.order",
        "pk": "ord_GJ7WiPWVJkTqJ9NG8ExL7k",
        "fields": {
            "invoice": "inv_WmQyhgzAsNa7xrVvvCcM7Z",
            "discount_code": 1,
            "item_name": "Professional Services",
            "item_description": "Overpriced Legal/Technical/Medical services that you cannot afford to avoid.",
            "quantity_purchased": 10,
            "item_price": 10,
            "item_total_price": 100,
            "item_tax_rate": 5,
            "item_total_tax": 5.0
        }
    },
    {
        "model": "timelyapp.order",
        "pk": "ord_heWGEh3DtyoWJmASygczTz",
        "fields": {
            "invoice": "inv_WmQyhgzAsNa7xrVvvCcM7Z",
            "discount_code": 1,
            "item_name": "Professional Services",
            "item_description": "Overpriced Legal/Technical/Medical services that you cannot afford to avoid.",
            "quantity_purchased": 3,
            "item_price": 10,
            "item_total_price": 30,
            "item_tax_rate": 5,
            "item_total_tax": 1.5
        }
    },
    {
        "model": "timelyapp.order",
        "pk": "ord_mgBQZPdrCVL8D6oNoeVxHW",
        "fields": {
            "invoice": "inv_WmQyhgzAsNa7xrVvvCcM7Z",
            "discount_code": 1,
            "item_name": "Professional Services",
            "item_description": "Overpriced Legal/Technical/Medical services that you cannot afford to avoid.",
            "quantity_purchased": 5,
            "item_price": 10,
            "item_total_price": 50,
            "item_tax_rate": 5,
            "item_total_tax": 2.5
        }
    },
    {
        "model": "timelyapp.order",
        "pk": "ord_i9gukokB8WiXX393DTPh55",
        "fields": {
            "invoice": "inv_WmQyhgzAsNa7xrVvvCcM7Z",
            "discount_code": 1,
            "item_name": "Some Widget",
            "item_description": "A business widget for vertical synergy jargon",
            "quantity_purchased": 7,
            "item_price": 10,
            "item_total_price": 70,
            "item_tax_rate": 5,
            "item_total_tax": 3.5
        }
    },
    {
        "model": "timelyapp.order",
        "pk": "ord_cot2SATcUMMZF8VdDKQebt",
        "fields": {
            "invoice": "inv_WmQyhgzAsNa7xrVvvCcM7Z",
            "discount_code": 1,
            "item_name": "A Different Widget",
            "item_description": "A widget for backward overflow jargon",
            "quantity_purchased": 2,
            "item_price": 20,
            "item_total_price": 40,
            "item_tax_rate": 5,
            "item_total_tax": 2.0
        }
    },
    {
        "model": "timelyapp.invoice",
        "pk": "inv_WmQyhgzAsNa7xrVvvCcM7Z",
        "fields": {
            "invoice_name": "TN21000014",
            "date_sent": "2022-02-24",
            "date_due": "2022-03-06",
            "bill_from": "biz_Cz9xETFw7mt6edtQdUYKhJ",
            "bill_to": "biz_Cz9xETFw7mt6edtQdUYKhJ",
            "terms": "NET10",
            "invoice_total_price": 430.5,
            "invoice_total_tax": 20.5,
            "currency": "USD",
            "is_flagged": false,
            "is_scheduled": true,
            "is_paid": false
        }
    },
    {
        "model": "timelyapp.order",
        "pk": "ord_GgSWhZ5au4ZY3vWBRS65eg",
        "fields": {
            "invoice": "inv_4EZoHQSJwoCVQxPiM7AHmN",
            "discount_code": 1,
            "item_name": "Some Widget",
            "item_description": "A business widget for vertical synergy jargon",
            "quantity_purchased": 4,
            "item_price": 10,
            "item_total_price": 40,
            "item_tax_rate": 5,
            "item_total_tax": 2.0
        }
    },
    {
        "model": "timelyapp.order",
        "pk": "ord_3WEEpDm7y3DD4fYqCRumAU",
        "fields": {
            "invoice": "inv_4EZoHQSJwoCVQxPiM7AHmN",
            "discount_code": 1,
            "item_name": "Professional Services",
            "item_description": "Overpriced Legal/Technical/Medical services that you cannot afford to avoid.",
            "quantity_purchased": 4,
            "item_price": 10,
            "item_total_price": 40,
            "item_tax_rate": 5,
            "item_total_tax": 2.0
        }
    },
    {
        "model": "timelyapp.order",
        "pk": "ord_f2HHgkaCTh4JEbPxQShyCG",
        "fields": {
            "invoice": "inv_4EZoHQSJwoCVQxPiM7AHmN",
            "discount_code": 1,
            "item_name": "Professional Services",
            "item_description": "Overpriced Legal/Technical/Medical services that you cannot afford to avoid.",
            "quantity_purchased": 6,
            "item_price": 10,
            "item_total_price": 60,
            "item_tax_rate": 5,
            "item_total_tax": 3.0
        }
    },
    {
        "model": "timelyapp.invoice",
        "pk": "inv_4EZoHQSJwoCVQxPiM7AHmN",
        "fields": {
            "invoice_name": "AS21000015",
            "date_sent": "2022-03-04",
            "date_due": "2022-03-11",
            "bill_from": "biz_4iCyEKhCFaNBGGahn3Rn4i",
            "bill_to": "biz_4iCyEKhCFaNBGGahn3Rn4i",
            "terms": "NET7",
            "invoice_total_price": 147.0,
            "invoice_total_tax": 7.0,
            "currency": "USD",
            "is_flagged": true,
            "is_scheduled": false,
            "is_paid": false
        }
    },
    {
        "model": "timelyapp.order",
        "pk": "ord_mcz572hLUBMmV94xLbCqLf",
        "fields": {
            "invoice": "inv_VMjpMVoahBJ8shp2KoEM8o",
            "discount_code": 1,
            "item_name": "Some Widget",
            "item_description": "A business widget for vertical synergy jargon",
            "quantity_purchased": 9,
            "item_price": 10,
            "item_total_price": 90,
            "item_tax_rate": 5,
            "item_total_tax": 4.5
        }
    },
    {
        "model": "timelyapp.order",
        "pk": "ord_4XTq72T64KPWuQwufk7NCm",
        "fields": {
            "invoice": "inv_VMjpMVoahBJ8shp2KoEM8o",
            "discount_code": 1,
            "item_name": "Professional Services",
            "item_description": "Overpriced Legal/Technical/Medical services that you cannot afford to avoid.",
            "quantity_purchased": 5,
            "item_price": 10,
            "item_total_price": 50,
            "item_tax_rate": 5,
            "item_total_tax": 2.5
        }
    },
    {
        "model": "timelyapp.order",
        "pk": "ord_QYfqzHQAjkyeECweUW35mV",
        "fields": {
            "invoice": "inv_VMjpMVoahBJ8shp2KoEM8o",
            "discount_code": 1,
            "item_name": "Some Widget",
            "item_description": "A business widget for vertical synergy jargon",
            "quantity_purchased": 9,
            "item_price": 10,
            "item_total_price": 90,
            "item_tax_rate": 5,
            "item_total_tax": 4.5
        }
    },
    {
        "model": "timelyapp.order",
        "pk": "ord_SJMpj6teU7zFMT9Ek4z8Fw",
        "fields": {
            "invoice": "inv_VMjpMVoahBJ8shp2KoEM8o",
            "discount_code": 1,
            "item_name": "Professional Services",
            "item_description": "Overpriced Legal/Technical/Medical services that you cannot afford to avoid.",
            "quantity_purchased": 8,
            "item_price": 10,
            "item_total_price": 80,
            "item_tax_rate": 5,
            "item_total_tax": 4.0
        }
    },
    {
        "model": "timelyapp.order",
        "pk": "ord_m9RECAhxXg9i5EA57rT5i5",
        "fields": {
            "invoice": "inv_VMjpMVoahBJ8shp2KoEM8o",
            "discount_code": 1,
            "item_name": "Some Widget",
            "item_description": "A business widget for vertical synergy jargon",
            "quantity_purchased": 6,
            "item_price": 10,
            "item_total_price": 60,
            "item_tax_rate": 5,
            "item_total_tax": 3.0
        }
    },
    {
        "model": "timelyapp.order",
        "pk": "ord_RQPHckqxCdigBBYsSvN2rP",
        "fields": {
            "invoice": "inv_VMjpMVoahBJ8shp2KoEM8o",
            "discount_code": 1,
            "item_name": "Infeasibility Consulting Study",
            "item_description": "A big useless report on what you want to hear",
            "quantity_purchased": 6,
            "item_price": 20,
            "item_total_price": 120,
            "item_tax_rate": 5,
            "item_total_tax": 6.0
        }
    },
    {
        "model": "timelyapp.invoice",
        "pk": "inv_VMjpMVoahBJ8shp2KoEM8o",
        "fields": {
            "invoice_name": "BC21000016",
            "date_sent": "2022-03-04",
            "date_due": "2022-06-02",
            "bill_from": "biz_XhLAvUW63VuD4vfuCtEZKw",
            "bill_to": "biz_XhLAvUW63VuD4vfuCtEZKw",
            "terms": "NET90",
            "invoice_total_price": 514.5,
            "invoice_total_tax": 24.5,
            "currency": "USD",
            "is_flagged": false,
            "is_scheduled": false,
            "is_paid": false
        }
    },
    {
        "model": "timelyapp.order",
        "pk": "ord_LzxGZ8LexMYizgpE7686yK",
        "fields": {
            "invoice": "inv_J6YqpafF87TuCGSPTPtG6P",
            "discount_code": 1,
            "item_name": "Professional Services",
            "item_description": "Overpriced Legal/Technical/Medical services that you cannot afford to avoid.",
            "quantity_purchased": 4,
            "item_price": 10,
            "item_total_price": 40,
            "item_tax_rate": 5,
            "item_total_tax": 2.0
        }
    },
    {
        "model": "timelyapp.order",
        "pk": "ord_Rw9CcBobu7fyhBunrVXDTL",
        "fields": {
            "invoice": "inv_J6YqpafF87TuCGSPTPtG6P",
            "discount_code": 1,
            "item_name": "Infeasibility Consulting Study",
            "item_description": "A big useless report on what you want to hear",
            "quantity_purchased": 6,
            "item_price": 20,
            "item_total_price": 120,
            "item_tax_rate": 5,
            "item_total_tax": 6.0
        }
    },
    {
        "model": "timelyapp.order",
        "pk": "ord_Q7kvU6JQHZYrWr8YJpx2by",
        "fields": {
            "invoice": "inv_J6YqpafF87TuCGSPTPtG6P",
            "discount_code": 1,
            "item_name": "Infeasibility Consulting Study",
            "item_description": "A big useless report on what you want to hear",
            "quantity_purchased": 4,
            "item_price": 20,
            "item_total_price": 80,
            "item_tax_rate": 5,
            "item_total_tax": 4.0
        }
    },
    {
        "model": "timelyapp.order",
        "pk": "ord_6nj4KTqzhrJSZ4CEXtsBG2",
        "fields": {
            "invoice": "inv_J6YqpafF87TuCGSPTPtG6P",
            "discount_code": 1,
            "item_name": "Professional Services",
            "item_description": "Overpriced Legal/Technical/Medical services that you cannot afford to avoid.",
            "quantity_purchased": 1,
            "item_price": 10,
            "item_total_price": 10,
            "item_tax_rate": 5,
            "item_total_tax": 0.5
        }
    },
    {
        "model": "timelyapp.order",
        "pk": "ord_bc5d3u83G3vBhTHRRG5NEW",
        "fields": {
            "invoice": "inv_J6YqpafF87TuCGSPTPtG6P",
            "discount_code": 1,
            "item_name": "Professional Services",
            "item_description": "Overpriced Legal/Technical/Medical services that you cannot afford to avoid.",
            "quantity_purchased": 10,
            "item_price": 10,
            "item_total_price": 100,
            "item_tax_rate": 5,
            "item_total_tax": 5.0
        }
    },
    {
        "model": "timelyapp.order",
        "pk": "ord_QdDR8uS2ScQRuyKPiieD4Y",
        "fields": {
            "invoice": "inv_J6YqpafF87TuCGSPTPtG6P",
            "discount_code": 1,
            "item_name": "Some Widget",
            "item_description": "A business widget for vertical synergy jargon",
            "quantity_purchased": 7,
            "item_price": 10,
            "item_total_price": 70,
            "item_tax_rate": 5,
            "item_total_tax": 3.5
        }
    },
    {
        "model": "timelyapp.order",
        "pk": "ord_YLp9RNFfYF7dm6Kunq6usp",
        "fields": {
            "invoice": "inv_J6YqpafF87TuCGSPTPtG6P",
            "discount_code": 1,
            "item_name": "Infeasibility Consulting Study",
            "item_description": "A big useless report on what you want to hear",
            "quantity_purchased": 2,
            "item_price": 20,
            "item_total_price": 40,
            "item_tax_rate": 5,
            "item_total_tax": 2.0
        }
    },
    {
        "model": "timelyapp.order",
        "pk": "ord_JqZu5awtw8PQAKa8GqX3S9",
        "fields": {
            "invoice": "inv_J6YqpafF87TuCGSPTPtG6P",
            "discount_code": 1,
            "item_name": "Some Widget",
            "item_description": "A business widget for vertical synergy jargon",
            "quantity_purchased": 3,
            "item_price": 10,
            "item_total_price": 30,
            "item_tax_rate": 5,
            "item_total_tax": 1.5
        }
    },
    {
        "model": "timelyapp.order",
        "pk": "ord_JnWHcCpuevikG6hRbRh3px",
        "fields": {
            "invoice": "inv_J6YqpafF87TuCGSPTPtG6P",
            "discount_code": 1,
            "item_name": "Some Widget",
            "item_description": "A business widget for vertical synergy jargon",
            "quantity_purchased": 5,
            "item_price": 10,
            "item_total_price": 50,
            "item_tax_rate": 5,
            "item_total_tax": 2.5
        }
    },
    {
        "model": "timelyapp.order",
        "pk": "ord_BQJoXKTNjULPzEnkqmsf27",
        "fields": {
            "invoice": "inv_J6YqpafF87TuCGSPTPtG6P",
            "discount_code": 1,
            "item_name": "Some Widget",
            "item_description": "A business widget for vertical synergy jargon",
            "quantity_purchased": 2,
            "item_price": 10,
            "item_total_price": 20,
            "item_tax_rate": 5,
            "item_total_tax": 1.0
        }
    },
    {
        "model": "timelyapp.invoice",
        "pk": "inv_J6YqpafF87TuCGSPTPtG6P",
        "fields": {
            "invoice_name": "TN21000017",
            "date_sent": "2022-04-24",
            "date_due": "2022-05-01",
            "bill_from": "biz_Cz9xETFw7mt6edtQdUYKhJ",
            "bill_to": "biz_D3FraiLKpJicT9CdJhwwYc",
            "terms": "NET7",
            "invoice_total_price": 588.0,
            "invoice_total_tax": 28.0,
            "currency": "USD",
            "is_flagged": false,
            "is_scheduled": false,
            "is_paid": false
        }
    },
    {
        "model": "timelyapp.order",
        "pk": "ord_jCKBJxGcCEMTBqdpAo2PdX",
        "fields": {
            "invoice": "inv_DZRhnYPjR9GztxgTYiaauK",
            "discount_code": 1,
            "item_name": "Infeasibility Consulting Study",
            "item_description": "A big useless report on what you want to hear",
            "quantity_purchased": 1,
            "item_price": 20,
            "item_total_price": 20,
            "item_tax_rate": 5,
            "item_total_tax": 1.0
        }
    },
    {
        "model": "timelyapp.order",
        "pk": "ord_PgThT2vRNtsYyYa4DodaRA",
        "fields": {
            "invoice": "inv_DZRhnYPjR9GztxgTYiaauK",
            "discount_code": 1,
            "item_name": "A Different Widget",
            "item_description": "A widget for backward overflow jargon",
            "quantity_purchased": 9,
            "item_price": 20,
            "item_total_price": 180,
            "item_tax_rate": 5,
            "item_total_tax": 9.0
        }
    },
    {
        "model": "timelyapp.order",
        "pk": "ord_SGgagSekZMw9DdBzps4tUJ",
        "fields": {
            "invoice": "inv_DZRhnYPjR9GztxgTYiaauK",
            "discount_code": 1,
            "item_name": "Some Widget",
            "item_description": "A business widget for vertical synergy jargon",
            "quantity_purchased": 7,
            "item_price": 10,
            "item_total_price": 70,
            "item_tax_rate": 5,
            "item_total_tax": 3.5
        }
    },
    {
        "model": "timelyapp.order",
        "pk": "ord_h3ok9J8EVJ7Sdwbx8YmLpN",
        "fields": {
            "invoice": "inv_DZRhnYPjR9GztxgTYiaauK",
            "discount_code": 1,
            "item_name": "Some Widget",
            "item_description": "A business widget for vertical synergy jargon",
            "quantity_purchased": 7,
            "item_price": 10,
            "item_total_price": 70,
            "item_tax_rate": 5,
            "item_total_tax": 3.5
        }
    },
    {
        "model": "timelyapp.order",
        "pk": "ord_hvMWEHWqmpJrZq6JgFjrcE",
        "fields": {
            "invoice": "inv_DZRhnYPjR9GztxgTYiaauK",
            "discount_code": 1,
            "item_name": "Some Widget",
            "item_description": "A business widget for vertical synergy jargon",
            "quantity_purchased": 8,
            "item_price": 10,
            "item_total_price": 80,
            "item_tax_rate": 5,
            "item_total_tax": 4.0
        }
    },
    {
        "model": "timelyapp.order",
        "pk": "ord_A5cur6W2o96MBAvjc5XYJt",
        "fields": {
            "invoice": "inv_DZRhnYPjR9GztxgTYiaauK",
            "discount_code": 1,
            "item_name": "Infeasibility Consulting Study",
            "item_description": "A big useless report on what you want to hear",
            "quantity_purchased": 8,
            "item_price": 20,
            "item_total_price": 160,
            "item_tax_rate": 5,
            "item_total_tax": 8.0
        }
    },
    {
        "model": "timelyapp.order",
        "pk": "ord_kDPeYpVzW69cSe4tsmGyfk",
        "fields": {
            "invoice": "inv_DZRhnYPjR9GztxgTYiaauK",
            "discount_code": 1,
            "item_name": "A Different Widget",
            "item_description": "A widget for backward overflow jargon",
            "quantity_purchased": 9,
            "item_price": 20,
            "item_total_price": 180,
            "item_tax_rate": 5,
            "item_total_tax": 9.0
        }
    },
    {
        "model": "timelyapp.invoice",
        "pk": "inv_DZRhnYPjR9GztxgTYiaauK",
        "fields": {
            "invoice_name": "BC21000018",
            "date_sent": "2022-02-20",
            "date_due": "2022-05-21",
            "bill_from": "biz_XhLAvUW63VuD4vfuCtEZKw",
            "bill_to": "biz_D3FraiLKpJicT9CdJhwwYc",
            "terms": "NET90",
            "invoice_total_price": 798.0,
            "invoice_total_tax": 38.0,
            "currency": "USD",
            "is_flagged": false,
            "is_scheduled": true,
            "is_paid": false
        }
    },
    {
        "model": "timelyapp.order",
        "pk": "ord_C5izSW2qnozXiGVW37zJDW",
        "fields": {
            "invoice": "inv_BQsuKLFUuuA49rgqkUHSJp",
            "discount_code": 1,
            "item_name": "Some Widget",
            "item_description": "A business widget for vertical synergy jargon",
            "quantity_purchased": 7,
            "item_price": 10,
            "item_total_price": 70,
            "item_tax_rate": 5,
            "item_total_tax": 3.5
        }
    },
    {
        "model": "timelyapp.order",
        "pk": "ord_5JhA4xNXiGQE8t7oztuxQh",
        "fields": {
            "invoice": "inv_BQsuKLFUuuA49rgqkUHSJp",
            "discount_code": 1,
            "item_name": "A Different Widget",
            "item_description": "A widget for backward overflow jargon",
            "quantity_purchased": 6,
            "item_price": 20,
            "item_total_price": 120,
            "item_tax_rate": 5,
            "item_total_tax": 6.0
        }
    },
    {
        "model": "timelyapp.order",
        "pk": "ord_FygM2vgcCyKFtVz7nYU2Li",
        "fields": {
            "invoice": "inv_BQsuKLFUuuA49rgqkUHSJp",
            "discount_code": 1,
            "item_name": "Some Widget",
            "item_description": "A business widget for vertical synergy jargon",
            "quantity_purchased": 5,
            "item_price": 10,
            "item_total_price": 50,
            "item_tax_rate": 5,
            "item_total_tax": 2.5
        }
    },
    {
        "model": "timelyapp.order",
        "pk": "ord_atRtWhCp2TQDXBfzzA9YQV",
        "fields": {
            "invoice": "inv_BQsuKLFUuuA49rgqkUHSJp",
            "discount_code": 1,
            "item_name": "Some Widget",
            "item_description": "A business widget for vertical synergy jargon",
            "quantity_purchased": 5,
            "item_price": 10,
            "item_total_price": 50,
            "item_tax_rate": 5,
            "item_total_tax": 2.5
        }
    },
    {
        "model": "timelyapp.invoice",
        "pk": "inv_BQsuKLFUuuA49rgqkUHSJp",
        "fields": {
            "invoice_name": "TN21000019",
            "date_sent": "2022-03-24",
            "date_due": "2022-03-31",
            "bill_from": "biz_Cz9xETFw7mt6edtQdUYKhJ",
            "bill_to": "biz_XhLAvUW63VuD4vfuCtEZKw",
            "terms": "NET7",
            "invoice_total_price": 304.5,
            "invoice_total_tax": 14.5,
            "currency": "USD",
            "is_flagged": false,
            "is_scheduled": false,
            "is_paid": false
        }
    },
    {
        "model": "timelyapp.order",
        "pk": "ord_ZV55vDRoLSnSnUuFBMRDpi",
        "fields": {
            "invoice": "inv_85vRN9YUvNHZsnEZt5t4kd",
            "discount_code": 1,
            "item_name": "Infeasibility Consulting Study",
            "item_description": "A big useless report on what you want to hear",
            "quantity_purchased": 4,
            "item_price": 20,
            "item_total_price": 80,
            "item_tax_rate": 5,
            "item_total_tax": 4.0
        }
    },
    {
        "model": "timelyapp.order",
        "pk": "ord_TQCYTyGDrBnKKWbFZJzT5J",
        "fields": {
            "invoice": "inv_85vRN9YUvNHZsnEZt5t4kd",
            "discount_code": 1,
            "item_name": "A Different Widget",
            "item_description": "A widget for backward overflow jargon",
            "quantity_purchased": 1,
            "item_price": 20,
            "item_total_price": 20,
            "item_tax_rate": 5,
            "item_total_tax": 1.0
        }
    },
    {
        "model": "timelyapp.order",
        "pk": "ord_C7HczuVRs2sM2HCgJNcWcY",
        "fields": {
            "invoice": "inv_85vRN9YUvNHZsnEZt5t4kd",
            "discount_code": 1,
            "item_name": "Professional Services",
            "item_description": "Overpriced Legal/Technical/Medical services that you cannot afford to avoid.",
            "quantity_purchased": 8,
            "item_price": 10,
            "item_total_price": 80,
            "item_tax_rate": 5,
            "item_total_tax": 4.0
        }
    },
    {
        "model": "timelyapp.order",
        "pk": "ord_PpC6eUkG8XJ8TfqxbgAuNP",
        "fields": {
            "invoice": "inv_85vRN9YUvNHZsnEZt5t4kd",
            "discount_code": 1,
            "item_name": "Professional Services",
            "item_description": "Overpriced Legal/Technical/Medical services that you cannot afford to avoid.",
            "quantity_purchased": 1,
            "item_price": 10,
            "item_total_price": 10,
            "item_tax_rate": 5,
            "item_total_tax": 0.5
        }
    },
    {
        "model": "timelyapp.order",
        "pk": "ord_VN3AvcDPbyLgyU3GeRCX9h",
        "fields": {
            "invoice": "inv_85vRN9YUvNHZsnEZt5t4kd",
            "discount_code": 1,
            "item_name": "Professional Services",
            "item_description": "Overpriced Legal/Technical/Medical services that you cannot afford to avoid.",
            "quantity_purchased": 4,
            "item_price": 10,
            "item_total_price": 40,
            "item_tax_rate": 5,
            "item_total_tax": 2.0
        }
    },
    {
        "model": "timelyapp.invoice",
        "pk": "inv_85vRN9YUvNHZsnEZt5t4kd",
        "fields": {
            "invoice_name": "FS21000020",
            "date_sent": "2022-06-03",
            "date_due": "2022-06-13",
            "bill_from": "biz_D3FraiLKpJicT9CdJhwwYc",
            "bill_to": "biz_XhLAvUW63VuD4vfuCtEZKw",
            "terms": "NET10",
            "invoice_total_price": 241.5,
            "invoice_total_tax": 11.5,
            "currency": "USD",
            "is_flagged": false,
            "is_scheduled": true,
            "is_paid": false
        }
    }
]