[
    {
        "model": "timelyapp.business",
        "pk": "biz_4iCyEKhCFaNBGGahn3Rn4i",
        "fields": {
            "is_member": true,
            "is_individual": false,
            "business_name": "Acme Supplies",
            "billing_address": 1,
            "shipping_address": null,
            "date_joined": "2021-03-01",
            "business_email": "nick.fournier@berkeley.edu",
            "business_phone": "555-555-5555",
            "business_fax": null,
            "stripe_act_id": "acct_1JDpru2Ex7Z79PyO",
            "stripe_cus_id": "cus_JvPwFpPMrKdrNU"
        }
    },
    {
        "model": "timelyapp.business",
        "pk": "biz_XhLAvUW63VuD4vfuCtEZKw",
        "fields": {
            "is_member": true,
            "is_individual": false,
            "business_name": "Beehive Co.",
            "billing_address": 2,
            "shipping_address": null,
            "date_joined": "2021-03-01",
            "business_email": "omar.mohamed@berkeley.edu",
            "business_phone": "555-555-5555",
            "business_fax": null,
            "stripe_act_id": "acct_1JDcak2HzyuoAy7h",
            "stripe_cus_id": "cus_JvQ1UCAmTJt5nR"
        }
    },
    {
        "model": "timelyapp.business",
        "pk": "biz_Cz9xETFw7mt6edtQdUYKhJ",
        "fields": {
            "is_member": true,
            "is_individual": false,
            "business_name": "Third National Business",
            "billing_address": 3,
            "shipping_address": null,
            "date_joined": "2021-03-01",
            "business_email": "businessemail@three.com",
            "business_phone": "555-555-5555",
            "business_fax": null
        }
    },
    {
        "model": "timelyapp.business",
        "pk": "biz_D3FraiLKpJicT9CdJhwwYc",
        "fields": {
            "is_member": true,
            "is_individual": false,
            "business_name": "Fourth Street Store",
            "billing_address": 4,
            "shipping_address": null,
            "date_joined": "2021-03-01",
            "business_email": "businessemail@FOUR.com",
            "business_phone": "555-555-5555",
            "business_fax": null
        }
    },
    {
        "model": "timelyapp.address",
        "pk": 1,
        "fields": {
            "address_1": "1880 Page St",
            "address_2": null,
            "city": "San Francisco",
            "state": "CA",
            "zip_code": "94117",
            "country": "USA"
        }
    },
    {
        "model": "timelyapp.address",
        "pk": 2,
        "fields": {
            "address_1": "1 Somewhere Ave",
            "address_2": null,
            "city": "Northcote",
            "state": "VIC",
            "zip_code": "3070",
            "country": "AU"
        }
    },
    {
        "model": "timelyapp.address",
        "pk": 3,
        "fields": {
            "address_1": "1 Powlett S",
            "address_2": null,
            "city": "East Melbourne",
            "state": "VIC",
            "zip_code": "3002",
            "country": "AU"
        }
    },
    {
        "model": "timelyapp.address",
        "pk": 4,
        "fields": {
            "address_1": "1 Commonwealth Ave",
            "address_2": null,
            "city": "Boston",
            "state": "MA",
            "zip_code": "02116",
            "country": "USA"
        }
    },
    {
        "model": "timelyapp.discount",
        "pk": 1,
        "fields": {
            "discount_code": "NONE",
            "description": "No discount",
            "discount_ratio": 1.0
        }
    },
    {
        "model": "timelyapp.payments",
        "pk": 1,
        "fields": {
            "type": "ACH"
        }
    },
    {
        "model": "timelyapp.payments",
        "pk": 2,
        "fields": {
            "type": "CREDIT"
        }
    },
    {
        "model": "timelyapp.payments",
        "pk": 3,
        "fields": {
            "type": "CHECK"
        }
    },
    {
        "model": "timelyapp.inventory",
        "pk": "itm_SZFxbfXaTJBWwjWExtnVfu",
        "fields": {
            "business": "biz_4iCyEKhCFaNBGGahn3Rn4i",
            "last_updated": "2021-03-03",
            "item_name": "Some Widget",
            "description": "A business widget for vertical synergy jargon",
            "quantity_in_stock": 1000,
            "item_unit": "pc",
            "item_price": 10,
            "currency": "USD"
        }
    },
    {
        "model": "timelyapp.inventory",
        "pk": "itm_VaDg3wAD9GaCWQQm3QyVNF",
        "fields": {
            "business": "biz_4iCyEKhCFaNBGGahn3Rn4i",
            "last_updated": "2021-03-03",
            "item_name": "A Different Widget",
            "description": "A widget for backward overflow jargon",
            "quantity_in_stock": 1000,
            "item_unit": "pc",
            "item_price": 20,
            "currency": "USD"
        }
    },
    {
        "model": "timelyapp.inventory",
        "pk": "itm_apbLZLTJKfECq39JKDhNVz",
        "fields": {
            "business": "biz_XhLAvUW63VuD4vfuCtEZKw",
            "last_updated": "2021-03-13",
            "item_name": "Professional Services",
            "description": "Overpriced Legal/Technical/Medical services that you cannot afford to avoid.",
            "quantity_in_stock": 1000,
            "item_unit": "hrs",
            "item_price": 10,
            "currency": "USD"
        }
    },
    {
        "model": "timelyapp.inventory",
        "pk": "itm_kiTehBv64Fay8LwZ7dHVHk",
        "fields": {
            "business": "biz_XhLAvUW63VuD4vfuCtEZKw",
            "last_updated": "2021-03-13",
            "item_name": "Infeasibility Consulting Study",
            "description": "A big useless report on what you want to hear",
            "quantity_in_stock": 1000,
            "item_unit": "hrs",
            "item_price": 20,
            "currency": "USD"
        }
    },
    {
        "model": "timelyapp.taxes",
        "pk": "tax_4iCyEKhCFaNBGGahn3Rn4i",
        "fields": {
            "percentage": 7.25,
            "display_name": "CA Sales Tax",
            "abbreviation": "CA1",
            "description": "CA state sales tax rate",
            "zipcode": null,
            "city": null,
            "state": "CA",
            "country": "USA",
            "business_id": "biz_4iCyEKhCFaNBGGahn3Rn4i",
            "compound": true
        }
    },
    {
        "model": "timelyapp.taxes",
        "pk": "tax_XhLAvUW63VuD4vfuCtEZKw",
        "fields": {
            "percentage": 7.25,
            "display_name": "CA Sales Tax",
            "abbreviation": "CA1",
            "description": "CA state sales tax rate",
            "zipcode": null,
            "city": null,
            "state": "CA",
            "country": "USA",
            "business_id": "biz_XhLAvUW63VuD4vfuCtEZKw",
            "compound": true
        }
    },
    {
        "model": "timelyapp.taxes",
        "pk": "tax_TNpDwGRpCu2QbU5MDWexRa",
        "fields": {
            "percentage": 1.25,
            "display_name": "SF County Sales Tax",
            "abbreviation": "SF1",
            "description": "San Francisco County Sales Tax",
            "zipcode": null,
            "city": "San Francisco",
            "state": "CA",
            "country": "USA",
            "business_id": "biz_4iCyEKhCFaNBGGahn3Rn4i",
            "compound": true
        }
    },
    {
        "model": "timelyapp.customuser",
        "pk": "usr_ggAYZRZkbM2aqw4zR6k5wT",
        "fields": {
            "business": "biz_4iCyEKhCFaNBGGahn3Rn4i",
            "password": "pbkdf2_sha256$260000$IUq4JkpiyMAjtPI85AMuog$hr++YQCxhTKDW/LHfdSij1+qzgfyRexLouANDTa36VI=",
            "last_login": "2021-04-29T16:24:18.247Z",
            "is_superuser": false,
            "email": "nick@nick.com",
            "first_name": "Nick",
            "last_name": "Fournier",
            "role": "OWNER",
            "is_active": true,
            "date_joined": "2021-04-29T16:24:17.960Z",
            "groups": [],
            "user_permissions": []
        }
    },
    {
        "model": "account.emailaddress",
        "pk": 1,
        "fields": {
            "verified": true,
            "primary": true,
            "user_id": "usr_ggAYZRZkbM2aqw4zR6k5wT",
            "email": "nick@nick.com"
        }
    },
    {
        "model": "timelyapp.customuser",
        "pk": "usr_C82raN5JFCoWVQGAeDLRxa",
        "fields": {
            "business": "biz_XhLAvUW63VuD4vfuCtEZKw",
            "password": "pbkdf2_sha256$260000$vZXc8TF9Kx01u0lVbEhj63$5qvugVywe6WMc1jftHcOY/g1KIBkYARFpbq2ic0Mwas=",
            "last_login": "2021-04-29T16:24:51.077Z",
            "is_superuser": false,
            "email": "omar@omar.com",
            "first_name": "Omar",
            "last_name": "Mohamed",
            "role": "OWNER",
            "is_active": true,
            "date_joined": "2021-04-29T16:24:50.849Z",
            "groups": [],
            "user_permissions": []
        }
    },
    {
        "model": "account.emailaddress",
        "pk": 2,
        "fields": {
            "verified": true,
            "primary": true,
            "user_id": "usr_C82raN5JFCoWVQGAeDLRxa",
            "email": "omar@omar.com"
        }
    },
    {
        "model": "timelyapp.customuser",
        "pk": "usr_hsgrVXy6qPYKLeq9Y7GaK2",
        "fields": {
            "business": "biz_Cz9xETFw7mt6edtQdUYKhJ",
            "password": "pbkdf2_sha256$260000$vZXc8TF9Kx01u0lVbEhj63$5qvugVywe6WMc1jftHcOY/g1KIBkYARFpbq2ic0Mwas=",
            "last_login": "2021-04-29T16:24:51.077Z",
            "is_superuser": false,
            "email": "adel@adel.com",
            "first_name": "Adel",
            "last_name": "Kafouri",
            "role": "OWNER",
            "is_active": true,
            "date_joined": "2021-04-29T16:24:50.849Z",
            "groups": [],
            "user_permissions": []
        }
    },
    {
        "model": "account.emailaddress",
        "pk": 3,
        "fields": {
            "verified": true,
            "primary": true,
            "user_id": "usr_hsgrVXy6qPYKLeq9Y7GaK2",
            "email": "adel@adel.com"
        }
    },
    {
        "model": "timelyapp.customuser",
        "pk": "usr_BfTQQwPGfk9ubvskvx4uzB",
        "fields": {
            "business": "biz_D3FraiLKpJicT9CdJhwwYc",
            "password": "pbkdf2_sha256$260000$vZXc8TF9Kx01u0lVbEhj63$5qvugVywe6WMc1jftHcOY/g1KIBkYARFpbq2ic0Mwas=",
            "last_login": "2021-04-29T16:24:51.077Z",
            "is_superuser": false,
            "email": "test@test.com",
            "first_name": "Test",
            "last_name": "Test",
            "role": "OWNER",
            "is_active": true,
            "date_joined": "2021-04-29T16:24:50.849Z",
            "groups": [],
            "user_permissions": []
        }
    },
    {
        "model": "account.emailaddress",
        "pk": 4,
        "fields": {
            "verified": true,
            "primary": true,
            "user_id": "usr_BfTQQwPGfk9ubvskvx4uzB",
            "email": "test@test.com"
        }
    },
    {
        "model": "timelyapp.order",
        "pk": "ord_DbqnSoekLrb2RvG2CQJeQP",
        "fields": {
            "invoice": "inv_6NVUYSk9LGVG5p5kDBVEeZ",
            "discount_code": 1,
            "item_name": "Some Widget",
            "item_description": "A business widget for vertical synergy jargon",
            "quantity_purchased": 4,
            "item_price": 10,
            "item_total_price": 40,
            "item_tax_rates": [
                "tax_4iCyEKhCFaNBGGahn3Rn4i",
                "tax_TNpDwGRpCu2QbU5MDWexRa"
            ],
            "item_tax_amt": 3.4
        }
    },
    {
        "model": "timelyapp.order",
        "pk": "ord_6vLLRfYZdzsBLg3Cfn4RnW",
        "fields": {
            "invoice": "inv_6NVUYSk9LGVG5p5kDBVEeZ",
            "discount_code": 1,
            "item_name": "Professional Services",
            "item_description": "Overpriced Legal/Technical/Medical services that you cannot afford to avoid.",
            "quantity_purchased": 2,
            "item_price": 10,
            "item_total_price": 20,
            "item_tax_rates": [
                "tax_4iCyEKhCFaNBGGahn3Rn4i",
                "tax_TNpDwGRpCu2QbU5MDWexRa"
            ],
            "item_tax_amt": 1.7
        }
    },
    {
        "model": "timelyapp.order",
        "pk": "ord_Br4CxuQRGrc64dywuUeMUe",
        "fields": {
            "invoice": "inv_6NVUYSk9LGVG5p5kDBVEeZ",
            "discount_code": 1,
            "item_name": "Infeasibility Consulting Study",
            "item_description": "A big useless report on what you want to hear",
            "quantity_purchased": 10,
            "item_price": 20,
            "item_total_price": 200,
            "item_tax_rates": [
                "tax_4iCyEKhCFaNBGGahn3Rn4i",
                "tax_TNpDwGRpCu2QbU5MDWexRa"
            ],
            "item_tax_amt": 17.0
        }
    },
    {
        "model": "timelyapp.order",
        "pk": "ord_iugtxnJ7fPcAKMMjg4zbms",
        "fields": {
            "invoice": "inv_6NVUYSk9LGVG5p5kDBVEeZ",
            "discount_code": 1,
            "item_name": "A Different Widget",
            "item_description": "A widget for backward overflow jargon",
            "quantity_purchased": 2,
            "item_price": 20,
            "item_total_price": 40,
            "item_tax_rates": [
                "tax_4iCyEKhCFaNBGGahn3Rn4i",
                "tax_TNpDwGRpCu2QbU5MDWexRa"
            ],
            "item_tax_amt": 3.4
        }
    },
    {
        "model": "timelyapp.order",
        "pk": "ord_j57qwDj2i4J39fpiEfsEGS",
        "fields": {
            "invoice": "inv_6NVUYSk9LGVG5p5kDBVEeZ",
            "discount_code": 1,
            "item_name": "Infeasibility Consulting Study",
            "item_description": "A big useless report on what you want to hear",
            "quantity_purchased": 7,
            "item_price": 20,
            "item_total_price": 140,
            "item_tax_rates": [
                "tax_4iCyEKhCFaNBGGahn3Rn4i",
                "tax_TNpDwGRpCu2QbU5MDWexRa"
            ],
            "item_tax_amt": 11.9
        }
    },
    {
        "model": "timelyapp.order",
        "pk": "ord_bWizok3V7Xrzig8f3FV4vp",
        "fields": {
            "invoice": "inv_6NVUYSk9LGVG5p5kDBVEeZ",
            "discount_code": 1,
            "item_name": "A Different Widget",
            "item_description": "A widget for backward overflow jargon",
            "quantity_purchased": 9,
            "item_price": 20,
            "item_total_price": 180,
            "item_tax_rates": [
                "tax_4iCyEKhCFaNBGGahn3Rn4i",
                "tax_TNpDwGRpCu2QbU5MDWexRa"
            ],
            "item_tax_amt": 15.3
        }
    },
    {
        "model": "timelyapp.order",
        "pk": "ord_TTFZY3GpWo7c6iCFiCZDJh",
        "fields": {
            "invoice": "inv_6NVUYSk9LGVG5p5kDBVEeZ",
            "discount_code": 1,
            "item_name": "Some Widget",
            "item_description": "A business widget for vertical synergy jargon",
            "quantity_purchased": 2,
            "item_price": 10,
            "item_total_price": 20,
            "item_tax_rates": [
                "tax_4iCyEKhCFaNBGGahn3Rn4i",
                "tax_TNpDwGRpCu2QbU5MDWexRa"
            ],
            "item_tax_amt": 1.7
        }
    },
    {
        "model": "timelyapp.order",
        "pk": "ord_JRqU7XXwznNuxGgG62Br8V",
        "fields": {
            "invoice": "inv_6NVUYSk9LGVG5p5kDBVEeZ",
            "discount_code": 1,
            "item_name": "Professional Services",
            "item_description": "Overpriced Legal/Technical/Medical services that you cannot afford to avoid.",
            "quantity_purchased": 4,
            "item_price": 10,
            "item_total_price": 40,
            "item_tax_rates": [
                "tax_4iCyEKhCFaNBGGahn3Rn4i",
                "tax_TNpDwGRpCu2QbU5MDWexRa"
            ],
            "item_tax_amt": 3.4
        }
    },
    {
        "model": "timelyapp.order",
        "pk": "ord_ZrPEQS58rghtpAmJbM3C6o",
        "fields": {
            "invoice": "inv_6NVUYSk9LGVG5p5kDBVEeZ",
            "discount_code": 1,
            "item_name": "A Different Widget",
            "item_description": "A widget for backward overflow jargon",
            "quantity_purchased": 10,
            "item_price": 20,
            "item_total_price": 200,
            "item_tax_rates": [
                "tax_4iCyEKhCFaNBGGahn3Rn4i",
                "tax_TNpDwGRpCu2QbU5MDWexRa"
            ],
            "item_tax_amt": 17.0
        }
    },
    {
        "model": "timelyapp.order",
        "pk": "ord_NiUQ99epFPFFmotKeFQrKX",
        "fields": {
            "invoice": "inv_6NVUYSk9LGVG5p5kDBVEeZ",
            "discount_code": 1,
            "item_name": "A Different Widget",
            "item_description": "A widget for backward overflow jargon",
            "quantity_purchased": 4,
            "item_price": 20,
            "item_total_price": 80,
            "item_tax_rates": [
                "tax_4iCyEKhCFaNBGGahn3Rn4i",
                "tax_TNpDwGRpCu2QbU5MDWexRa"
            ],
            "item_tax_amt": 6.8
        }
    },
    {
        "model": "timelyapp.invoice",
        "pk": "inv_6NVUYSk9LGVG5p5kDBVEeZ",
        "fields": {
            "invoice_name": "BC22000001",
            "date_sent": "2022-02-06",
            "date_due": "2022-05-07",
            "bill_from": "biz_XhLAvUW63VuD4vfuCtEZKw",
            "bill_to": "biz_4iCyEKhCFaNBGGahn3Rn4i",
            "terms": "NET90",
            "invoice_price": 960,
            "invoice_tax_amt": 81.60000000000001,
            "invoice_total_price": 1041.6,
            "currency": "USD",
            "is_flagged": false,
            "is_scheduled": true,
            "is_paid": false
        }
    },
    {
        "model": "timelyapp.order",
        "pk": "ord_BEyeiHRbWG78YAnMLR5Hgo",
        "fields": {
            "invoice": "inv_UWPTYrbQGpTzsK5k74cZEx",
            "discount_code": 1,
            "item_name": "Professional Services",
            "item_description": "Overpriced Legal/Technical/Medical services that you cannot afford to avoid.",
            "quantity_purchased": 5,
            "item_price": 10,
            "item_total_price": 50,
            "item_tax_rates": [
                "tax_4iCyEKhCFaNBGGahn3Rn4i",
                "tax_TNpDwGRpCu2QbU5MDWexRa"
            ],
            "item_tax_amt": 4.25
        }
    },
    {
        "model": "timelyapp.order",
        "pk": "ord_moWdYxLijmwMNiYGBY9dLr",
        "fields": {
            "invoice": "inv_UWPTYrbQGpTzsK5k74cZEx",
            "discount_code": 1,
            "item_name": "Professional Services",
            "item_description": "Overpriced Legal/Technical/Medical services that you cannot afford to avoid.",
            "quantity_purchased": 3,
            "item_price": 10,
            "item_total_price": 30,
            "item_tax_rates": [
                "tax_4iCyEKhCFaNBGGahn3Rn4i",
                "tax_TNpDwGRpCu2QbU5MDWexRa"
            ],
            "item_tax_amt": 2.55
        }
    },
    {
        "model": "timelyapp.order",
        "pk": "ord_GJYH7WKkxbPo6LHyEDJiZb",
        "fields": {
            "invoice": "inv_UWPTYrbQGpTzsK5k74cZEx",
            "discount_code": 1,
            "item_name": "Professional Services",
            "item_description": "Overpriced Legal/Technical/Medical services that you cannot afford to avoid.",
            "quantity_purchased": 5,
            "item_price": 10,
            "item_total_price": 50,
            "item_tax_rates": [
                "tax_4iCyEKhCFaNBGGahn3Rn4i",
                "tax_TNpDwGRpCu2QbU5MDWexRa"
            ],
            "item_tax_amt": 4.25
        }
    },
    {
        "model": "timelyapp.invoice",
        "pk": "inv_UWPTYrbQGpTzsK5k74cZEx",
        "fields": {
            "invoice_name": "BC22000002",
            "date_sent": "2022-05-16",
            "date_due": "2022-09-13",
            "bill_from": "biz_XhLAvUW63VuD4vfuCtEZKw",
            "bill_to": "biz_4iCyEKhCFaNBGGahn3Rn4i",
            "terms": "NET120",
            "invoice_price": 130,
            "invoice_tax_amt": 11.05,
            "invoice_total_price": 141.05,
            "currency": "USD",
            "is_flagged": false,
            "is_scheduled": true,
            "is_paid": false
        }
    },
    {
        "model": "timelyapp.order",
        "pk": "ord_4duRbkoWH6HJywdPbpNzjQ",
        "fields": {
            "invoice": "inv_kyrPs2iLpDwjdwPLvJ3cji",
            "discount_code": 1,
            "item_name": "Some Widget",
            "item_description": "A business widget for vertical synergy jargon",
            "quantity_purchased": 3,
            "item_price": 10,
            "item_total_price": 30,
            "item_tax_rates": [
                "tax_4iCyEKhCFaNBGGahn3Rn4i",
                "tax_TNpDwGRpCu2QbU5MDWexRa"
            ],
            "item_tax_amt": 2.55
        }
    },
    {
        "model": "timelyapp.order",
        "pk": "ord_X27X8W6HtMarcA5YVRzYtr",
        "fields": {
            "invoice": "inv_kyrPs2iLpDwjdwPLvJ3cji",
            "discount_code": 1,
            "item_name": "Some Widget",
            "item_description": "A business widget for vertical synergy jargon",
            "quantity_purchased": 4,
            "item_price": 10,
            "item_total_price": 40,
            "item_tax_rates": [
                "tax_4iCyEKhCFaNBGGahn3Rn4i",
                "tax_TNpDwGRpCu2QbU5MDWexRa"
            ],
            "item_tax_amt": 3.4
        }
    },
    {
        "model": "timelyapp.order",
        "pk": "ord_Q65tJkSB3ZHbHQWGGPipBA",
        "fields": {
            "invoice": "inv_kyrPs2iLpDwjdwPLvJ3cji",
            "discount_code": 1,
            "item_name": "Infeasibility Consulting Study",
            "item_description": "A big useless report on what you want to hear",
            "quantity_purchased": 8,
            "item_price": 20,
            "item_total_price": 160,
            "item_tax_rates": [
                "tax_4iCyEKhCFaNBGGahn3Rn4i",
                "tax_TNpDwGRpCu2QbU5MDWexRa"
            ],
            "item_tax_amt": 13.6
        }
    },
    {
        "model": "timelyapp.order",
        "pk": "ord_57vRo8F3QyErRRVqpy35Z3",
        "fields": {
            "invoice": "inv_kyrPs2iLpDwjdwPLvJ3cji",
            "discount_code": 1,
            "item_name": "Infeasibility Consulting Study",
            "item_description": "A big useless report on what you want to hear",
            "quantity_purchased": 3,
            "item_price": 20,
            "item_total_price": 60,
            "item_tax_rates": [
                "tax_4iCyEKhCFaNBGGahn3Rn4i",
                "tax_TNpDwGRpCu2QbU5MDWexRa"
            ],
            "item_tax_amt": 5.1
        }
    },
    {
        "model": "timelyapp.order",
        "pk": "ord_hLzwvhQCMTfqyPC8hSUKkh",
        "fields": {
            "invoice": "inv_kyrPs2iLpDwjdwPLvJ3cji",
            "discount_code": 1,
            "item_name": "Infeasibility Consulting Study",
            "item_description": "A big useless report on what you want to hear",
            "quantity_purchased": 6,
            "item_price": 20,
            "item_total_price": 120,
            "item_tax_rates": [
                "tax_4iCyEKhCFaNBGGahn3Rn4i",
                "tax_TNpDwGRpCu2QbU5MDWexRa"
            ],
            "item_tax_amt": 10.2
        }
    },
    {
        "model": "timelyapp.order",
        "pk": "ord_3DuJpB2No4uFrgSibALVWg",
        "fields": {
            "invoice": "inv_kyrPs2iLpDwjdwPLvJ3cji",
            "discount_code": 1,
            "item_name": "A Different Widget",
            "item_description": "A widget for backward overflow jargon",
            "quantity_purchased": 5,
            "item_price": 20,
            "item_total_price": 100,
            "item_tax_rates": [
                "tax_4iCyEKhCFaNBGGahn3Rn4i",
                "tax_TNpDwGRpCu2QbU5MDWexRa"
            ],
            "item_tax_amt": 8.5
        }
    },
    {
        "model": "timelyapp.order",
        "pk": "ord_oJfEbm7VAmAtwMCvsKejz8",
        "fields": {
            "invoice": "inv_kyrPs2iLpDwjdwPLvJ3cji",
            "discount_code": 1,
            "item_name": "Professional Services",
            "item_description": "Overpriced Legal/Technical/Medical services that you cannot afford to avoid.",
            "quantity_purchased": 2,
            "item_price": 10,
            "item_total_price": 20,
            "item_tax_rates": [
                "tax_4iCyEKhCFaNBGGahn3Rn4i",
                "tax_TNpDwGRpCu2QbU5MDWexRa"
            ],
            "item_tax_amt": 1.7
        }
    },
    {
        "model": "timelyapp.order",
        "pk": "ord_ewarQsvgV6tsdM5PWVD2HN",
        "fields": {
            "invoice": "inv_kyrPs2iLpDwjdwPLvJ3cji",
            "discount_code": 1,
            "item_name": "Infeasibility Consulting Study",
            "item_description": "A big useless report on what you want to hear",
            "quantity_purchased": 1,
            "item_price": 20,
            "item_total_price": 20,
            "item_tax_rates": [
                "tax_4iCyEKhCFaNBGGahn3Rn4i",
                "tax_TNpDwGRpCu2QbU5MDWexRa"
            ],
            "item_tax_amt": 1.7
        }
    },
    {
        "model": "timelyapp.order",
        "pk": "ord_jSLSikCKd7qWK4BKCU3ZMz",
        "fields": {
            "invoice": "inv_kyrPs2iLpDwjdwPLvJ3cji",
            "discount_code": 1,
            "item_name": "Some Widget",
            "item_description": "A business widget for vertical synergy jargon",
            "quantity_purchased": 5,
            "item_price": 10,
            "item_total_price": 50,
            "item_tax_rates": [
                "tax_4iCyEKhCFaNBGGahn3Rn4i",
                "tax_TNpDwGRpCu2QbU5MDWexRa"
            ],
            "item_tax_amt": 4.25
        }
    },
    {
        "model": "timelyapp.invoice",
        "pk": "inv_kyrPs2iLpDwjdwPLvJ3cji",
        "fields": {
            "invoice_name": "BC22000003",
            "date_sent": "2022-05-26",
            "date_due": "2022-06-02",
            "bill_from": "biz_XhLAvUW63VuD4vfuCtEZKw",
            "bill_to": "biz_XhLAvUW63VuD4vfuCtEZKw",
            "terms": "NET7",
            "invoice_price": 600,
            "invoice_tax_amt": 51.0,
            "invoice_total_price": 651.0,
            "currency": "USD",
            "is_flagged": false,
            "is_scheduled": false,
            "is_paid": false
        }
    },
    {
        "model": "timelyapp.order",
        "pk": "ord_EK2pV6rdtLUyY82gf2x5Jd",
        "fields": {
            "invoice": "inv_ggULQ72VSDsoNba5VpAjJw",
            "discount_code": 1,
            "item_name": "Some Widget",
            "item_description": "A business widget for vertical synergy jargon",
            "quantity_purchased": 7,
            "item_price": 10,
            "item_total_price": 70,
            "item_tax_rates": [
                "tax_4iCyEKhCFaNBGGahn3Rn4i",
                "tax_TNpDwGRpCu2QbU5MDWexRa"
            ],
            "item_tax_amt": 5.95
        }
    },
    {
        "model": "timelyapp.order",
        "pk": "ord_RUqZbJqx9wNJDtoSg8DVdi",
        "fields": {
            "invoice": "inv_ggULQ72VSDsoNba5VpAjJw",
            "discount_code": 1,
            "item_name": "Infeasibility Consulting Study",
            "item_description": "A big useless report on what you want to hear",
            "quantity_purchased": 6,
            "item_price": 20,
            "item_total_price": 120,
            "item_tax_rates": [
                "tax_4iCyEKhCFaNBGGahn3Rn4i",
                "tax_TNpDwGRpCu2QbU5MDWexRa"
            ],
            "item_tax_amt": 10.2
        }
    },
    {
        "model": "timelyapp.order",
        "pk": "ord_fwDhjBfMzKnWdwRCtYz8C2",
        "fields": {
            "invoice": "inv_ggULQ72VSDsoNba5VpAjJw",
            "discount_code": 1,
            "item_name": "A Different Widget",
            "item_description": "A widget for backward overflow jargon",
            "quantity_purchased": 1,
            "item_price": 20,
            "item_total_price": 20,
            "item_tax_rates": [
                "tax_4iCyEKhCFaNBGGahn3Rn4i",
                "tax_TNpDwGRpCu2QbU5MDWexRa"
            ],
            "item_tax_amt": 1.7
        }
    },
    {
        "model": "timelyapp.order",
        "pk": "ord_mVQSJfRmjFdaknZjDLyGHm",
        "fields": {
            "invoice": "inv_ggULQ72VSDsoNba5VpAjJw",
            "discount_code": 1,
            "item_name": "A Different Widget",
            "item_description": "A widget for backward overflow jargon",
            "quantity_purchased": 10,
            "item_price": 20,
            "item_total_price": 200,
            "item_tax_rates": [
                "tax_4iCyEKhCFaNBGGahn3Rn4i",
                "tax_TNpDwGRpCu2QbU5MDWexRa"
            ],
            "item_tax_amt": 17.0
        }
    },
    {
        "model": "timelyapp.invoice",
        "pk": "inv_ggULQ72VSDsoNba5VpAjJw",
        "fields": {
            "invoice_name": "TN22000004",
            "date_sent": "2022-05-15",
            "date_due": "2022-08-13",
            "bill_from": "biz_Cz9xETFw7mt6edtQdUYKhJ",
            "bill_to": "biz_XhLAvUW63VuD4vfuCtEZKw",
            "terms": "NET90",
            "invoice_price": 410,
            "invoice_tax_amt": 34.849999999999994,
            "invoice_total_price": 444.85,
            "currency": "USD",
            "is_flagged": false,
            "is_scheduled": true,
            "is_paid": false
        }
    },
    {
        "model": "timelyapp.order",
        "pk": "ord_NEfHdv9i5CJWcNesdi6Zyt",
        "fields": {
            "invoice": "inv_a5GNXzXJs2UhCQn9ySFH2X",
            "discount_code": 1,
            "item_name": "A Different Widget",
            "item_description": "A widget for backward overflow jargon",
            "quantity_purchased": 7,
            "item_price": 20,
            "item_total_price": 140,
            "item_tax_rates": [
                "tax_4iCyEKhCFaNBGGahn3Rn4i",
                "tax_TNpDwGRpCu2QbU5MDWexRa"
            ],
            "item_tax_amt": 11.9
        }
    },
    {
        "model": "timelyapp.order",
        "pk": "ord_XQjb4hp5mTrtYUT3apsWe9",
        "fields": {
            "invoice": "inv_a5GNXzXJs2UhCQn9ySFH2X",
            "discount_code": 1,
            "item_name": "Infeasibility Consulting Study",
            "item_description": "A big useless report on what you want to hear",
            "quantity_purchased": 8,
            "item_price": 20,
            "item_total_price": 160,
            "item_tax_rates": [
                "tax_4iCyEKhCFaNBGGahn3Rn4i",
                "tax_TNpDwGRpCu2QbU5MDWexRa"
            ],
            "item_tax_amt": 13.6
        }
    },
    {
        "model": "timelyapp.order",
        "pk": "ord_Xhi9AADY6RZsvxM5ZEUMLG",
        "fields": {
            "invoice": "inv_a5GNXzXJs2UhCQn9ySFH2X",
            "discount_code": 1,
            "item_name": "Some Widget",
            "item_description": "A business widget for vertical synergy jargon",
            "quantity_purchased": 6,
            "item_price": 10,
            "item_total_price": 60,
            "item_tax_rates": [
                "tax_4iCyEKhCFaNBGGahn3Rn4i",
                "tax_TNpDwGRpCu2QbU5MDWexRa"
            ],
            "item_tax_amt": 5.1
        }
    },
    {
        "model": "timelyapp.order",
        "pk": "ord_M3JJGYVnjpcr6htPyRvond",
        "fields": {
            "invoice": "inv_a5GNXzXJs2UhCQn9ySFH2X",
            "discount_code": 1,
            "item_name": "Professional Services",
            "item_description": "Overpriced Legal/Technical/Medical services that you cannot afford to avoid.",
            "quantity_purchased": 4,
            "item_price": 10,
            "item_total_price": 40,
            "item_tax_rates": [
                "tax_4iCyEKhCFaNBGGahn3Rn4i",
                "tax_TNpDwGRpCu2QbU5MDWexRa"
            ],
            "item_tax_amt": 3.4
        }
    },
    {
        "model": "timelyapp.order",
        "pk": "ord_faQHajjT2i7snED6jHFZNa",
        "fields": {
            "invoice": "inv_a5GNXzXJs2UhCQn9ySFH2X",
            "discount_code": 1,
            "item_name": "A Different Widget",
            "item_description": "A widget for backward overflow jargon",
            "quantity_purchased": 10,
            "item_price": 20,
            "item_total_price": 200,
            "item_tax_rates": [
                "tax_4iCyEKhCFaNBGGahn3Rn4i",
                "tax_TNpDwGRpCu2QbU5MDWexRa"
            ],
            "item_tax_amt": 17.0
        }
    },
    {
        "model": "timelyapp.invoice",
        "pk": "inv_a5GNXzXJs2UhCQn9ySFH2X",
        "fields": {
            "invoice_name": "FS22000005",
            "date_sent": "2022-05-23",
            "date_due": null,
            "bill_from": "biz_D3FraiLKpJicT9CdJhwwYc",
            "bill_to": "biz_D3FraiLKpJicT9CdJhwwYc",
            "terms": "COD",
            "invoice_price": 600,
            "invoice_tax_amt": 51.0,
            "invoice_total_price": 651.0,
            "currency": "USD",
            "is_flagged": true,
            "is_scheduled": true,
            "is_paid": false
        }
    },
    {
        "model": "timelyapp.order",
        "pk": "ord_UhiUJbGXtHoCkM6zjhC72K",
        "fields": {
            "invoice": "inv_SzMzaSHyQnToJurSWzMEhc",
            "discount_code": 1,
            "item_name": "Infeasibility Consulting Study",
            "item_description": "A big useless report on what you want to hear",
            "quantity_purchased": 7,
            "item_price": 20,
            "item_total_price": 140,
            "item_tax_rates": [
                "tax_4iCyEKhCFaNBGGahn3Rn4i",
                "tax_TNpDwGRpCu2QbU5MDWexRa"
            ],
            "item_tax_amt": 11.9
        }
    },
    {
        "model": "timelyapp.order",
        "pk": "ord_6VrLHR5KrUtEzfmZ75f7We",
        "fields": {
            "invoice": "inv_SzMzaSHyQnToJurSWzMEhc",
            "discount_code": 1,
            "item_name": "Infeasibility Consulting Study",
            "item_description": "A big useless report on what you want to hear",
            "quantity_purchased": 1,
            "item_price": 20,
            "item_total_price": 20,
            "item_tax_rates": [
                "tax_4iCyEKhCFaNBGGahn3Rn4i",
                "tax_TNpDwGRpCu2QbU5MDWexRa"
            ],
            "item_tax_amt": 1.7
        }
    },
    {
        "model": "timelyapp.order",
        "pk": "ord_AqXVcjubhr2MwzcJSBT3ew",
        "fields": {
            "invoice": "inv_SzMzaSHyQnToJurSWzMEhc",
            "discount_code": 1,
            "item_name": "Infeasibility Consulting Study",
            "item_description": "A big useless report on what you want to hear",
            "quantity_purchased": 9,
            "item_price": 20,
            "item_total_price": 180,
            "item_tax_rates": [
                "tax_4iCyEKhCFaNBGGahn3Rn4i",
                "tax_TNpDwGRpCu2QbU5MDWexRa"
            ],
            "item_tax_amt": 15.3
        }
    },
    {
        "model": "timelyapp.invoice",
        "pk": "inv_SzMzaSHyQnToJurSWzMEhc",
        "fields": {
            "invoice_name": "BC22000006",
            "date_sent": "2022-04-03",
            "date_due": "2022-06-02",
            "bill_from": "biz_XhLAvUW63VuD4vfuCtEZKw",
            "bill_to": "biz_4iCyEKhCFaNBGGahn3Rn4i",
            "terms": "NET60",
            "invoice_price": 340,
            "invoice_tax_amt": 28.9,
            "invoice_total_price": 368.9,
            "currency": "USD",
            "is_flagged": true,
            "is_scheduled": false,
            "is_paid": false
        }
    },
    {
        "model": "timelyapp.order",
        "pk": "ord_X6tuUoVMDKxbzPVzrfUbJt",
        "fields": {
            "invoice": "inv_U6zHWRuiETykfPeAdq7VrU",
            "discount_code": 1,
            "item_name": "Some Widget",
            "item_description": "A business widget for vertical synergy jargon",
            "quantity_purchased": 7,
            "item_price": 10,
            "item_total_price": 70,
            "item_tax_rates": [
                "tax_4iCyEKhCFaNBGGahn3Rn4i",
                "tax_TNpDwGRpCu2QbU5MDWexRa"
            ],
            "item_tax_amt": 5.95
        }
    },
    {
        "model": "timelyapp.order",
        "pk": "ord_K4wHKLJNdricwKcuie4GmZ",
        "fields": {
            "invoice": "inv_U6zHWRuiETykfPeAdq7VrU",
            "discount_code": 1,
            "item_name": "Some Widget",
            "item_description": "A business widget for vertical synergy jargon",
            "quantity_purchased": 6,
            "item_price": 10,
            "item_total_price": 60,
            "item_tax_rates": [
                "tax_4iCyEKhCFaNBGGahn3Rn4i",
                "tax_TNpDwGRpCu2QbU5MDWexRa"
            ],
            "item_tax_amt": 5.1
        }
    },
    {
        "model": "timelyapp.order",
        "pk": "ord_c7B4ha5RZRRtu9ANxzsQ8z",
        "fields": {
            "invoice": "inv_U6zHWRuiETykfPeAdq7VrU",
            "discount_code": 1,
            "item_name": "Professional Services",
            "item_description": "Overpriced Legal/Technical/Medical services that you cannot afford to avoid.",
            "quantity_purchased": 4,
            "item_price": 10,
            "item_total_price": 40,
            "item_tax_rates": [
                "tax_4iCyEKhCFaNBGGahn3Rn4i",
                "tax_TNpDwGRpCu2QbU5MDWexRa"
            ],
            "item_tax_amt": 3.4
        }
    },
    {
        "model": "timelyapp.order",
        "pk": "ord_5bG4wrMN3xaTpTJLLG4R6Q",
        "fields": {
            "invoice": "inv_U6zHWRuiETykfPeAdq7VrU",
            "discount_code": 1,
            "item_name": "A Different Widget",
            "item_description": "A widget for backward overflow jargon",
            "quantity_purchased": 1,
            "item_price": 20,
            "item_total_price": 20,
            "item_tax_rates": [
                "tax_4iCyEKhCFaNBGGahn3Rn4i",
                "tax_TNpDwGRpCu2QbU5MDWexRa"
            ],
            "item_tax_amt": 1.7
        }
    },
    {
        "model": "timelyapp.order",
        "pk": "ord_BTCdjwNeqaywSegn7LPMSs",
        "fields": {
            "invoice": "inv_U6zHWRuiETykfPeAdq7VrU",
            "discount_code": 1,
            "item_name": "Infeasibility Consulting Study",
            "item_description": "A big useless report on what you want to hear",
            "quantity_purchased": 8,
            "item_price": 20,
            "item_total_price": 160,
            "item_tax_rates": [
                "tax_4iCyEKhCFaNBGGahn3Rn4i",
                "tax_TNpDwGRpCu2QbU5MDWexRa"
            ],
            "item_tax_amt": 13.6
        }
    },
    {
        "model": "timelyapp.order",
        "pk": "ord_WpufTqNVAmW6U5uJRa4WuZ",
        "fields": {
            "invoice": "inv_U6zHWRuiETykfPeAdq7VrU",
            "discount_code": 1,
            "item_name": "Some Widget",
            "item_description": "A business widget for vertical synergy jargon",
            "quantity_purchased": 2,
            "item_price": 10,
            "item_total_price": 20,
            "item_tax_rates": [
                "tax_4iCyEKhCFaNBGGahn3Rn4i",
                "tax_TNpDwGRpCu2QbU5MDWexRa"
            ],
            "item_tax_amt": 1.7
        }
    },
    {
        "model": "timelyapp.order",
        "pk": "ord_kDderKUd2ifoda7nXKiwyc",
        "fields": {
            "invoice": "inv_U6zHWRuiETykfPeAdq7VrU",
            "discount_code": 1,
            "item_name": "Some Widget",
            "item_description": "A business widget for vertical synergy jargon",
            "quantity_purchased": 1,
            "item_price": 10,
            "item_total_price": 10,
            "item_tax_rates": [
                "tax_4iCyEKhCFaNBGGahn3Rn4i",
                "tax_TNpDwGRpCu2QbU5MDWexRa"
            ],
            "item_tax_amt": 0.85
        }
    },
    {
        "model": "timelyapp.invoice",
        "pk": "inv_U6zHWRuiETykfPeAdq7VrU",
        "fields": {
            "invoice_name": "BC22000007",
            "date_sent": "2022-02-02",
            "date_due": "2022-02-09",
            "bill_from": "biz_XhLAvUW63VuD4vfuCtEZKw",
            "bill_to": "biz_D3FraiLKpJicT9CdJhwwYc",
            "terms": "NET7",
            "invoice_price": 380,
            "invoice_tax_amt": 32.3,
            "invoice_total_price": 412.3,
            "currency": "USD",
            "is_flagged": true,
            "is_scheduled": true,
            "is_paid": false
        }
    },
    {
        "model": "timelyapp.order",
        "pk": "ord_UpijMgwQgSUshab3VSpreZ",
        "fields": {
            "invoice": "inv_FAj8ni5CiQNaQXzPAu8N54",
            "discount_code": 1,
            "item_name": "Professional Services",
            "item_description": "Overpriced Legal/Technical/Medical services that you cannot afford to avoid.",
            "quantity_purchased": 10,
            "item_price": 10,
            "item_total_price": 100,
            "item_tax_rates": [
                "tax_4iCyEKhCFaNBGGahn3Rn4i",
                "tax_TNpDwGRpCu2QbU5MDWexRa"
            ],
            "item_tax_amt": 8.5
        }
    },
    {
        "model": "timelyapp.order",
        "pk": "ord_TjXAmVdQ9jhKucoPh4rEwe",
        "fields": {
            "invoice": "inv_FAj8ni5CiQNaQXzPAu8N54",
            "discount_code": 1,
            "item_name": "Some Widget",
            "item_description": "A business widget for vertical synergy jargon",
            "quantity_purchased": 2,
            "item_price": 10,
            "item_total_price": 20,
            "item_tax_rates": [
                "tax_4iCyEKhCFaNBGGahn3Rn4i",
                "tax_TNpDwGRpCu2QbU5MDWexRa"
            ],
            "item_tax_amt": 1.7
        }
    },
    {
        "model": "timelyapp.order",
        "pk": "ord_FQGXNnTrYHc4zbRe7Qnp29",
        "fields": {
            "invoice": "inv_FAj8ni5CiQNaQXzPAu8N54",
            "discount_code": 1,
            "item_name": "Some Widget",
            "item_description": "A business widget for vertical synergy jargon",
            "quantity_purchased": 4,
            "item_price": 10,
            "item_total_price": 40,
            "item_tax_rates": [
                "tax_4iCyEKhCFaNBGGahn3Rn4i",
                "tax_TNpDwGRpCu2QbU5MDWexRa"
            ],
            "item_tax_amt": 3.4
        }
    },
    {
        "model": "timelyapp.order",
        "pk": "ord_DaQmyaXa7KzKj2fuwhWdTk",
        "fields": {
            "invoice": "inv_FAj8ni5CiQNaQXzPAu8N54",
            "discount_code": 1,
            "item_name": "Professional Services",
            "item_description": "Overpriced Legal/Technical/Medical services that you cannot afford to avoid.",
            "quantity_purchased": 1,
            "item_price": 10,
            "item_total_price": 10,
            "item_tax_rates": [
                "tax_4iCyEKhCFaNBGGahn3Rn4i",
                "tax_TNpDwGRpCu2QbU5MDWexRa"
            ],
            "item_tax_amt": 0.85
        }
    },
    {
        "model": "timelyapp.order",
        "pk": "ord_DKBmyH2fUYjnK9dXX5MqXD",
        "fields": {
            "invoice": "inv_FAj8ni5CiQNaQXzPAu8N54",
            "discount_code": 1,
            "item_name": "Some Widget",
            "item_description": "A business widget for vertical synergy jargon",
            "quantity_purchased": 7,
            "item_price": 10,
            "item_total_price": 70,
            "item_tax_rates": [
                "tax_4iCyEKhCFaNBGGahn3Rn4i",
                "tax_TNpDwGRpCu2QbU5MDWexRa"
            ],
            "item_tax_amt": 5.95
        }
    },
    {
        "model": "timelyapp.order",
        "pk": "ord_A7Ku22F3ahLZQL37uu5UWJ",
        "fields": {
            "invoice": "inv_FAj8ni5CiQNaQXzPAu8N54",
            "discount_code": 1,
            "item_name": "A Different Widget",
            "item_description": "A widget for backward overflow jargon",
            "quantity_purchased": 9,
            "item_price": 20,
            "item_total_price": 180,
            "item_tax_rates": [
                "tax_4iCyEKhCFaNBGGahn3Rn4i",
                "tax_TNpDwGRpCu2QbU5MDWexRa"
            ],
            "item_tax_amt": 15.3
        }
    },
    {
        "model": "timelyapp.order",
        "pk": "ord_5kfBM5jPYVXephNisriBZf",
        "fields": {
            "invoice": "inv_FAj8ni5CiQNaQXzPAu8N54",
            "discount_code": 1,
            "item_name": "Infeasibility Consulting Study",
            "item_description": "A big useless report on what you want to hear",
            "quantity_purchased": 5,
            "item_price": 20,
            "item_total_price": 100,
            "item_tax_rates": [
                "tax_4iCyEKhCFaNBGGahn3Rn4i",
                "tax_TNpDwGRpCu2QbU5MDWexRa"
            ],
            "item_tax_amt": 8.5
        }
    },
    {
        "model": "timelyapp.order",
        "pk": "ord_BmUneuJ6Uz6cnQe5sRK3a7",
        "fields": {
            "invoice": "inv_FAj8ni5CiQNaQXzPAu8N54",
            "discount_code": 1,
            "item_name": "A Different Widget",
            "item_description": "A widget for backward overflow jargon",
            "quantity_purchased": 10,
            "item_price": 20,
            "item_total_price": 200,
            "item_tax_rates": [
                "tax_4iCyEKhCFaNBGGahn3Rn4i",
                "tax_TNpDwGRpCu2QbU5MDWexRa"
            ],
            "item_tax_amt": 17.0
        }
    },
    {
        "model": "timelyapp.invoice",
        "pk": "inv_FAj8ni5CiQNaQXzPAu8N54",
        "fields": {
            "invoice_name": "FS22000008",
            "date_sent": "2022-03-27",
            "date_due": "2022-04-03",
            "bill_from": "biz_D3FraiLKpJicT9CdJhwwYc",
            "bill_to": "biz_XhLAvUW63VuD4vfuCtEZKw",
            "terms": "NET7",
            "invoice_price": 720,
            "invoice_tax_amt": 61.2,
            "invoice_total_price": 781.2,
            "currency": "USD",
            "is_flagged": false,
            "is_scheduled": true,
            "is_paid": false
        }
    },
    {
        "model": "timelyapp.order",
        "pk": "ord_KM8ixboRjVYcTNhX6jHmCd",
        "fields": {
            "invoice": "inv_JZEPR9aPn2swxeQvL4UdAb",
            "discount_code": 1,
            "item_name": "Professional Services",
            "item_description": "Overpriced Legal/Technical/Medical services that you cannot afford to avoid.",
            "quantity_purchased": 6,
            "item_price": 10,
            "item_total_price": 60,
            "item_tax_rates": [
                "tax_4iCyEKhCFaNBGGahn3Rn4i",
                "tax_TNpDwGRpCu2QbU5MDWexRa"
            ],
            "item_tax_amt": 5.1
        }
    },
    {
        "model": "timelyapp.order",
        "pk": "ord_gqwG56Y52myzRzyKMm2RaL",
        "fields": {
            "invoice": "inv_JZEPR9aPn2swxeQvL4UdAb",
            "discount_code": 1,
            "item_name": "Infeasibility Consulting Study",
            "item_description": "A big useless report on what you want to hear",
            "quantity_purchased": 4,
            "item_price": 20,
            "item_total_price": 80,
            "item_tax_rates": [
                "tax_4iCyEKhCFaNBGGahn3Rn4i",
                "tax_TNpDwGRpCu2QbU5MDWexRa"
            ],
            "item_tax_amt": 6.8
        }
    },
    {
        "model": "timelyapp.order",
        "pk": "ord_bBCTCRWhVJpjM9TqEghpko",
        "fields": {
            "invoice": "inv_JZEPR9aPn2swxeQvL4UdAb",
            "discount_code": 1,
            "item_name": "Some Widget",
            "item_description": "A business widget for vertical synergy jargon",
            "quantity_purchased": 1,
            "item_price": 10,
            "item_total_price": 10,
            "item_tax_rates": [
                "tax_4iCyEKhCFaNBGGahn3Rn4i",
                "tax_TNpDwGRpCu2QbU5MDWexRa"
            ],
            "item_tax_amt": 0.85
        }
    },
    {
        "model": "timelyapp.order",
        "pk": "ord_EcLsPBtSoEqkiT9Ab7YPpw",
        "fields": {
            "invoice": "inv_JZEPR9aPn2swxeQvL4UdAb",
            "discount_code": 1,
            "item_name": "A Different Widget",
            "item_description": "A widget for backward overflow jargon",
            "quantity_purchased": 9,
            "item_price": 20,
            "item_total_price": 180,
            "item_tax_rates": [
                "tax_4iCyEKhCFaNBGGahn3Rn4i",
                "tax_TNpDwGRpCu2QbU5MDWexRa"
            ],
            "item_tax_amt": 15.3
        }
    },
    {
        "model": "timelyapp.order",
        "pk": "ord_b83hv5p37nmcjKSCPL5Lhm",
        "fields": {
            "invoice": "inv_JZEPR9aPn2swxeQvL4UdAb",
            "discount_code": 1,
            "item_name": "Professional Services",
            "item_description": "Overpriced Legal/Technical/Medical services that you cannot afford to avoid.",
            "quantity_purchased": 6,
            "item_price": 10,
            "item_total_price": 60,
            "item_tax_rates": [
                "tax_4iCyEKhCFaNBGGahn3Rn4i",
                "tax_TNpDwGRpCu2QbU5MDWexRa"
            ],
            "item_tax_amt": 5.1
        }
    },
    {
        "model": "timelyapp.order",
        "pk": "ord_MhwEDuWcAXGcmEGqMhSQRH",
        "fields": {
            "invoice": "inv_JZEPR9aPn2swxeQvL4UdAb",
            "discount_code": 1,
            "item_name": "Professional Services",
            "item_description": "Overpriced Legal/Technical/Medical services that you cannot afford to avoid.",
            "quantity_purchased": 7,
            "item_price": 10,
            "item_total_price": 70,
            "item_tax_rates": [
                "tax_4iCyEKhCFaNBGGahn3Rn4i",
                "tax_TNpDwGRpCu2QbU5MDWexRa"
            ],
            "item_tax_amt": 5.95
        }
    },
    {
        "model": "timelyapp.order",
        "pk": "ord_jQnWQXSMa6NPft95NXn8wh",
        "fields": {
            "invoice": "inv_JZEPR9aPn2swxeQvL4UdAb",
            "discount_code": 1,
            "item_name": "Professional Services",
            "item_description": "Overpriced Legal/Technical/Medical services that you cannot afford to avoid.",
            "quantity_purchased": 6,
            "item_price": 10,
            "item_total_price": 60,
            "item_tax_rates": [
                "tax_4iCyEKhCFaNBGGahn3Rn4i",
                "tax_TNpDwGRpCu2QbU5MDWexRa"
            ],
            "item_tax_amt": 5.1
        }
    },
    {
        "model": "timelyapp.invoice",
        "pk": "inv_JZEPR9aPn2swxeQvL4UdAb",
        "fields": {
            "invoice_name": "TN22000009",
            "date_sent": "2022-01-21",
            "date_due": "2022-02-20",
            "bill_from": "biz_Cz9xETFw7mt6edtQdUYKhJ",
            "bill_to": "biz_Cz9xETFw7mt6edtQdUYKhJ",
            "terms": "NET30",
            "invoice_price": 520,
            "invoice_tax_amt": 44.2,
            "invoice_total_price": 564.2,
            "currency": "USD",
            "is_flagged": true,
            "is_scheduled": false,
            "is_paid": false
        }
    },
    {
        "model": "timelyapp.order",
        "pk": "ord_EQpA65DTXkTBBa8yTdxeTA",
        "fields": {
            "invoice": "inv_QPtddE2QiCBmV55e93Dkie",
            "discount_code": 1,
            "item_name": "Some Widget",
            "item_description": "A business widget for vertical synergy jargon",
            "quantity_purchased": 4,
            "item_price": 10,
            "item_total_price": 40,
            "item_tax_rates": [
                "tax_4iCyEKhCFaNBGGahn3Rn4i",
                "tax_TNpDwGRpCu2QbU5MDWexRa"
            ],
            "item_tax_amt": 3.4
        }
    },
    {
        "model": "timelyapp.order",
        "pk": "ord_dFkxB6qW4i2a58mJMTsKFp",
        "fields": {
            "invoice": "inv_QPtddE2QiCBmV55e93Dkie",
            "discount_code": 1,
            "item_name": "Some Widget",
            "item_description": "A business widget for vertical synergy jargon",
            "quantity_purchased": 9,
            "item_price": 10,
            "item_total_price": 90,
            "item_tax_rates": [
                "tax_4iCyEKhCFaNBGGahn3Rn4i",
                "tax_TNpDwGRpCu2QbU5MDWexRa"
            ],
            "item_tax_amt": 7.65
        }
    },
    {
        "model": "timelyapp.order",
        "pk": "ord_LjSRR4vdf7NFYzq7KZfGzP",
        "fields": {
            "invoice": "inv_QPtddE2QiCBmV55e93Dkie",
            "discount_code": 1,
            "item_name": "Some Widget",
            "item_description": "A business widget for vertical synergy jargon",
            "quantity_purchased": 1,
            "item_price": 10,
            "item_total_price": 10,
            "item_tax_rates": [
                "tax_4iCyEKhCFaNBGGahn3Rn4i",
                "tax_TNpDwGRpCu2QbU5MDWexRa"
            ],
            "item_tax_amt": 0.85
        }
    },
    {
        "model": "timelyapp.invoice",
        "pk": "inv_QPtddE2QiCBmV55e93Dkie",
        "fields": {
            "invoice_name": "AS22000010",
            "date_sent": "2022-01-18",
            "date_due": "2022-01-25",
            "bill_from": "biz_4iCyEKhCFaNBGGahn3Rn4i",
            "bill_to": "biz_XhLAvUW63VuD4vfuCtEZKw",
            "terms": "NET7",
            "invoice_price": 140,
            "invoice_tax_amt": 11.9,
            "invoice_total_price": 151.9,
            "currency": "USD",
            "is_flagged": false,
            "is_scheduled": false,
            "is_paid": false
        }
    },
    {
        "model": "timelyapp.order",
        "pk": "ord_gusTtcqSQRUnYgSRnCrRVS",
        "fields": {
            "invoice": "inv_mLdbtcweyuJSykTwbqt8Qo",
            "discount_code": 1,
            "item_name": "Some Widget",
            "item_description": "A business widget for vertical synergy jargon",
            "quantity_purchased": 9,
            "item_price": 10,
            "item_total_price": 90,
            "item_tax_rates": [
                "tax_4iCyEKhCFaNBGGahn3Rn4i",
                "tax_TNpDwGRpCu2QbU5MDWexRa"
            ],
            "item_tax_amt": 7.65
        }
    },
    {
        "model": "timelyapp.order",
        "pk": "ord_a6dXeUjQgSjASuQb8V9S4X",
        "fields": {
            "invoice": "inv_mLdbtcweyuJSykTwbqt8Qo",
            "discount_code": 1,
            "item_name": "Infeasibility Consulting Study",
            "item_description": "A big useless report on what you want to hear",
            "quantity_purchased": 3,
            "item_price": 20,
            "item_total_price": 60,
            "item_tax_rates": [
                "tax_4iCyEKhCFaNBGGahn3Rn4i",
                "tax_TNpDwGRpCu2QbU5MDWexRa"
            ],
            "item_tax_amt": 5.1
        }
    },
    {
        "model": "timelyapp.order",
        "pk": "ord_Q8yPF4NA4j5Df9L2jMvk3s",
        "fields": {
            "invoice": "inv_mLdbtcweyuJSykTwbqt8Qo",
            "discount_code": 1,
            "item_name": "Infeasibility Consulting Study",
            "item_description": "A big useless report on what you want to hear",
            "quantity_purchased": 1,
            "item_price": 20,
            "item_total_price": 20,
            "item_tax_rates": [
                "tax_4iCyEKhCFaNBGGahn3Rn4i",
                "tax_TNpDwGRpCu2QbU5MDWexRa"
            ],
            "item_tax_amt": 1.7
        }
    },
    {
        "model": "timelyapp.order",
        "pk": "ord_DHMDt69ZJpiDEadjCwV98t",
        "fields": {
            "invoice": "inv_mLdbtcweyuJSykTwbqt8Qo",
            "discount_code": 1,
            "item_name": "A Different Widget",
            "item_description": "A widget for backward overflow jargon",
            "quantity_purchased": 5,
            "item_price": 20,
            "item_total_price": 100,
            "item_tax_rates": [
                "tax_4iCyEKhCFaNBGGahn3Rn4i",
                "tax_TNpDwGRpCu2QbU5MDWexRa"
            ],
            "item_tax_amt": 8.5
        }
    },
    {
        "model": "timelyapp.order",
        "pk": "ord_VgmRR83pZiua9MqyZ8yhFm",
        "fields": {
            "invoice": "inv_mLdbtcweyuJSykTwbqt8Qo",
            "discount_code": 1,
            "item_name": "A Different Widget",
            "item_description": "A widget for backward overflow jargon",
            "quantity_purchased": 1,
            "item_price": 20,
            "item_total_price": 20,
            "item_tax_rates": [
                "tax_4iCyEKhCFaNBGGahn3Rn4i",
                "tax_TNpDwGRpCu2QbU5MDWexRa"
            ],
            "item_tax_amt": 1.7
        }
    },
    {
        "model": "timelyapp.order",
        "pk": "ord_SrJ5dmbFMonFxA4jLg6Kme",
        "fields": {
            "invoice": "inv_mLdbtcweyuJSykTwbqt8Qo",
            "discount_code": 1,
            "item_name": "Some Widget",
            "item_description": "A business widget for vertical synergy jargon",
            "quantity_purchased": 7,
            "item_price": 10,
            "item_total_price": 70,
            "item_tax_rates": [
                "tax_4iCyEKhCFaNBGGahn3Rn4i",
                "tax_TNpDwGRpCu2QbU5MDWexRa"
            ],
            "item_tax_amt": 5.95
        }
    },
    {
        "model": "timelyapp.order",
        "pk": "ord_bqPMVfgeq8ZFByBQ2HvjDs",
        "fields": {
            "invoice": "inv_mLdbtcweyuJSykTwbqt8Qo",
            "discount_code": 1,
            "item_name": "Professional Services",
            "item_description": "Overpriced Legal/Technical/Medical services that you cannot afford to avoid.",
            "quantity_purchased": 3,
            "item_price": 10,
            "item_total_price": 30,
            "item_tax_rates": [
                "tax_4iCyEKhCFaNBGGahn3Rn4i",
                "tax_TNpDwGRpCu2QbU5MDWexRa"
            ],
            "item_tax_amt": 2.55
        }
    },
    {
        "model": "timelyapp.invoice",
        "pk": "inv_mLdbtcweyuJSykTwbqt8Qo",
        "fields": {
            "invoice_name": "AS22000011",
            "date_sent": "2022-02-20",
            "date_due": "2022-03-22",
            "bill_from": "biz_4iCyEKhCFaNBGGahn3Rn4i",
            "bill_to": "biz_D3FraiLKpJicT9CdJhwwYc",
            "terms": "NET30",
            "invoice_price": 390,
            "invoice_tax_amt": 33.15,
            "invoice_total_price": 423.15,
            "currency": "USD",
            "is_flagged": true,
            "is_scheduled": false,
            "is_paid": false
        }
    },
    {
        "model": "timelyapp.order",
        "pk": "ord_Ru6mDzFxdsFSV4mYB8MyFn",
        "fields": {
            "invoice": "inv_5Z9WwPQ9mYJDxrJ3ynusrk",
            "discount_code": 1,
            "item_name": "A Different Widget",
            "item_description": "A widget for backward overflow jargon",
            "quantity_purchased": 6,
            "item_price": 20,
            "item_total_price": 120,
            "item_tax_rates": [
                "tax_4iCyEKhCFaNBGGahn3Rn4i",
                "tax_TNpDwGRpCu2QbU5MDWexRa"
            ],
            "item_tax_amt": 10.2
        }
    },
    {
        "model": "timelyapp.order",
        "pk": "ord_jq59T3nNyrW2CJx4tKGSQB",
        "fields": {
            "invoice": "inv_5Z9WwPQ9mYJDxrJ3ynusrk",
            "discount_code": 1,
            "item_name": "Professional Services",
            "item_description": "Overpriced Legal/Technical/Medical services that you cannot afford to avoid.",
            "quantity_purchased": 6,
            "item_price": 10,
            "item_total_price": 60,
            "item_tax_rates": [
                "tax_4iCyEKhCFaNBGGahn3Rn4i",
                "tax_TNpDwGRpCu2QbU5MDWexRa"
            ],
            "item_tax_amt": 5.1
        }
    },
    {
        "model": "timelyapp.invoice",
        "pk": "inv_5Z9WwPQ9mYJDxrJ3ynusrk",
        "fields": {
            "invoice_name": "BC22000012",
            "date_sent": "2022-06-19",
            "date_due": "2022-06-19",
            "bill_from": "biz_XhLAvUW63VuD4vfuCtEZKw",
            "bill_to": "biz_XhLAvUW63VuD4vfuCtEZKw",
            "terms": "CIA",
            "invoice_price": 180,
            "invoice_tax_amt": 15.299999999999999,
            "invoice_total_price": 195.3,
            "currency": "USD",
            "is_flagged": true,
            "is_scheduled": true,
            "is_paid": false
        }
    },
    {
        "model": "timelyapp.order",
        "pk": "ord_iAQwqKPxqYWFPs3exBbc3S",
        "fields": {
            "invoice": "inv_kmWFEcpSYSVggRUahTyhyf",
            "discount_code": 1,
            "item_name": "Infeasibility Consulting Study",
            "item_description": "A big useless report on what you want to hear",
            "quantity_purchased": 9,
            "item_price": 20,
            "item_total_price": 180,
            "item_tax_rates": [
                "tax_4iCyEKhCFaNBGGahn3Rn4i",
                "tax_TNpDwGRpCu2QbU5MDWexRa"
            ],
            "item_tax_amt": 15.3
        }
    },
    {
        "model": "timelyapp.invoice",
        "pk": "inv_kmWFEcpSYSVggRUahTyhyf",
        "fields": {
            "invoice_name": "FS22000013",
            "date_sent": "2022-05-02",
            "date_due": "2022-05-02",
            "bill_from": "biz_D3FraiLKpJicT9CdJhwwYc",
            "bill_to": "biz_D3FraiLKpJicT9CdJhwwYc",
            "terms": "CIA",
            "invoice_price": 180,
            "invoice_tax_amt": 15.3,
            "invoice_total_price": 195.3,
            "currency": "USD",
            "is_flagged": false,
            "is_scheduled": false,
            "is_paid": false
        }
    },
    {
        "model": "timelyapp.order",
        "pk": "ord_J4yugGKBvMbC24yzZFrvym",
        "fields": {
            "invoice": "inv_VryokanpJURyEJja4zWK4X",
            "discount_code": 1,
            "item_name": "Professional Services",
            "item_description": "Overpriced Legal/Technical/Medical services that you cannot afford to avoid.",
            "quantity_purchased": 3,
            "item_price": 10,
            "item_total_price": 30,
            "item_tax_rates": [
                "tax_4iCyEKhCFaNBGGahn3Rn4i",
                "tax_TNpDwGRpCu2QbU5MDWexRa"
            ],
            "item_tax_amt": 2.55
        }
    },
    {
        "model": "timelyapp.order",
        "pk": "ord_5cUN4x5rrPkfkY6RVxrtfS",
        "fields": {
            "invoice": "inv_VryokanpJURyEJja4zWK4X",
            "discount_code": 1,
            "item_name": "Some Widget",
            "item_description": "A business widget for vertical synergy jargon",
            "quantity_purchased": 6,
            "item_price": 10,
            "item_total_price": 60,
            "item_tax_rates": [
                "tax_4iCyEKhCFaNBGGahn3Rn4i",
                "tax_TNpDwGRpCu2QbU5MDWexRa"
            ],
            "item_tax_amt": 5.1
        }
    },
    {
        "model": "timelyapp.order",
        "pk": "ord_FPNqHbbL2a32gmeR3cdLYv",
        "fields": {
            "invoice": "inv_VryokanpJURyEJja4zWK4X",
            "discount_code": 1,
            "item_name": "Infeasibility Consulting Study",
            "item_description": "A big useless report on what you want to hear",
            "quantity_purchased": 2,
            "item_price": 20,
            "item_total_price": 40,
            "item_tax_rates": [
                "tax_4iCyEKhCFaNBGGahn3Rn4i",
                "tax_TNpDwGRpCu2QbU5MDWexRa"
            ],
            "item_tax_amt": 3.4
        }
    },
    {
        "model": "timelyapp.order",
        "pk": "ord_CVZeiHqZrhBD2oJiFPW24w",
        "fields": {
            "invoice": "inv_VryokanpJURyEJja4zWK4X",
            "discount_code": 1,
            "item_name": "Professional Services",
            "item_description": "Overpriced Legal/Technical/Medical services that you cannot afford to avoid.",
            "quantity_purchased": 5,
            "item_price": 10,
            "item_total_price": 50,
            "item_tax_rates": [
                "tax_4iCyEKhCFaNBGGahn3Rn4i",
                "tax_TNpDwGRpCu2QbU5MDWexRa"
            ],
            "item_tax_amt": 4.25
        }
    },
    {
        "model": "timelyapp.order",
        "pk": "ord_7KSsjBoXXV6xv7ek2H4Nvh",
        "fields": {
            "invoice": "inv_VryokanpJURyEJja4zWK4X",
            "discount_code": 1,
            "item_name": "A Different Widget",
            "item_description": "A widget for backward overflow jargon",
            "quantity_purchased": 4,
            "item_price": 20,
            "item_total_price": 80,
            "item_tax_rates": [
                "tax_4iCyEKhCFaNBGGahn3Rn4i",
                "tax_TNpDwGRpCu2QbU5MDWexRa"
            ],
            "item_tax_amt": 6.8
        }
    },
    {
        "model": "timelyapp.order",
        "pk": "ord_MvbzLcGvuUzYJUbGtgDdty",
        "fields": {
            "invoice": "inv_VryokanpJURyEJja4zWK4X",
            "discount_code": 1,
            "item_name": "A Different Widget",
            "item_description": "A widget for backward overflow jargon",
            "quantity_purchased": 2,
            "item_price": 20,
            "item_total_price": 40,
            "item_tax_rates": [
                "tax_4iCyEKhCFaNBGGahn3Rn4i",
                "tax_TNpDwGRpCu2QbU5MDWexRa"
            ],
            "item_tax_amt": 3.4
        }
    },
    {
        "model": "timelyapp.order",
        "pk": "ord_mKGBt7cvrRjXyTxyGuCYJe",
        "fields": {
            "invoice": "inv_VryokanpJURyEJja4zWK4X",
            "discount_code": 1,
            "item_name": "A Different Widget",
            "item_description": "A widget for backward overflow jargon",
            "quantity_purchased": 4,
            "item_price": 20,
            "item_total_price": 80,
            "item_tax_rates": [
                "tax_4iCyEKhCFaNBGGahn3Rn4i",
                "tax_TNpDwGRpCu2QbU5MDWexRa"
            ],
            "item_tax_amt": 6.8
        }
    },
    {
        "model": "timelyapp.order",
        "pk": "ord_eFipVkCkrkJVwwQoMsSsH9",
        "fields": {
            "invoice": "inv_VryokanpJURyEJja4zWK4X",
            "discount_code": 1,
            "item_name": "Infeasibility Consulting Study",
            "item_description": "A big useless report on what you want to hear",
            "quantity_purchased": 1,
            "item_price": 20,
            "item_total_price": 20,
            "item_tax_rates": [
                "tax_4iCyEKhCFaNBGGahn3Rn4i",
                "tax_TNpDwGRpCu2QbU5MDWexRa"
            ],
            "item_tax_amt": 1.7
        }
    },
    {
        "model": "timelyapp.invoice",
        "pk": "inv_VryokanpJURyEJja4zWK4X",
        "fields": {
            "invoice_name": "TN22000014",
            "date_sent": "2022-03-24",
            "date_due": "2022-07-22",
            "bill_from": "biz_Cz9xETFw7mt6edtQdUYKhJ",
            "bill_to": "biz_XhLAvUW63VuD4vfuCtEZKw",
            "terms": "NET120",
            "invoice_price": 400,
            "invoice_tax_amt": 34.0,
            "invoice_total_price": 434.0,
            "currency": "USD",
            "is_flagged": false,
            "is_scheduled": false,
            "is_paid": false
        }
    },
    {
        "model": "timelyapp.order",
        "pk": "ord_aTE48pK2rbX63tabsivSnQ",
        "fields": {
            "invoice": "inv_HAGJNEJdauynmtfMipoUT6",
            "discount_code": 1,
            "item_name": "Professional Services",
            "item_description": "Overpriced Legal/Technical/Medical services that you cannot afford to avoid.",
            "quantity_purchased": 1,
            "item_price": 10,
            "item_total_price": 10,
            "item_tax_rates": [
                "tax_4iCyEKhCFaNBGGahn3Rn4i",
                "tax_TNpDwGRpCu2QbU5MDWexRa"
            ],
            "item_tax_amt": 0.85
        }
    },
    {
        "model": "timelyapp.order",
        "pk": "ord_ERv6cByNRiYyx677WTCUPn",
        "fields": {
            "invoice": "inv_HAGJNEJdauynmtfMipoUT6",
            "discount_code": 1,
            "item_name": "Professional Services",
            "item_description": "Overpriced Legal/Technical/Medical services that you cannot afford to avoid.",
            "quantity_purchased": 7,
            "item_price": 10,
            "item_total_price": 70,
            "item_tax_rates": [
                "tax_4iCyEKhCFaNBGGahn3Rn4i",
                "tax_TNpDwGRpCu2QbU5MDWexRa"
            ],
            "item_tax_amt": 5.95
        }
    },
    {
        "model": "timelyapp.order",
        "pk": "ord_aQFbe33MuAmPhNFShJxUAf",
        "fields": {
            "invoice": "inv_HAGJNEJdauynmtfMipoUT6",
            "discount_code": 1,
            "item_name": "Professional Services",
            "item_description": "Overpriced Legal/Technical/Medical services that you cannot afford to avoid.",
            "quantity_purchased": 8,
            "item_price": 10,
            "item_total_price": 80,
            "item_tax_rates": [
                "tax_4iCyEKhCFaNBGGahn3Rn4i",
                "tax_TNpDwGRpCu2QbU5MDWexRa"
            ],
            "item_tax_amt": 6.8
        }
    },
    {
        "model": "timelyapp.invoice",
        "pk": "inv_HAGJNEJdauynmtfMipoUT6",
        "fields": {
            "invoice_name": "FS22000015",
            "date_sent": "2022-03-21",
            "date_due": "2022-03-21",
            "bill_from": "biz_D3FraiLKpJicT9CdJhwwYc",
            "bill_to": "biz_Cz9xETFw7mt6edtQdUYKhJ",
            "terms": "CIA",
            "invoice_price": 160,
            "invoice_tax_amt": 13.6,
            "invoice_total_price": 173.6,
            "currency": "USD",
            "is_flagged": true,
            "is_scheduled": false,
            "is_paid": false
        }
    },
    {
        "model": "timelyapp.order",
        "pk": "ord_Vp9cEzNmvVMEmnNmdqLNQf",
        "fields": {
            "invoice": "inv_ktTJhJzGRSi8XiYKvtu6cq",
            "discount_code": 1,
            "item_name": "Professional Services",
            "item_description": "Overpriced Legal/Technical/Medical services that you cannot afford to avoid.",
            "quantity_purchased": 2,
            "item_price": 10,
            "item_total_price": 20,
            "item_tax_rates": [
                "tax_4iCyEKhCFaNBGGahn3Rn4i",
                "tax_TNpDwGRpCu2QbU5MDWexRa"
            ],
            "item_tax_amt": 1.7
        }
    },
    {
        "model": "timelyapp.order",
        "pk": "ord_jnSAZyWuC39oxJZ5kC8rto",
        "fields": {
            "invoice": "inv_ktTJhJzGRSi8XiYKvtu6cq",
            "discount_code": 1,
            "item_name": "A Different Widget",
            "item_description": "A widget for backward overflow jargon",
            "quantity_purchased": 9,
            "item_price": 20,
            "item_total_price": 180,
            "item_tax_rates": [
                "tax_4iCyEKhCFaNBGGahn3Rn4i",
                "tax_TNpDwGRpCu2QbU5MDWexRa"
            ],
            "item_tax_amt": 15.3
        }
    },
    {
        "model": "timelyapp.order",
        "pk": "ord_AyGDJoE7hGkwqE44tytmPu",
        "fields": {
            "invoice": "inv_ktTJhJzGRSi8XiYKvtu6cq",
            "discount_code": 1,
            "item_name": "Infeasibility Consulting Study",
            "item_description": "A big useless report on what you want to hear",
            "quantity_purchased": 7,
            "item_price": 20,
            "item_total_price": 140,
            "item_tax_rates": [
                "tax_4iCyEKhCFaNBGGahn3Rn4i",
                "tax_TNpDwGRpCu2QbU5MDWexRa"
            ],
            "item_tax_amt": 11.9
        }
    },
    {
        "model": "timelyapp.order",
        "pk": "ord_SjEsgWHPGLYCtVV4Zd4WWp",
        "fields": {
            "invoice": "inv_ktTJhJzGRSi8XiYKvtu6cq",
            "discount_code": 1,
            "item_name": "Some Widget",
            "item_description": "A business widget for vertical synergy jargon",
            "quantity_purchased": 2,
            "item_price": 10,
            "item_total_price": 20,
            "item_tax_rates": [
                "tax_4iCyEKhCFaNBGGahn3Rn4i",
                "tax_TNpDwGRpCu2QbU5MDWexRa"
            ],
            "item_tax_amt": 1.7
        }
    },
    {
        "model": "timelyapp.order",
        "pk": "ord_AojYSmcmbtecdCnotTGKQ8",
        "fields": {
            "invoice": "inv_ktTJhJzGRSi8XiYKvtu6cq",
            "discount_code": 1,
            "item_name": "A Different Widget",
            "item_description": "A widget for backward overflow jargon",
            "quantity_purchased": 10,
            "item_price": 20,
            "item_total_price": 200,
            "item_tax_rates": [
                "tax_4iCyEKhCFaNBGGahn3Rn4i",
                "tax_TNpDwGRpCu2QbU5MDWexRa"
            ],
            "item_tax_amt": 17.0
        }
    },
    {
        "model": "timelyapp.order",
        "pk": "ord_GedRzwApYLwWz6gfrfkVLd",
        "fields": {
            "invoice": "inv_ktTJhJzGRSi8XiYKvtu6cq",
            "discount_code": 1,
            "item_name": "Professional Services",
            "item_description": "Overpriced Legal/Technical/Medical services that you cannot afford to avoid.",
            "quantity_purchased": 5,
            "item_price": 10,
            "item_total_price": 50,
            "item_tax_rates": [
                "tax_4iCyEKhCFaNBGGahn3Rn4i",
                "tax_TNpDwGRpCu2QbU5MDWexRa"
            ],
            "item_tax_amt": 4.25
        }
    },
    {
        "model": "timelyapp.invoice",
        "pk": "inv_ktTJhJzGRSi8XiYKvtu6cq",
        "fields": {
            "invoice_name": "AS22000016",
            "date_sent": "2022-01-14",
            "date_due": "2022-01-24",
            "bill_from": "biz_4iCyEKhCFaNBGGahn3Rn4i",
            "bill_to": "biz_Cz9xETFw7mt6edtQdUYKhJ",
            "terms": "NET10",
            "invoice_price": 610,
            "invoice_tax_amt": 51.849999999999994,
            "invoice_total_price": 661.85,
            "currency": "USD",
            "is_flagged": true,
            "is_scheduled": true,
            "is_paid": false
        }
    },
    {
        "model": "timelyapp.order",
        "pk": "ord_22ahB4VemE7fYf7PpwbweD",
        "fields": {
            "invoice": "inv_kXx3ETeXWZNjoPPFBo8QV2",
            "discount_code": 1,
            "item_name": "A Different Widget",
            "item_description": "A widget for backward overflow jargon",
            "quantity_purchased": 6,
            "item_price": 20,
            "item_total_price": 120,
            "item_tax_rates": [
                "tax_4iCyEKhCFaNBGGahn3Rn4i",
                "tax_TNpDwGRpCu2QbU5MDWexRa"
            ],
            "item_tax_amt": 10.2
        }
    },
    {
        "model": "timelyapp.order",
        "pk": "ord_43wD36ri9hhB6BAEhvyiCY",
        "fields": {
            "invoice": "inv_kXx3ETeXWZNjoPPFBo8QV2",
            "discount_code": 1,
            "item_name": "A Different Widget",
            "item_description": "A widget for backward overflow jargon",
            "quantity_purchased": 2,
            "item_price": 20,
            "item_total_price": 40,
            "item_tax_rates": [
                "tax_4iCyEKhCFaNBGGahn3Rn4i",
                "tax_TNpDwGRpCu2QbU5MDWexRa"
            ],
            "item_tax_amt": 3.4
        }
    },
    {
        "model": "timelyapp.order",
        "pk": "ord_hehdBVtV8FQH2Ex6XdoADt",
        "fields": {
            "invoice": "inv_kXx3ETeXWZNjoPPFBo8QV2",
            "discount_code": 1,
            "item_name": "A Different Widget",
            "item_description": "A widget for backward overflow jargon",
            "quantity_purchased": 9,
            "item_price": 20,
            "item_total_price": 180,
            "item_tax_rates": [
                "tax_4iCyEKhCFaNBGGahn3Rn4i",
                "tax_TNpDwGRpCu2QbU5MDWexRa"
            ],
            "item_tax_amt": 15.3
        }
    },
    {
        "model": "timelyapp.order",
        "pk": "ord_mPxVRJXiCPjZxT6w9F2Gr7",
        "fields": {
            "invoice": "inv_kXx3ETeXWZNjoPPFBo8QV2",
            "discount_code": 1,
            "item_name": "Some Widget",
            "item_description": "A business widget for vertical synergy jargon",
            "quantity_purchased": 2,
            "item_price": 10,
            "item_total_price": 20,
            "item_tax_rates": [
                "tax_4iCyEKhCFaNBGGahn3Rn4i",
                "tax_TNpDwGRpCu2QbU5MDWexRa"
            ],
            "item_tax_amt": 1.7
        }
    },
    {
        "model": "timelyapp.order",
        "pk": "ord_dn7xaKC7UFqHTWtmtkqvGr",
        "fields": {
            "invoice": "inv_kXx3ETeXWZNjoPPFBo8QV2",
            "discount_code": 1,
            "item_name": "Infeasibility Consulting Study",
            "item_description": "A big useless report on what you want to hear",
            "quantity_purchased": 7,
            "item_price": 20,
            "item_total_price": 140,
            "item_tax_rates": [
                "tax_4iCyEKhCFaNBGGahn3Rn4i",
                "tax_TNpDwGRpCu2QbU5MDWexRa"
            ],
            "item_tax_amt": 11.9
        }
    },
    {
        "model": "timelyapp.order",
        "pk": "ord_oTkSpsZ3nv9U9xddNMD8uF",
        "fields": {
            "invoice": "inv_kXx3ETeXWZNjoPPFBo8QV2",
            "discount_code": 1,
            "item_name": "Some Widget",
            "item_description": "A business widget for vertical synergy jargon",
            "quantity_purchased": 4,
            "item_price": 10,
            "item_total_price": 40,
            "item_tax_rates": [
                "tax_4iCyEKhCFaNBGGahn3Rn4i",
                "tax_TNpDwGRpCu2QbU5MDWexRa"
            ],
            "item_tax_amt": 3.4
        }
    },
    {
        "model": "timelyapp.order",
        "pk": "ord_cnt9HmerzesALp4AcEWYug",
        "fields": {
            "invoice": "inv_kXx3ETeXWZNjoPPFBo8QV2",
            "discount_code": 1,
            "item_name": "Some Widget",
            "item_description": "A business widget for vertical synergy jargon",
            "quantity_purchased": 1,
            "item_price": 10,
            "item_total_price": 10,
            "item_tax_rates": [
                "tax_4iCyEKhCFaNBGGahn3Rn4i",
                "tax_TNpDwGRpCu2QbU5MDWexRa"
            ],
            "item_tax_amt": 0.85
        }
    },
    {
        "model": "timelyapp.order",
        "pk": "ord_f4cgPKerF3PajyDwwAkxL7",
        "fields": {
            "invoice": "inv_kXx3ETeXWZNjoPPFBo8QV2",
            "discount_code": 1,
            "item_name": "Some Widget",
            "item_description": "A business widget for vertical synergy jargon",
            "quantity_purchased": 10,
            "item_price": 10,
            "item_total_price": 100,
            "item_tax_rates": [
                "tax_4iCyEKhCFaNBGGahn3Rn4i",
                "tax_TNpDwGRpCu2QbU5MDWexRa"
            ],
            "item_tax_amt": 8.5
        }
    },
    {
        "model": "timelyapp.order",
        "pk": "ord_2frL737MjE3SbrADYfKYXE",
        "fields": {
            "invoice": "inv_kXx3ETeXWZNjoPPFBo8QV2",
            "discount_code": 1,
            "item_name": "A Different Widget",
            "item_description": "A widget for backward overflow jargon",
            "quantity_purchased": 9,
            "item_price": 20,
            "item_total_price": 180,
            "item_tax_rates": [
                "tax_4iCyEKhCFaNBGGahn3Rn4i",
                "tax_TNpDwGRpCu2QbU5MDWexRa"
            ],
            "item_tax_amt": 15.3
        }
    },
    {
        "model": "timelyapp.invoice",
        "pk": "inv_kXx3ETeXWZNjoPPFBo8QV2",
        "fields": {
            "invoice_name": "FS22000017",
            "date_sent": "2022-01-17",
            "date_due": "2022-01-27",
            "bill_from": "biz_D3FraiLKpJicT9CdJhwwYc",
            "bill_to": "biz_4iCyEKhCFaNBGGahn3Rn4i",
            "terms": "NET10",
            "invoice_price": 830,
            "invoice_tax_amt": 70.55,
            "invoice_total_price": 900.55,
            "currency": "USD",
            "is_flagged": true,
            "is_scheduled": false,
            "is_paid": false
        }
    },
    {
        "model": "timelyapp.order",
        "pk": "ord_GYQhVCpdXR639p7g3c63JG",
        "fields": {
            "invoice": "inv_nHwHbr28rYJmjJ9o38NGZN",
            "discount_code": 1,
            "item_name": "Infeasibility Consulting Study",
            "item_description": "A big useless report on what you want to hear",
            "quantity_purchased": 4,
            "item_price": 20,
            "item_total_price": 80,
            "item_tax_rates": [
                "tax_4iCyEKhCFaNBGGahn3Rn4i",
                "tax_TNpDwGRpCu2QbU5MDWexRa"
            ],
            "item_tax_amt": 6.8
        }
    },
    {
        "model": "timelyapp.order",
        "pk": "ord_TJnu5wqgoxx8K8gqGJZjaM",
        "fields": {
            "invoice": "inv_nHwHbr28rYJmjJ9o38NGZN",
            "discount_code": 1,
            "item_name": "Professional Services",
            "item_description": "Overpriced Legal/Technical/Medical services that you cannot afford to avoid.",
            "quantity_purchased": 2,
            "item_price": 10,
            "item_total_price": 20,
            "item_tax_rates": [
                "tax_4iCyEKhCFaNBGGahn3Rn4i",
                "tax_TNpDwGRpCu2QbU5MDWexRa"
            ],
            "item_tax_amt": 1.7
        }
    },
    {
        "model": "timelyapp.order",
        "pk": "ord_JYbGfeD2JGYpt73YUeJRk2",
        "fields": {
            "invoice": "inv_nHwHbr28rYJmjJ9o38NGZN",
            "discount_code": 1,
            "item_name": "A Different Widget",
            "item_description": "A widget for backward overflow jargon",
            "quantity_purchased": 10,
            "item_price": 20,
            "item_total_price": 200,
            "item_tax_rates": [
                "tax_4iCyEKhCFaNBGGahn3Rn4i",
                "tax_TNpDwGRpCu2QbU5MDWexRa"
            ],
            "item_tax_amt": 17.0
        }
    },
    {
        "model": "timelyapp.order",
        "pk": "ord_LPaHwaDrHwxjFKsbBYJRiD",
        "fields": {
            "invoice": "inv_nHwHbr28rYJmjJ9o38NGZN",
            "discount_code": 1,
            "item_name": "Some Widget",
            "item_description": "A business widget for vertical synergy jargon",
            "quantity_purchased": 5,
            "item_price": 10,
            "item_total_price": 50,
            "item_tax_rates": [
                "tax_4iCyEKhCFaNBGGahn3Rn4i",
                "tax_TNpDwGRpCu2QbU5MDWexRa"
            ],
            "item_tax_amt": 4.25
        }
    },
    {
        "model": "timelyapp.order",
        "pk": "ord_3PpYqeXY9xwwwfMmA6gTgk",
        "fields": {
            "invoice": "inv_nHwHbr28rYJmjJ9o38NGZN",
            "discount_code": 1,
            "item_name": "Professional Services",
            "item_description": "Overpriced Legal/Technical/Medical services that you cannot afford to avoid.",
            "quantity_purchased": 10,
            "item_price": 10,
            "item_total_price": 100,
            "item_tax_rates": [
                "tax_4iCyEKhCFaNBGGahn3Rn4i",
                "tax_TNpDwGRpCu2QbU5MDWexRa"
            ],
            "item_tax_amt": 8.5
        }
    },
    {
        "model": "timelyapp.invoice",
        "pk": "inv_nHwHbr28rYJmjJ9o38NGZN",
        "fields": {
            "invoice_name": "TN22000018",
            "date_sent": "2022-03-11",
            "date_due": "2022-04-10",
            "bill_from": "biz_Cz9xETFw7mt6edtQdUYKhJ",
            "bill_to": "biz_XhLAvUW63VuD4vfuCtEZKw",
            "terms": "NET30",
            "invoice_price": 450,
            "invoice_tax_amt": 38.25,
            "invoice_total_price": 488.25,
            "currency": "USD",
            "is_flagged": false,
            "is_scheduled": true,
            "is_paid": false
        }
    },
    {
        "model": "timelyapp.order",
        "pk": "ord_o9zT6Wtc64WWA4EYfK469S",
        "fields": {
            "invoice": "inv_Lz9hBviBdrqwjFfrPKcDpT",
            "discount_code": 1,
            "item_name": "Some Widget",
            "item_description": "A business widget for vertical synergy jargon",
            "quantity_purchased": 5,
            "item_price": 10,
            "item_total_price": 50,
            "item_tax_rates": [
                "tax_4iCyEKhCFaNBGGahn3Rn4i",
                "tax_TNpDwGRpCu2QbU5MDWexRa"
            ],
            "item_tax_amt": 4.25
        }
    },
    {
        "model": "timelyapp.invoice",
        "pk": "inv_Lz9hBviBdrqwjFfrPKcDpT",
        "fields": {
            "invoice_name": "FS22000019",
            "date_sent": "2022-05-02",
            "date_due": "2022-08-30",
            "bill_from": "biz_D3FraiLKpJicT9CdJhwwYc",
            "bill_to": "biz_XhLAvUW63VuD4vfuCtEZKw",
            "terms": "NET120",
            "invoice_price": 50,
            "invoice_tax_amt": 4.25,
            "invoice_total_price": 54.25,
            "currency": "USD",
            "is_flagged": false,
            "is_scheduled": false,
            "is_paid": false
        }
    },
    {
        "model": "timelyapp.order",
        "pk": "ord_9bDemiNDQtmTHK4uKcQVhe",
        "fields": {
            "invoice": "inv_YrJPVhzvfY6QAzU4QHfpxZ",
            "discount_code": 1,
            "item_name": "Some Widget",
            "item_description": "A business widget for vertical synergy jargon",
            "quantity_purchased": 1,
            "item_price": 10,
            "item_total_price": 10,
            "item_tax_rates": [
                "tax_4iCyEKhCFaNBGGahn3Rn4i",
                "tax_TNpDwGRpCu2QbU5MDWexRa"
            ],
            "item_tax_amt": 0.85
        }
    },
    {
        "model": "timelyapp.order",
        "pk": "ord_5RbcMshq4vuDuJe5QpcN9C",
        "fields": {
            "invoice": "inv_YrJPVhzvfY6QAzU4QHfpxZ",
            "discount_code": 1,
            "item_name": "A Different Widget",
            "item_description": "A widget for backward overflow jargon",
            "quantity_purchased": 5,
            "item_price": 20,
            "item_total_price": 100,
            "item_tax_rates": [
                "tax_4iCyEKhCFaNBGGahn3Rn4i",
                "tax_TNpDwGRpCu2QbU5MDWexRa"
            ],
            "item_tax_amt": 8.5
        }
    },
    {
        "model": "timelyapp.order",
        "pk": "ord_3m9koDWHCYHDakTb8uHmUV",
        "fields": {
            "invoice": "inv_YrJPVhzvfY6QAzU4QHfpxZ",
            "discount_code": 1,
            "item_name": "Infeasibility Consulting Study",
            "item_description": "A big useless report on what you want to hear",
            "quantity_purchased": 6,
            "item_price": 20,
            "item_total_price": 120,
            "item_tax_rates": [
                "tax_4iCyEKhCFaNBGGahn3Rn4i",
                "tax_TNpDwGRpCu2QbU5MDWexRa"
            ],
            "item_tax_amt": 10.2
        }
    },
    {
        "model": "timelyapp.order",
        "pk": "ord_HkTgc7zehvvd88Z7oc6xku",
        "fields": {
            "invoice": "inv_YrJPVhzvfY6QAzU4QHfpxZ",
            "discount_code": 1,
            "item_name": "Professional Services",
            "item_description": "Overpriced Legal/Technical/Medical services that you cannot afford to avoid.",
            "quantity_purchased": 1,
            "item_price": 10,
            "item_total_price": 10,
            "item_tax_rates": [
                "tax_4iCyEKhCFaNBGGahn3Rn4i",
                "tax_TNpDwGRpCu2QbU5MDWexRa"
            ],
            "item_tax_amt": 0.85
        }
    },
    {
        "model": "timelyapp.order",
        "pk": "ord_59moMvmeG3AiKizef96YMV",
        "fields": {
            "invoice": "inv_YrJPVhzvfY6QAzU4QHfpxZ",
            "discount_code": 1,
            "item_name": "A Different Widget",
            "item_description": "A widget for backward overflow jargon",
            "quantity_purchased": 2,
            "item_price": 20,
            "item_total_price": 40,
            "item_tax_rates": [
                "tax_4iCyEKhCFaNBGGahn3Rn4i",
                "tax_TNpDwGRpCu2QbU5MDWexRa"
            ],
            "item_tax_amt": 3.4
        }
    },
    {
        "model": "timelyapp.order",
        "pk": "ord_nbhKDrzXF74NXFLPfMKD5z",
        "fields": {
            "invoice": "inv_YrJPVhzvfY6QAzU4QHfpxZ",
            "discount_code": 1,
            "item_name": "Infeasibility Consulting Study",
            "item_description": "A big useless report on what you want to hear",
            "quantity_purchased": 4,
            "item_price": 20,
            "item_total_price": 80,
            "item_tax_rates": [
                "tax_4iCyEKhCFaNBGGahn3Rn4i",
                "tax_TNpDwGRpCu2QbU5MDWexRa"
            ],
            "item_tax_amt": 6.8
        }
    },
    {
        "model": "timelyapp.invoice",
        "pk": "inv_YrJPVhzvfY6QAzU4QHfpxZ",
        "fields": {
            "invoice_name": "BC22000020",
            "date_sent": "2022-03-08",
            "date_due": null,
            "bill_from": "biz_XhLAvUW63VuD4vfuCtEZKw",
            "bill_to": "biz_4iCyEKhCFaNBGGahn3Rn4i",
            "terms": "COD",
            "invoice_price": 360,
            "invoice_tax_amt": 30.599999999999998,
            "invoice_total_price": 390.6,
            "currency": "USD",
            "is_flagged": false,
            "is_scheduled": false,
            "is_paid": false
        }
    }
]