[
    {
        "model": "timelyapp.business",
        "pk": 1,
        "fields": {
            "is_member": true,
            "managers": [
                null
            ],
            "owner": 1,
            "business_name": "Business A",
            "address": "1880 Page St, San Francisco, CA 94117, USA",
            "date_joined": "2021-03-01"
        }
    },
    {
        "model": "timelyapp.business",
        "pk": 2,
        "fields": {
            "is_member": true,
            "managers": [
                null
            ],
            "owner": 2,
            "business_name": "Business B",
            "address": "1 Somewhere Ave, Northcote, VIC 3070, AU",
            "date_joined": "2021-03-01"
        }
    },
    {
        "model": "timelyapp.business",
        "pk": 3,
        "fields": {
            "is_member": true,
            "managers": [
                null
            ],
            "owner": null,
            "business_name": "Third Business",
            "address": "1 Prowlett St, East Melbourne, VIC 3002, AU",
            "date_joined": "2021-03-01"
        }
    },
    {
        "model": "timelyapp.business",
        "pk": 4,
        "fields": {
            "is_member": true,
            "managers": [
                null
            ],
            "owner": null,
            "business_name": "Fourth Store",
            "address": "1 Commonwealth Ave, Boston, MA 02116, USA",
            "date_joined": "2021-03-01"
        }
    },
    {
        "model": "timelyapp.discount",
        "pk": 1,
        "fields": {
            "discount_code": "NONE",
            "description": "No discount",
            "discount_ratio": 1.0
        }
    },
    {
        "model": "timelyapp.inventory",
        "pk": 1,
        "fields": {
            "business": 1,
            "last_updated": "2021-03-03",
            "name": "Some Widget",
            "description": "A business widget for vertical synergy jargon",
            "quantity_in_stock": 1000,
            "unit": "pc",
            "unit_price": 10,
            "currency": "USD"
        }
    },
    {
        "model": "timelyapp.inventory",
        "pk": 2,
        "fields": {
            "business": 1,
            "last_updated": "2021-03-03",
            "name": "A Different Widget",
            "description": "A widget for backward overflow jargon",
            "quantity_in_stock": 1000,
            "unit": "pc",
            "unit_price": 20,
            "currency": "USD"
        }
    },
    {
        "model": "timelyapp.inventory",
        "pk": 3,
        "fields": {
            "business": 2,
            "last_updated": "2021-03-13",
            "name": "Professional Services",
            "description": "Overpriced Legal/Technical/Medical services that you cannot afford to avoid.",
            "quantity_in_stock": 1000,
            "unit": "hrs",
            "unit_price": 10,
            "currency": "USD"
        }
    },
    {
        "model": "timelyapp.inventory",
        "pk": 4,
        "fields": {
            "business": 2,
            "last_updated": "2021-03-13",
            "name": "Infeasibility Consulting Study",
            "description": "A big useless report on what you want to hear",
            "quantity_in_stock": 1000,
            "unit": "hrs",
            "unit_price": 20,
            "currency": "USD"
        }
    },
    {
        "model": "timelyapp.order",
        "pk": 1,
        "fields": {
            "invoice": 1,
            "discount_code": 1,
            "item": 1,
            "quantity_purchased": 4,
            "item_total_price": 40
        }
    },
    {
        "model": "timelyapp.invoice",
        "pk": 1,
        "fields": {
            "invoice_name": "BA21000001",
            "date_sent": "2021-03-30",
            "date_due": "2021-04-30",
            "bill_from": 1,
            "bill_to": 2,
            "terms": "NET30",
            "total_price": 100,
            "currency": "USD",
            "is_flagged": false,
            "is_scheduled": false,
            "is_paid": false
        }
    },
    {
        "model": "timelyapp.order",
        "pk": 1,
        "fields": {
            "invoice": 1,
            "discount_code": 1,
            "item": 3,
            "quantity_purchased": 9,
            "item_total_price": 90
        }
    },
    {
        "model": "timelyapp.invoice",
        "pk": 1,
        "fields": {
            "invoice_name": "BB21000001",
            "date_sent": "2021-04-25",
            "date_due": "2021-06-24",
            "bill_from": 2,
            "bill_to": 2,
            "terms": "NET60",
            "total_price": 90,
            "currency": "USD",
            "is_flagged": true,
            "is_scheduled": false,
            "is_paid": false
        }
    },
    {
        "model": "timelyapp.order",
        "pk": 2,
        "fields": {
            "invoice": 2,
            "discount_code": 1,
            "item": 2,
            "quantity_purchased": 2,
            "item_total_price": 40
        }
    },
    {
        "model": "timelyapp.order",
        "pk": 3,
        "fields": {
            "invoice": 2,
            "discount_code": 1,
            "item": 1,
            "quantity_purchased": 7,
            "item_total_price": 70
        }
    },
    {
        "model": "timelyapp.order",
        "pk": 4,
        "fields": {
            "invoice": 2,
            "discount_code": 1,
            "item": 1,
            "quantity_purchased": 10,
            "item_total_price": 100
        }
    },
    {
        "model": "timelyapp.order",
        "pk": 5,
        "fields": {
            "invoice": 2,
            "discount_code": 1,
            "item": 2,
            "quantity_purchased": 5,
            "item_total_price": 100
        }
    },
    {
        "model": "timelyapp.order",
        "pk": 6,
        "fields": {
            "invoice": 2,
            "discount_code": 1,
            "item": 3,
            "quantity_purchased": 10,
            "item_total_price": 100
        }
    },
    {
        "model": "timelyapp.order",
        "pk": 7,
        "fields": {
            "invoice": 2,
            "discount_code": 1,
            "item": 1,
            "quantity_purchased": 4,
            "item_total_price": 40
        }
    },
    {
        "model": "timelyapp.invoice",
        "pk": 2,
        "fields": {
            "invoice_name": "TB21000002",
            "date_sent": "2021-09-12",
            "date_due": "2021-09-22",
            "bill_from": 3,
            "bill_to": 4,
            "terms": "NET10",
            "total_price": 450,
            "currency": "USD",
            "is_flagged": false,
            "is_scheduled": true,
            "is_paid": false
        }
    },
    {
        "model": "timelyapp.order",
        "pk": 8,
        "fields": {
            "invoice": 3,
            "discount_code": 1,
            "item": 1,
            "quantity_purchased": 3,
            "item_total_price": 30
        }
    },
    {
        "model": "timelyapp.order",
        "pk": 9,
        "fields": {
            "invoice": 3,
            "discount_code": 1,
            "item": 2,
            "quantity_purchased": 6,
            "item_total_price": 120
        }
    },
    {
        "model": "timelyapp.order",
        "pk": 10,
        "fields": {
            "invoice": 3,
            "discount_code": 1,
            "item": 3,
            "quantity_purchased": 7,
            "item_total_price": 70
        }
    },
    {
        "model": "timelyapp.order",
        "pk": 11,
        "fields": {
            "invoice": 3,
            "discount_code": 1,
            "item": 3,
            "quantity_purchased": 2,
            "item_total_price": 20
        }
    },
    {
        "model": "timelyapp.order",
        "pk": 12,
        "fields": {
            "invoice": 3,
            "discount_code": 1,
            "item": 3,
            "quantity_purchased": 1,
            "item_total_price": 10
        }
    },
    {
        "model": "timelyapp.invoice",
        "pk": 3,
        "fields": {
            "invoice_name": "TB21000003",
            "date_sent": "2021-05-11",
            "date_due": "2021-05-21",
            "bill_from": 3,
            "bill_to": 3,
            "terms": "NET10",
            "total_price": 250,
            "currency": "USD",
            "is_flagged": true,
            "is_scheduled": false,
            "is_paid": false
        }
    },
    {
        "model": "timelyapp.order",
        "pk": 13,
        "fields": {
            "invoice": 4,
            "discount_code": 1,
            "item": 2,
            "quantity_purchased": 3,
            "item_total_price": 60
        }
    },
    {
        "model": "timelyapp.order",
        "pk": 14,
        "fields": {
            "invoice": 4,
            "discount_code": 1,
            "item": 4,
            "quantity_purchased": 6,
            "item_total_price": 120
        }
    },
    {
        "model": "timelyapp.order",
        "pk": 15,
        "fields": {
            "invoice": 4,
            "discount_code": 1,
            "item": 3,
            "quantity_purchased": 7,
            "item_total_price": 70
        }
    },
    {
        "model": "timelyapp.order",
        "pk": 16,
        "fields": {
            "invoice": 4,
            "discount_code": 1,
            "item": 2,
            "quantity_purchased": 10,
            "item_total_price": 200
        }
    },
    {
        "model": "timelyapp.order",
        "pk": 17,
        "fields": {
            "invoice": 4,
            "discount_code": 1,
            "item": 1,
            "quantity_purchased": 3,
            "item_total_price": 30
        }
    },
    {
        "model": "timelyapp.order",
        "pk": 18,
        "fields": {
            "invoice": 4,
            "discount_code": 1,
            "item": 3,
            "quantity_purchased": 8,
            "item_total_price": 80
        }
    },
    {
        "model": "timelyapp.order",
        "pk": 19,
        "fields": {
            "invoice": 4,
            "discount_code": 1,
            "item": 2,
            "quantity_purchased": 6,
            "item_total_price": 120
        }
    },
    {
        "model": "timelyapp.order",
        "pk": 20,
        "fields": {
            "invoice": 4,
            "discount_code": 1,
            "item": 4,
            "quantity_purchased": 8,
            "item_total_price": 160
        }
    },
    {
        "model": "timelyapp.order",
        "pk": 21,
        "fields": {
            "invoice": 4,
            "discount_code": 1,
            "item": 2,
            "quantity_purchased": 10,
            "item_total_price": 200
        }
    },
    {
        "model": "timelyapp.order",
        "pk": 22,
        "fields": {
            "invoice": 4,
            "discount_code": 1,
            "item": 1,
            "quantity_purchased": 9,
            "item_total_price": 90
        }
    },
    {
        "model": "timelyapp.invoice",
        "pk": 4,
        "fields": {
            "invoice_name": "TB21000004",
            "date_sent": "2021-09-17",
            "date_due": null,
            "bill_from": 3,
            "bill_to": 3,
            "terms": "COD",
            "total_price": 1130,
            "currency": "USD",
            "is_flagged": true,
            "is_scheduled": false,
            "is_paid": false
        }
    },
    {
        "model": "timelyapp.order",
        "pk": 23,
        "fields": {
            "invoice": 5,
            "discount_code": 1,
            "item": 4,
            "quantity_purchased": 8,
            "item_total_price": 160
        }
    },
    {
        "model": "timelyapp.order",
        "pk": 24,
        "fields": {
            "invoice": 5,
            "discount_code": 1,
            "item": 2,
            "quantity_purchased": 3,
            "item_total_price": 60
        }
    },
    {
        "model": "timelyapp.order",
        "pk": 25,
        "fields": {
            "invoice": 5,
            "discount_code": 1,
            "item": 2,
            "quantity_purchased": 6,
            "item_total_price": 120
        }
    },
    {
        "model": "timelyapp.order",
        "pk": 26,
        "fields": {
            "invoice": 5,
            "discount_code": 1,
            "item": 2,
            "quantity_purchased": 6,
            "item_total_price": 120
        }
    },
    {
        "model": "timelyapp.invoice",
        "pk": 5,
        "fields": {
            "invoice_name": "TB21000005",
            "date_sent": "2021-07-30",
            "date_due": "2021-10-28",
            "bill_from": 3,
            "bill_to": 3,
            "terms": "NET90",
            "total_price": 460,
            "currency": "USD",
            "is_flagged": false,
            "is_scheduled": true,
            "is_paid": false
        }
    },
    {
        "model": "timelyapp.order",
        "pk": 27,
        "fields": {
            "invoice": 6,
            "discount_code": 1,
            "item": 3,
            "quantity_purchased": 2,
            "item_total_price": 20
        }
    },
    {
        "model": "timelyapp.order",
        "pk": 28,
        "fields": {
            "invoice": 6,
            "discount_code": 1,
            "item": 2,
            "quantity_purchased": 7,
            "item_total_price": 140
        }
    },
    {
        "model": "timelyapp.invoice",
        "pk": 6,
        "fields": {
            "invoice_name": "FS21000006",
            "date_sent": "2021-09-26",
            "date_due": "2021-11-25",
            "bill_from": 4,
            "bill_to": 1,
            "terms": "NET60",
            "total_price": 160,
            "currency": "USD",
            "is_flagged": true,
            "is_scheduled": false,
            "is_paid": false
        }
    },
    {
        "model": "timelyapp.order",
        "pk": 29,
        "fields": {
            "invoice": 7,
            "discount_code": 1,
            "item": 1,
            "quantity_purchased": 3,
            "item_total_price": 30
        }
    },
    {
        "model": "timelyapp.order",
        "pk": 30,
        "fields": {
            "invoice": 7,
            "discount_code": 1,
            "item": 2,
            "quantity_purchased": 8,
            "item_total_price": 160
        }
    },
    {
        "model": "timelyapp.order",
        "pk": 31,
        "fields": {
            "invoice": 7,
            "discount_code": 1,
            "item": 1,
            "quantity_purchased": 6,
            "item_total_price": 60
        }
    },
    {
        "model": "timelyapp.invoice",
        "pk": 7,
        "fields": {
            "invoice_name": "BB21000007",
            "date_sent": "2021-05-13",
            "date_due": "2021-09-10",
            "bill_from": 2,
            "bill_to": 3,
            "terms": "NET120",
            "total_price": 250,
            "currency": "USD",
            "is_flagged": false,
            "is_scheduled": false,
            "is_paid": false
        }
    },
    {
        "model": "timelyapp.order",
        "pk": 32,
        "fields": {
            "invoice": 8,
            "discount_code": 1,
            "item": 3,
            "quantity_purchased": 9,
            "item_total_price": 90
        }
    },
    {
        "model": "timelyapp.order",
        "pk": 33,
        "fields": {
            "invoice": 8,
            "discount_code": 1,
            "item": 1,
            "quantity_purchased": 6,
            "item_total_price": 60
        }
    },
    {
        "model": "timelyapp.order",
        "pk": 34,
        "fields": {
            "invoice": 8,
            "discount_code": 1,
            "item": 4,
            "quantity_purchased": 9,
            "item_total_price": 180
        }
    },
    {
        "model": "timelyapp.invoice",
        "pk": 8,
        "fields": {
            "invoice_name": "FS21000008",
            "date_sent": "2021-04-23",
            "date_due": "2021-06-22",
            "bill_from": 4,
            "bill_to": 2,
            "terms": "NET60",
            "total_price": 330,
            "currency": "USD",
            "is_flagged": false,
            "is_scheduled": true,
            "is_paid": false
        }
    },
    {
        "model": "timelyapp.order",
        "pk": 35,
        "fields": {
            "invoice": 9,
            "discount_code": 1,
            "item": 3,
            "quantity_purchased": 2,
            "item_total_price": 20
        }
    },
    {
        "model": "timelyapp.order",
        "pk": 36,
        "fields": {
            "invoice": 9,
            "discount_code": 1,
            "item": 2,
            "quantity_purchased": 5,
            "item_total_price": 100
        }
    },
    {
        "model": "timelyapp.order",
        "pk": 37,
        "fields": {
            "invoice": 9,
            "discount_code": 1,
            "item": 4,
            "quantity_purchased": 3,
            "item_total_price": 60
        }
    },
    {
        "model": "timelyapp.order",
        "pk": 38,
        "fields": {
            "invoice": 9,
            "discount_code": 1,
            "item": 2,
            "quantity_purchased": 8,
            "item_total_price": 160
        }
    },
    {
        "model": "timelyapp.order",
        "pk": 39,
        "fields": {
            "invoice": 9,
            "discount_code": 1,
            "item": 4,
            "quantity_purchased": 10,
            "item_total_price": 200
        }
    },
    {
        "model": "timelyapp.order",
        "pk": 40,
        "fields": {
            "invoice": 9,
            "discount_code": 1,
            "item": 3,
            "quantity_purchased": 2,
            "item_total_price": 20
        }
    },
    {
        "model": "timelyapp.order",
        "pk": 41,
        "fields": {
            "invoice": 9,
            "discount_code": 1,
            "item": 1,
            "quantity_purchased": 1,
            "item_total_price": 10
        }
    },
    {
        "model": "timelyapp.order",
        "pk": 42,
        "fields": {
            "invoice": 9,
            "discount_code": 1,
            "item": 3,
            "quantity_purchased": 4,
            "item_total_price": 40
        }
    },
    {
        "model": "timelyapp.invoice",
        "pk": 9,
        "fields": {
            "invoice_name": "BB21000009",
            "date_sent": "2021-06-14",
            "date_due": "2021-10-12",
            "bill_from": 2,
            "bill_to": 2,
            "terms": "NET120",
            "total_price": 610,
            "currency": "USD",
            "is_flagged": false,
            "is_scheduled": true,
            "is_paid": false
        }
    },
    {
        "model": "timelyapp.order",
        "pk": 43,
        "fields": {
            "invoice": 10,
            "discount_code": 1,
            "item": 1,
            "quantity_purchased": 5,
            "item_total_price": 50
        }
    },
    {
        "model": "timelyapp.order",
        "pk": 44,
        "fields": {
            "invoice": 10,
            "discount_code": 1,
            "item": 1,
            "quantity_purchased": 2,
            "item_total_price": 20
        }
    },
    {
        "model": "timelyapp.order",
        "pk": 45,
        "fields": {
            "invoice": 10,
            "discount_code": 1,
            "item": 1,
            "quantity_purchased": 5,
            "item_total_price": 50
        }
    },
    {
        "model": "timelyapp.order",
        "pk": 46,
        "fields": {
            "invoice": 10,
            "discount_code": 1,
            "item": 4,
            "quantity_purchased": 4,
            "item_total_price": 80
        }
    },
    {
        "model": "timelyapp.order",
        "pk": 47,
        "fields": {
            "invoice": 10,
            "discount_code": 1,
            "item": 4,
            "quantity_purchased": 2,
            "item_total_price": 40
        }
    },
    {
        "model": "timelyapp.order",
        "pk": 48,
        "fields": {
            "invoice": 10,
            "discount_code": 1,
            "item": 1,
            "quantity_purchased": 2,
            "item_total_price": 20
        }
    },
    {
        "model": "timelyapp.order",
        "pk": 49,
        "fields": {
            "invoice": 10,
            "discount_code": 1,
            "item": 3,
            "quantity_purchased": 10,
            "item_total_price": 100
        }
    },
    {
        "model": "timelyapp.order",
        "pk": 50,
        "fields": {
            "invoice": 10,
            "discount_code": 1,
            "item": 1,
            "quantity_purchased": 10,
            "item_total_price": 100
        }
    },
    {
        "model": "timelyapp.order",
        "pk": 51,
        "fields": {
            "invoice": 10,
            "discount_code": 1,
            "item": 2,
            "quantity_purchased": 3,
            "item_total_price": 60
        }
    },
    {
        "model": "timelyapp.invoice",
        "pk": 10,
        "fields": {
            "invoice_name": "FS21000010",
            "date_sent": "2021-05-21",
            "date_due": "2021-05-28",
            "bill_from": 4,
            "bill_to": 2,
            "terms": "NET7",
            "total_price": 520,
            "currency": "USD",
            "is_flagged": false,
            "is_scheduled": true,
            "is_paid": false
        }
    },
    {
        "model": "timelyapp.order",
        "pk": 52,
        "fields": {
            "invoice": 11,
            "discount_code": 1,
            "item": 4,
            "quantity_purchased": 5,
            "item_total_price": 100
        }
    },
    {
        "model": "timelyapp.order",
        "pk": 53,
        "fields": {
            "invoice": 11,
            "discount_code": 1,
            "item": 4,
            "quantity_purchased": 4,
            "item_total_price": 80
        }
    },
    {
        "model": "timelyapp.order",
        "pk": 54,
        "fields": {
            "invoice": 11,
            "discount_code": 1,
            "item": 4,
            "quantity_purchased": 3,
            "item_total_price": 60
        }
    },
    {
        "model": "timelyapp.invoice",
        "pk": 11,
        "fields": {
            "invoice_name": "FS21000011",
            "date_sent": "2021-05-25",
            "date_due": "2021-06-01",
            "bill_from": 4,
            "bill_to": 1,
            "terms": "NET7",
            "total_price": 240,
            "currency": "USD",
            "is_flagged": false,
            "is_scheduled": true,
            "is_paid": false
        }
    },
    {
        "model": "timelyapp.order",
        "pk": 55,
        "fields": {
            "invoice": 12,
            "discount_code": 1,
            "item": 3,
            "quantity_purchased": 2,
            "item_total_price": 20
        }
    },
    {
        "model": "timelyapp.order",
        "pk": 56,
        "fields": {
            "invoice": 12,
            "discount_code": 1,
            "item": 4,
            "quantity_purchased": 5,
            "item_total_price": 100
        }
    },
    {
        "model": "timelyapp.order",
        "pk": 57,
        "fields": {
            "invoice": 12,
            "discount_code": 1,
            "item": 4,
            "quantity_purchased": 3,
            "item_total_price": 60
        }
    },
    {
        "model": "timelyapp.order",
        "pk": 58,
        "fields": {
            "invoice": 12,
            "discount_code": 1,
            "item": 1,
            "quantity_purchased": 7,
            "item_total_price": 70
        }
    },
    {
        "model": "timelyapp.order",
        "pk": 59,
        "fields": {
            "invoice": 12,
            "discount_code": 1,
            "item": 4,
            "quantity_purchased": 8,
            "item_total_price": 160
        }
    },
    {
        "model": "timelyapp.order",
        "pk": 60,
        "fields": {
            "invoice": 12,
            "discount_code": 1,
            "item": 1,
            "quantity_purchased": 3,
            "item_total_price": 30
        }
    },
    {
        "model": "timelyapp.order",
        "pk": 61,
        "fields": {
            "invoice": 12,
            "discount_code": 1,
            "item": 3,
            "quantity_purchased": 4,
            "item_total_price": 40
        }
    },
    {
        "model": "timelyapp.invoice",
        "pk": 12,
        "fields": {
            "invoice_name": "BB21000012",
            "date_sent": "2021-05-09",
            "date_due": null,
            "bill_from": 2,
            "bill_to": 2,
            "terms": "CIA",
            "total_price": 480,
            "currency": "USD",
            "is_flagged": false,
            "is_scheduled": false,
            "is_paid": false
        }
    },
    {
        "model": "timelyapp.order",
        "pk": 62,
        "fields": {
            "invoice": 13,
            "discount_code": 1,
            "item": 1,
            "quantity_purchased": 8,
            "item_total_price": 80
        }
    },
    {
        "model": "timelyapp.order",
        "pk": 63,
        "fields": {
            "invoice": 13,
            "discount_code": 1,
            "item": 2,
            "quantity_purchased": 10,
            "item_total_price": 200
        }
    },
    {
        "model": "timelyapp.order",
        "pk": 64,
        "fields": {
            "invoice": 13,
            "discount_code": 1,
            "item": 1,
            "quantity_purchased": 10,
            "item_total_price": 100
        }
    },
    {
        "model": "timelyapp.order",
        "pk": 65,
        "fields": {
            "invoice": 13,
            "discount_code": 1,
            "item": 1,
            "quantity_purchased": 10,
            "item_total_price": 100
        }
    },
    {
        "model": "timelyapp.order",
        "pk": 66,
        "fields": {
            "invoice": 13,
            "discount_code": 1,
            "item": 3,
            "quantity_purchased": 6,
            "item_total_price": 60
        }
    },
    {
        "model": "timelyapp.order",
        "pk": 67,
        "fields": {
            "invoice": 13,
            "discount_code": 1,
            "item": 1,
            "quantity_purchased": 3,
            "item_total_price": 30
        }
    },
    {
        "model": "timelyapp.order",
        "pk": 68,
        "fields": {
            "invoice": 13,
            "discount_code": 1,
            "item": 4,
            "quantity_purchased": 4,
            "item_total_price": 80
        }
    },
    {
        "model": "timelyapp.order",
        "pk": 69,
        "fields": {
            "invoice": 13,
            "discount_code": 1,
            "item": 1,
            "quantity_purchased": 7,
            "item_total_price": 70
        }
    },
    {
        "model": "timelyapp.invoice",
        "pk": 13,
        "fields": {
            "invoice_name": "FS21000013",
            "date_sent": "2021-05-20",
            "date_due": "2021-08-18",
            "bill_from": 4,
            "bill_to": 4,
            "terms": "NET90",
            "total_price": 720,
            "currency": "USD",
            "is_flagged": true,
            "is_scheduled": false,
            "is_paid": false
        }
    },
    {
        "model": "timelyapp.order",
        "pk": 70,
        "fields": {
            "invoice": 14,
            "discount_code": 1,
            "item": 1,
            "quantity_purchased": 4,
            "item_total_price": 40
        }
    },
    {
        "model": "timelyapp.order",
        "pk": 71,
        "fields": {
            "invoice": 14,
            "discount_code": 1,
            "item": 1,
            "quantity_purchased": 6,
            "item_total_price": 60
        }
    },
    {
        "model": "timelyapp.order",
        "pk": 72,
        "fields": {
            "invoice": 14,
            "discount_code": 1,
            "item": 4,
            "quantity_purchased": 7,
            "item_total_price": 140
        }
    },
    {
        "model": "timelyapp.order",
        "pk": 73,
        "fields": {
            "invoice": 14,
            "discount_code": 1,
            "item": 1,
            "quantity_purchased": 2,
            "item_total_price": 20
        }
    },
    {
        "model": "timelyapp.order",
        "pk": 74,
        "fields": {
            "invoice": 14,
            "discount_code": 1,
            "item": 1,
            "quantity_purchased": 9,
            "item_total_price": 90
        }
    },
    {
        "model": "timelyapp.order",
        "pk": 75,
        "fields": {
            "invoice": 14,
            "discount_code": 1,
            "item": 2,
            "quantity_purchased": 3,
            "item_total_price": 60
        }
    },
    {
        "model": "timelyapp.order",
        "pk": 76,
        "fields": {
            "invoice": 14,
            "discount_code": 1,
            "item": 1,
            "quantity_purchased": 10,
            "item_total_price": 100
        }
    },
    {
        "model": "timelyapp.order",
        "pk": 77,
        "fields": {
            "invoice": 14,
            "discount_code": 1,
            "item": 2,
            "quantity_purchased": 8,
            "item_total_price": 160
        }
    },
    {
        "model": "timelyapp.order",
        "pk": 78,
        "fields": {
            "invoice": 14,
            "discount_code": 1,
            "item": 3,
            "quantity_purchased": 3,
            "item_total_price": 30
        }
    },
    {
        "model": "timelyapp.invoice",
        "pk": 14,
        "fields": {
            "invoice_name": "TB21000014",
            "date_sent": "2021-05-26",
            "date_due": "2021-09-23",
            "bill_from": 3,
            "bill_to": 1,
            "terms": "NET120",
            "total_price": 700,
            "currency": "USD",
            "is_flagged": true,
            "is_scheduled": false,
            "is_paid": false
        }
    },
    {
        "model": "timelyapp.order",
        "pk": 79,
        "fields": {
            "invoice": 15,
            "discount_code": 1,
            "item": 2,
            "quantity_purchased": 4,
            "item_total_price": 80
        }
    },
    {
        "model": "timelyapp.order",
        "pk": 80,
        "fields": {
            "invoice": 15,
            "discount_code": 1,
            "item": 3,
            "quantity_purchased": 8,
            "item_total_price": 80
        }
    },
    {
        "model": "timelyapp.order",
        "pk": 81,
        "fields": {
            "invoice": 15,
            "discount_code": 1,
            "item": 2,
            "quantity_purchased": 3,
            "item_total_price": 60
        }
    },
    {
        "model": "timelyapp.invoice",
        "pk": 15,
        "fields": {
            "invoice_name": "TB21000015",
            "date_sent": "2021-09-06",
            "date_due": null,
            "bill_from": 3,
            "bill_to": 3,
            "terms": "COD",
            "total_price": 220,
            "currency": "USD",
            "is_flagged": false,
            "is_scheduled": true,
            "is_paid": false
        }
    },
    {
        "model": "timelyapp.order",
        "pk": 82,
        "fields": {
            "invoice": 16,
            "discount_code": 1,
            "item": 3,
            "quantity_purchased": 3,
            "item_total_price": 30
        }
    },
    {
        "model": "timelyapp.order",
        "pk": 83,
        "fields": {
            "invoice": 16,
            "discount_code": 1,
            "item": 1,
            "quantity_purchased": 7,
            "item_total_price": 70
        }
    },
    {
        "model": "timelyapp.order",
        "pk": 84,
        "fields": {
            "invoice": 16,
            "discount_code": 1,
            "item": 2,
            "quantity_purchased": 9,
            "item_total_price": 180
        }
    },
    {
        "model": "timelyapp.order",
        "pk": 85,
        "fields": {
            "invoice": 16,
            "discount_code": 1,
            "item": 4,
            "quantity_purchased": 3,
            "item_total_price": 60
        }
    },
    {
        "model": "timelyapp.order",
        "pk": 86,
        "fields": {
            "invoice": 16,
            "discount_code": 1,
            "item": 4,
            "quantity_purchased": 7,
            "item_total_price": 140
        }
    },
    {
        "model": "timelyapp.order",
        "pk": 87,
        "fields": {
            "invoice": 16,
            "discount_code": 1,
            "item": 2,
            "quantity_purchased": 4,
            "item_total_price": 80
        }
    },
    {
        "model": "timelyapp.invoice",
        "pk": 16,
        "fields": {
            "invoice_name": "TB21000016",
            "date_sent": "2021-06-14",
            "date_due": "2021-07-14",
            "bill_from": 3,
            "bill_to": 4,
            "terms": "NET30",
            "total_price": 560,
            "currency": "USD",
            "is_flagged": false,
            "is_scheduled": false,
            "is_paid": false
        }
    },
    {
        "model": "timelyapp.order",
        "pk": 88,
        "fields": {
            "invoice": 17,
            "discount_code": 1,
            "item": 2,
            "quantity_purchased": 6,
            "item_total_price": 120
        }
    },
    {
        "model": "timelyapp.order",
        "pk": 89,
        "fields": {
            "invoice": 17,
            "discount_code": 1,
            "item": 1,
            "quantity_purchased": 8,
            "item_total_price": 80
        }
    },
    {
        "model": "timelyapp.order",
        "pk": 90,
        "fields": {
            "invoice": 17,
            "discount_code": 1,
            "item": 3,
            "quantity_purchased": 4,
            "item_total_price": 40
        }
    },
    {
        "model": "timelyapp.order",
        "pk": 91,
        "fields": {
            "invoice": 17,
            "discount_code": 1,
            "item": 3,
            "quantity_purchased": 2,
            "item_total_price": 20
        }
    },
    {
        "model": "timelyapp.order",
        "pk": 92,
        "fields": {
            "invoice": 17,
            "discount_code": 1,
            "item": 3,
            "quantity_purchased": 3,
            "item_total_price": 30
        }
    },
    {
        "model": "timelyapp.order",
        "pk": 93,
        "fields": {
            "invoice": 17,
            "discount_code": 1,
            "item": 1,
            "quantity_purchased": 8,
            "item_total_price": 80
        }
    },
    {
        "model": "timelyapp.order",
        "pk": 94,
        "fields": {
            "invoice": 17,
            "discount_code": 1,
            "item": 3,
            "quantity_purchased": 8,
            "item_total_price": 80
        }
    },
    {
        "model": "timelyapp.order",
        "pk": 95,
        "fields": {
            "invoice": 17,
            "discount_code": 1,
            "item": 2,
            "quantity_purchased": 4,
            "item_total_price": 80
        }
    },
    {
        "model": "timelyapp.order",
        "pk": 96,
        "fields": {
            "invoice": 17,
            "discount_code": 1,
            "item": 4,
            "quantity_purchased": 5,
            "item_total_price": 100
        }
    },
    {
        "model": "timelyapp.order",
        "pk": 97,
        "fields": {
            "invoice": 17,
            "discount_code": 1,
            "item": 4,
            "quantity_purchased": 8,
            "item_total_price": 160
        }
    },
    {
        "model": "timelyapp.invoice",
        "pk": 17,
        "fields": {
            "invoice_name": "FS21000017",
            "date_sent": "2021-06-03",
            "date_due": "2021-10-01",
            "bill_from": 4,
            "bill_to": 4,
            "terms": "NET120",
            "total_price": 790,
            "currency": "USD",
            "is_flagged": false,
            "is_scheduled": false,
            "is_paid": false
        }
    },
    {
        "model": "timelyapp.order",
        "pk": 98,
        "fields": {
            "invoice": 18,
            "discount_code": 1,
            "item": 3,
            "quantity_purchased": 8,
            "item_total_price": 80
        }
    },
    {
        "model": "timelyapp.order",
        "pk": 99,
        "fields": {
            "invoice": 18,
            "discount_code": 1,
            "item": 4,
            "quantity_purchased": 8,
            "item_total_price": 160
        }
    },
    {
        "model": "timelyapp.order",
        "pk": 100,
        "fields": {
            "invoice": 18,
            "discount_code": 1,
            "item": 2,
            "quantity_purchased": 5,
            "item_total_price": 100
        }
    },
    {
        "model": "timelyapp.order",
        "pk": 101,
        "fields": {
            "invoice": 18,
            "discount_code": 1,
            "item": 1,
            "quantity_purchased": 10,
            "item_total_price": 100
        }
    },
    {
        "model": "timelyapp.order",
        "pk": 102,
        "fields": {
            "invoice": 18,
            "discount_code": 1,
            "item": 2,
            "quantity_purchased": 9,
            "item_total_price": 180
        }
    },
    {
        "model": "timelyapp.order",
        "pk": 103,
        "fields": {
            "invoice": 18,
            "discount_code": 1,
            "item": 2,
            "quantity_purchased": 6,
            "item_total_price": 120
        }
    },
    {
        "model": "timelyapp.order",
        "pk": 104,
        "fields": {
            "invoice": 18,
            "discount_code": 1,
            "item": 1,
            "quantity_purchased": 8,
            "item_total_price": 80
        }
    },
    {
        "model": "timelyapp.order",
        "pk": 105,
        "fields": {
            "invoice": 18,
            "discount_code": 1,
            "item": 2,
            "quantity_purchased": 7,
            "item_total_price": 140
        }
    },
    {
        "model": "timelyapp.order",
        "pk": 106,
        "fields": {
            "invoice": 18,
            "discount_code": 1,
            "item": 1,
            "quantity_purchased": 8,
            "item_total_price": 80
        }
    },
    {
        "model": "timelyapp.order",
        "pk": 107,
        "fields": {
            "invoice": 18,
            "discount_code": 1,
            "item": 1,
            "quantity_purchased": 1,
            "item_total_price": 10
        }
    },
    {
        "model": "timelyapp.invoice",
        "pk": 18,
        "fields": {
            "invoice_name": "BA21000018",
            "date_sent": "2021-10-12",
            "date_due": null,
            "bill_from": 1,
            "bill_to": 3,
            "terms": "CIA",
            "total_price": 1050,
            "currency": "USD",
            "is_flagged": false,
            "is_scheduled": true,
            "is_paid": false
        }
    },
    {
        "model": "timelyapp.order",
        "pk": 108,
        "fields": {
            "invoice": 19,
            "discount_code": 1,
            "item": 4,
            "quantity_purchased": 5,
            "item_total_price": 100
        }
    },
    {
        "model": "timelyapp.order",
        "pk": 109,
        "fields": {
            "invoice": 19,
            "discount_code": 1,
            "item": 2,
            "quantity_purchased": 7,
            "item_total_price": 140
        }
    },
    {
        "model": "timelyapp.order",
        "pk": 110,
        "fields": {
            "invoice": 19,
            "discount_code": 1,
            "item": 3,
            "quantity_purchased": 10,
            "item_total_price": 100
        }
    },
    {
        "model": "timelyapp.order",
        "pk": 111,
        "fields": {
            "invoice": 19,
            "discount_code": 1,
            "item": 1,
            "quantity_purchased": 1,
            "item_total_price": 10
        }
    },
    {
        "model": "timelyapp.order",
        "pk": 112,
        "fields": {
            "invoice": 19,
            "discount_code": 1,
            "item": 4,
            "quantity_purchased": 2,
            "item_total_price": 40
        }
    },
    {
        "model": "timelyapp.order",
        "pk": 113,
        "fields": {
            "invoice": 19,
            "discount_code": 1,
            "item": 4,
            "quantity_purchased": 6,
            "item_total_price": 120
        }
    },
    {
        "model": "timelyapp.invoice",
        "pk": 19,
        "fields": {
            "invoice_name": "FS21000019",
            "date_sent": "2021-06-09",
            "date_due": "2021-07-09",
            "bill_from": 4,
            "bill_to": 3,
            "terms": "NET30",
            "total_price": 510,
            "currency": "USD",
            "is_flagged": false,
            "is_scheduled": false,
            "is_paid": false
        }
    },
    {
        "model": "timelyapp.order",
        "pk": 114,
        "fields": {
            "invoice": 20,
            "discount_code": 1,
            "item": 2,
            "quantity_purchased": 5,
            "item_total_price": 100
        }
    },
    {
        "model": "timelyapp.order",
        "pk": 115,
        "fields": {
            "invoice": 20,
            "discount_code": 1,
            "item": 3,
            "quantity_purchased": 4,
            "item_total_price": 40
        }
    },
    {
        "model": "timelyapp.order",
        "pk": 116,
        "fields": {
            "invoice": 20,
            "discount_code": 1,
            "item": 1,
            "quantity_purchased": 8,
            "item_total_price": 80
        }
    },
    {
        "model": "timelyapp.order",
        "pk": 117,
        "fields": {
            "invoice": 20,
            "discount_code": 1,
            "item": 4,
            "quantity_purchased": 2,
            "item_total_price": 40
        }
    },
    {
        "model": "timelyapp.order",
        "pk": 118,
        "fields": {
            "invoice": 20,
            "discount_code": 1,
            "item": 3,
            "quantity_purchased": 4,
            "item_total_price": 40
        }
    },
    {
        "model": "timelyapp.order",
        "pk": 119,
        "fields": {
            "invoice": 20,
            "discount_code": 1,
            "item": 3,
            "quantity_purchased": 2,
            "item_total_price": 20
        }
    },
    {
        "model": "timelyapp.invoice",
        "pk": 20,
        "fields": {
            "invoice_name": "FS21000020",
            "date_sent": "2021-06-28",
            "date_due": "2021-09-26",
            "bill_from": 4,
            "bill_to": 3,
            "terms": "NET90",
            "total_price": 320,
            "currency": "USD",
            "is_flagged": false,
            "is_scheduled": false,
            "is_paid": false
        }
    }
]